cf01_seed_id,canonical_search_key,source_origins,citation,title,year,doi,species,existing_egwee_programmes,identity_provenance,bibliographic_resolution_status,backward_citation_status,forward_citation_status,citation_expansion_cutoff,screening_status,outcome_opened
CF01S0001,CF01:P2_CF01_GPAIR_002,CF01_GPAIR_002,"Yineger, H., Schmidt, D.J., Hughes, J.M. (2014). Genetic structuring of remnant forest patches in an endangered medicinal tree in North-western Ethiopia. BMC Genetics 15:31.",Genetic structuring of remnant forest patches in an endangered medicinal tree in North-western Ethiopia,2014,10.1186/1471-2156-15-31,Prunus africana,P2_CF01_GPAIR_002,independent CF01 G-pair recovery absent from materialized SF04/SF05/SF06 identities,doi_present,pending,pending,2026-09-18,pending_uniform_CF01_bibliographic_expansion,no
CF01S0002,PRIMARY:PS002,PRIMARY:PS002,Pollen flow and effects of population structure on selfing rates and female and male reproductive success in fragmented Magnolia stellata populations (2013),Pollen flow and effects of population structure on selfing rates and female and male reproductive success in fragmented Magnolia stellata populations,2013,10.1186/1472-6785-13-10,Magnolia stellata,,eligible primary-study seed not represented in materialized SF04/SF05/SF06 identity ledger,doi_present,pending,pending,2026-09-18,pending_uniform_CF01_bibliographic_expansion,no
CF01S0003,PRIMARY:PS004,PRIMARY:PS004,Gone with the wind: Negative genetic and progeny fitness consequences of habitat fragmentation in the wind pollinated dioecious tree Brosimum alicastrum (2023),Gone with the wind: Negative genetic and progeny fitness consequences of habitat fragmentation in the wind pollinated dioecious tree Brosimum alicastrum,2023,10.1002/ajb2.16157,Brosimum alicastrum,,eligible primary-study seed not represented in materialized SF04/SF05/SF06 identity ledger,doi_present,pending,pending,2026-09-18,pending_uniform_CF01_bibliographic_expansion,no
CF01S0004,PRIMARY:PS005,PRIMARY:PS005,Pollination and reproductive success across volcanic damage on Miyake-jima (2008),Pollination and reproductive success across volcanic damage on Miyake-jima,2008,10.1007/s11284-007-0345-4,Camellia japonica,,eligible primary-study seed not represented in materialized SF04/SF05/SF06 identity ledger,doi_present,pending,pending,2026-09-18,pending_uniform_CF01_bibliographic_expansion,no
CF01S0005,PRIMARY:PS006,PRIMARY:PS006,Pollen flow and next-generation genetics across volcanic damage on Miyake-jima (2013),Pollen flow and next-generation genetics across volcanic damage on Miyake-jima,2013,10.1371/journal.pone.0062696,Camellia japonica,,eligible primary-study seed not represented in materialized SF04/SF05/SF06 identity ledger,doi_present,pending,pending,2026-09-18,pending_uniform_CF01_bibliographic_expansion,no
CF01S0006,PRIMARY:PS007,PRIMARY:PS007,Density-dependent pollinator activity and reproductive response in fragmented urban populations (2006),Density-dependent pollinator activity and reproductive response in fragmented urban populations,2006,10.1111/j.1469-8137.2006.01880.x,Crepis sancta,,eligible primary-study seed not represented in materialized SF04/SF05/SF06 identity ledger,doi_present,pending,pending,2026-09-18,pending_uniform_CF01_bibliographic_expansion,no
CF01S0007,PRIMARY:PS008,PRIMARY:PS008,Contemporary pollen and seed dispersal in fragmented urban patch networks (2013),Contemporary pollen and seed dispersal in fragmented urban patch networks,2013,10.1038/hdy.2013.3,Crepis sancta,,eligible primary-study seed not represented in materialized SF04/SF05/SF06 identity ledger,doi_present,pending,pending,2026-09-18,pending_uniform_CF01_bibliographic_expansion,no
CF01S0008,PRIMARY:PS010,PRIMARY:PS010,Adult genetic structure and historical habitat connectivity (2021),Adult genetic structure and historical habitat connectivity,2021,10.1007/s10531-021-02256-x,Conospermum undulatum,,eligible primary-study seed not represented in materialized SF04/SF05/SF06 identity ledger,doi_present,pending,pending,2026-09-18,pending_uniform_CF01_bibliographic_expansion,no
CF01S0009,PRIMARY:PS011,PRIMARY:PS011,Contemporary offspring paternity and pollen flow across fragmented versus continuous habitat (2026),Contemporary offspring paternity and pollen flow across fragmented versus continuous habitat,2026,10.1002/ece3.73406,Conospermum undulatum,,eligible primary-study seed not represented in materialized SF04/SF05/SF06 identity ledger,doi_present,pending,pending,2026-09-18,pending_uniform_CF01_bibliographic_expansion,no
CF01S0010,PRIMARY:PS014,PRIMARY:PS014,Habitat edges decrease plant reproductive output in fragmented landscapes (2025),Habitat edges decrease plant reproductive output in fragmented landscapes,2025,10.1111/1365-2745.14452,multiple_species,,eligible primary-study seed not represented in materialized SF04/SF05/SF06 identity ledger,doi_present,pending,pending,2026-09-18,pending_uniform_CF01_bibliographic_expansion,no
CF01S0011,PRIMARY:PS015,PRIMARY:PS015,Habitat fragmentation restricts insect pollinators and pollen quality in a threatened Proteaceae species (2020),Habitat fragmentation restricts insect pollinators and pollen quality in a threatened Proteaceae species,2020,10.1016/j.biocon.2020.108824,Conospermum undulatum,,eligible primary-study seed not represented in materialized SF04/SF05/SF06 identity ledger,doi_present,pending,pending,2026-09-18,pending_uniform_CF01_bibliographic_expansion,no
CF01S0012,PRIMARY:PS016,PRIMARY:PS016,"Small populations, big challenges: Genetic, demographic, and landscape context collectively shape population performance of a perennial herb (2025)","Small populations, big challenges: Genetic, demographic, and landscape context collectively shape population performance of a perennial herb",2025,10.1016/j.biocon.2025.111044,Primula elatior,,eligible primary-study seed not represented in materialized SF04/SF05/SF06 identity ledger,doi_present,pending,pending,2026-09-18,pending_uniform_CF01_bibliographic_expansion,no
CF01S0013,SF04:SF04R02,SF04:SF04R02,Cunha et al. (2011) Genetica 139: 1159-1168,,2011,,Dalbergia nigra,,materialized SF04/SF05/SF06 cross-frame canonical identity,citation_resolution_pending,pending,pending,2026-09-18,pending_uniform_CF01_bibliographic_expansion,no
CF01S0014,SF04:SF04R04,SF04:SF04R04,Chung & Nason (2007) Biological Conservation 137: 125-137,,2007,,Cymbidium goeringii,,materialized SF04/SF05/SF06 cross-frame canonical identity,citation_resolution_pending,pending,pending,2026-09-18,pending_uniform_CF01_bibliographic_expansion,no
CF01S0015,SF04:SF04R05,SF04:SF04R05,Souto & Premoli (2003) Botanical Bulletin Academia Sinica Taipei 44: 329-336,,2003,,Alstroemeria aurea,,materialized SF04/SF05/SF06 cross-frame canonical identity,citation_resolution_pending,pending,pending,2026-09-18,pending_uniform_CF01_bibliographic_expansion,no
CF01S0016,SF04:SF04R06,SF04:SF04R06,Farwig et al. (2008) Conservation Genetics 9: 317-326,,2008,,Prunus africana,P2_CF01_GPAIR_003,materialized SF04/SF05/SF06 cross-frame canonical identity,citation_resolution_pending,pending,pending,2026-09-18,pending_uniform_CF01_bibliographic_expansion,no
CF01S0017,SF04:SF04R07,SF04:SF04R07,Suni & Whiteley (2015) Conservation Genetics 16: 1431-1442,,2015,,ipomosis aggregata,,materialized SF04/SF05/SF06 cross-frame canonical identity,citation_resolution_pending,pending,pending,2026-09-18,pending_uniform_CF01_bibliographic_expansion,no
CF01S0018,SF04:SF04R08,SF04:SF04R08,Korshikov et al. (2015) Cytology and Genetics 49: 102-108,,2015,,Pinus brutia,,materialized SF04/SF05/SF06 cross-frame canonical identity,citation_resolution_pending,pending,pending,2026-09-18,pending_uniform_CF01_bibliographic_expansion,no
CF01S0019,SF04:SF04R09,SF04:SF04R09,Rymer et al. (2015) Heredity 115: 115-124,,2015,,Pachira quinata,,materialized SF04/SF05/SF06 cross-frame canonical identity,citation_resolution_pending,pending,pending,2026-09-18,pending_uniform_CF01_bibliographic_expansion,no
CF01S0020,SF04:SF04R10,SF04:SF04R10,Jump & Peñuelas (2006) Proceedings of the National Academy of Sciences USA 103: 8096-8100,,2006,,Fagus sylvatica,,materialized SF04/SF05/SF06 cross-frame canonical identity,citation_resolution_pending,pending,pending,2026-09-18,pending_uniform_CF01_bibliographic_expansion,no
CF01S0021,SF04:SF04R11,SF04:SF04R11,White & Powell (1997) Molecular Ecology 6: 851-860,,1997,,Swietenia humilis,,materialized SF04/SF05/SF06 cross-frame canonical identity,citation_resolution_pending,pending,pending,2026-09-18,pending_uniform_CF01_bibliographic_expansion,no
CF01S0022,SF04:SF04R12,SF04:SF04R12,Novick et al. (2003) Molecular Ecology 12: 2885-2893,,2003,,Swietenia macrophylla,,materialized SF04/SF05/SF06 cross-frame canonical identity,citation_resolution_pending,pending,pending,2026-09-18,pending_uniform_CF01_bibliographic_expansion,no
CF01S0023,SF04:SF04R13,SF04:SF04R13,Gómez-Fernández et al. (2016) Conservation Genetics 17: 631-641,,2016,,Lepidium subulatum,,materialized SF04/SF05/SF06 cross-frame canonical identity,citation_resolution_pending,pending,pending,2026-09-18,pending_uniform_CF01_bibliographic_expansion,no
CF01S0024,SF04:SF04R14,SF04:SF04R14,Addisalem et al. (2016) Forest Ecology and Management 360: 253-260,,2016,,Boswellia papyrifera,,materialized SF04/SF05/SF06 cross-frame canonical identity,citation_resolution_pending,pending,pending,2026-09-18,pending_uniform_CF01_bibliographic_expansion,no
CF01S0025,SF04:SF04R15,SF04:SF04R15,Li et al. (2015) Pakistan Journal of Botany 47: 2171-2179,,2015,,Sauvagesia rhodoleuca,,materialized SF04/SF05/SF06 cross-frame canonical identity,citation_resolution_pending,pending,pending,2026-09-18,pending_uniform_CF01_bibliographic_expansion,no
CF01S0026,SF04:SF04R16,SF04:SF04R16,Baucom et al. (2005) Conservation Genetics 6: 39-50,,2005,,Acer saccharum,,materialized SF04/SF05/SF06 cross-frame canonical identity,citation_resolution_pending,pending,pending,2026-09-18,pending_uniform_CF01_bibliographic_expansion,no
CF01S0027,SF04:SF04R17,SF04:SF04R17,Peñaloza-Ramírez et al. (2016) Revista Mexicana de Biodiversidad 87: 990-1001,,2016,,Chamaedorea alternans,,materialized SF04/SF05/SF06 cross-frame canonical identity,citation_resolution_pending,pending,pending,2026-09-18,pending_uniform_CF01_bibliographic_expansion,no
CF01S0028,SF04:SF04R19,SF04:SF04R19,Sujii et al. (2017) Biological Conservation 211: 110-116,,2017,,Centrolobium tomentosum,,materialized SF04/SF05/SF06 cross-frame canonical identity,citation_resolution_pending,pending,pending,2026-09-18,pending_uniform_CF01_bibliographic_expansion,no
CF01S0029,SF04:SF04R21,SF04:SF04R21,Millán-Aguilar et al. (2016) Forests 7: art197,,2016,,Avicennia germinans,,materialized SF04/SF05/SF06 cross-frame canonical identity,citation_resolution_pending,pending,pending,2026-09-18,pending_uniform_CF01_bibliographic_expansion,no
CF01S0030,SF04:SF04R22,SF04:SF04R22,Otao et al. (2016) Applications in Plant Sciences 4: art1500110,,2016,,Indigofera pseudotinctoria,,materialized SF04/SF05/SF06 cross-frame canonical identity,citation_resolution_pending,pending,pending,2026-09-18,pending_uniform_CF01_bibliographic_expansion,no
CF01S0031,SF04:SF04R23,SF04:SF04R23,Ahrens & James (2016) Conservation Genetics 17: 891-901,,2016,,Comesperma polygaloides,,materialized SF04/SF05/SF06 cross-frame canonical identity,citation_resolution_pending,pending,pending,2026-09-18,pending_uniform_CF01_bibliographic_expansion,no
CF01S0032,SF04:SF04R24,SF04:SF04R24,Lara-Romero et al. (2016) Heredity 116: 417-423,,2016,,Silene ciliata,,materialized SF04/SF05/SF06 cross-frame canonical identity,citation_resolution_pending,pending,pending,2026-09-18,pending_uniform_CF01_bibliographic_expansion,no
CF01S0033,SF04:SF04R25,SF04:SF04R25,Aavik et al. (2017) Biological Conservation 210: 125-135,,2017,,Rhinanthus osiliensis,,materialized SF04/SF05/SF06 cross-frame canonical identity,citation_resolution_pending,pending,pending,2026-09-18,pending_uniform_CF01_bibliographic_expansion,no
CF01S0034,SF04:SF04R26,SF04:SF04R26,Melo & Franceschinelli (2016) Journal of Tropical Ecology 32: 135-145,,2016,,Cabralea canjerana,,materialized SF04/SF05/SF06 cross-frame canonical identity,citation_resolution_pending,pending,pending,2026-09-18,pending_uniform_CF01_bibliographic_expansion,no
CF01S0035,SF04:SF04R27,SF04:SF04R27,Matesanz et al. (2017) Frontiers in Plant Science 8: art843,,2017,,Centaurea hyssopifolia,,materialized SF04/SF05/SF06 cross-frame canonical identity,citation_resolution_pending,pending,pending,2026-09-18,pending_uniform_CF01_bibliographic_expansion,no
CF01S0036,SF04:SF04R28,SF04:SF04R28,Suárez-Montes et al. (2016) PeerJ 4: e2764,,2016,,Aphelandra aurantiaca,,materialized SF04/SF05/SF06 cross-frame canonical identity,citation_resolution_pending,pending,pending,2026-09-18,pending_uniform_CF01_bibliographic_expansion,no
CF01S0037,SF04:SF04R29,SF04:SF04R29,Astuti et al. (2017) Nature Conservation 22: 169-190,,2017,,Cistus laurifolius,,materialized SF04/SF05/SF06 cross-frame canonical identity,citation_resolution_pending,pending,pending,2026-09-18,pending_uniform_CF01_bibliographic_expansion,no
CF01S0038,SF04:SF04R30,SF04:SF04R30,Bupp et al. (2017) Conservation Genetics 18: 77-88,,2017,,Lupinus aridorum,,materialized SF04/SF05/SF06 cross-frame canonical identity,citation_resolution_pending,pending,pending,2026-09-18,pending_uniform_CF01_bibliographic_expansion,no
CF01S0039,SF04:SF04R31,SF04:SF04R31,Crichton et al. (2016) Conservation Genetics 17: 547-556,,2016,,Melampyrum sylvaticum,,materialized SF04/SF05/SF06 cross-frame canonical identity,citation_resolution_pending,pending,pending,2026-09-18,pending_uniform_CF01_bibliographic_expansion,no
CF01S0040,SF04:SF04R32,SF04:SF04R32,Martínez-Natarén et al. (2017) Journal of Tropical Ecology 33: 285-294,,2017,,Manikara zapota,,materialized SF04/SF05/SF06 cross-frame canonical identity,citation_resolution_pending,pending,pending,2026-09-18,pending_uniform_CF01_bibliographic_expansion,no
CF01S0041,SF04:SF04R33,SF04:SF04R33,Shiga et al. (2017) Journal of Plant Research 130: 83-93,,2017,,Nuphar submersa,,materialized SF04/SF05/SF06 cross-frame canonical identity,citation_resolution_pending,pending,pending,2026-09-18,pending_uniform_CF01_bibliographic_expansion,no
CF01S0042,SF04:SF04R34,SF04:SF04R34,Stevens et al. (2015) New Zealand Journal of Ecology 39: 190-197,,2015,,Melicytus ramiflorus,,materialized SF04/SF05/SF06 cross-frame canonical identity,citation_resolution_pending,pending,pending,2026-09-18,pending_uniform_CF01_bibliographic_expansion,no
CF01S0043,SF04:SF04R36,SF04:SF04R36,White et al. (1999) Molecular Ecology 8: 1899-1909,,1999,,Swietenia humilis Zucc.,,materialized SF04/SF05/SF06 cross-frame canonical identity,citation_resolution_pending,pending,pending,2026-09-18,pending_uniform_CF01_bibliographic_expansion,no
CF01S0044,SF04:SF04R37,SF04:SF04R37,Tunaitiene et al. (2017) Biochemical Systematics and Ecology 70: 294-303,,2017,,Erigeron annuus,,materialized SF04/SF05/SF06 cross-frame canonical identity,citation_resolution_pending,pending,pending,2026-09-18,pending_uniform_CF01_bibliographic_expansion,no
CF01S0045,SF04:SF04R38,SF04:SF04R38,Heinicke et al. (2016) Flora 224: 42-49.,,2016,,Stipa pennata,,materialized SF04/SF05/SF06 cross-frame canonical identity,citation_resolution_pending,pending,pending,2026-09-18,pending_uniform_CF01_bibliographic_expansion,no
CF01S0046,SF05:1,SF05:1,"Beghé, D., Piotti, A., Satovic, Z., De La Rosa, R., Belaj, A., 2017. Pollen-mediated gene flow and fine-scale spatial genetic structure in Olea europaea subsp. europaea var. sylvestris. Ann. Bot. 119, 671–679. https://doi.org/10.1093/aob/mcw246",,2017,10.1093/aob/mcw246,Olea europaea spp europaea var sylvestris,,materialized SF04/SF05/SF06 cross-frame canonical identity,doi_present,pending,pending,2026-09-18,pending_uniform_CF01_bibliographic_expansion,no
CF01S0047,SF05:10,SF05:10,"Duminil, J., Mendene Abessolo, D.T., Ndiade Bourobou, D., Doucet, J.L., Loo, J., Hardy, O.J., 2016. High selfing rate, limited pollen dispersal and inbreeding depression in the emblematic African rain forest tree Baillonella toxisperma – Management implications. For. Ecol. Manage. 379, 20–29. https://doi.org/10.1016/j.foreco.2016.08.003",,2016,10.1016/j.foreco.2016.08.003,Baillonella toxisperma,,materialized SF04/SF05/SF06 cross-frame canonical identity,doi_present,pending,pending,2026-09-18,pending_uniform_CF01_bibliographic_expansion,no
CF01S0048,SF05:11,SF05:11,"Duminil, J., Daïnou, K., Kaviriri, D.K., Gillet, P., Loo, J., Doucet, J.L., Hardy, O.J., 2016. Relationships between population density, fine-scale genetic structure, mating system and pollen dispersal in a timber tree from African rainforests. Heredity (Edinb). 116, 295–303. https://doi.org/10.1038/hdy.2015.101",,2016,10.1038/hdy.2015.101,Erythrophleum suaveolens,,materialized SF04/SF05/SF06 cross-frame canonical identity,doi_present,pending,pending,2026-09-18,pending_uniform_CF01_bibliographic_expansion,no
CF01S0049,SF05:13,SF05:13,"Ganzhorn, S.M., Thomas, W.W., Gaiotto, F.A., Lewis, J.D., 2015. Spatial genetic structure of Manilkara maxima (Sapotaceae), a tree species from the Brazilian Atlantic forest. J. Trop. Ecol. 31, 437–447. https://doi.org/10.1017/S0266467415000292",,2015,10.1017/s0266467415000292,Manikara maxima,,materialized SF04/SF05/SF06 cross-frame canonical identity,doi_present,pending,pending,2026-09-18,pending_uniform_CF01_bibliographic_expansion,no
CF01S0050,SF05:15,SF05:15,"Hardy, O.J., Maggia, L., Bandou, E., Breyne, P., Caron, H., Chevallier, M.H., Doligez, A., Dutech, C., Kremer, A., Latouche-Hallé, C., Troispoux, V., Veron, V., Degen, B., 2006. Fine-scale genetic structure and gene dispersal inferences in 10 Neotropical tree species. Mol. Ecol. 15, 559–571. https://doi.org/10.1111/j.1365-294X.2005.02785.x",,2006,10.1111/j.1365-294x.2005.02785.x,Dycorynia guianensis; Moronobea coccinea; Sextonia rubra; Symphonia globulifera; Vouacapoua americana,,materialized SF04/SF05/SF06 cross-frame canonical identity,doi_present,pending,pending,2026-09-18,pending_uniform_CF01_bibliographic_expansion,no
CF01S0051,SF05:16,SF05:16,"Heer, K., Kalko, E.K.V., Albrecht, L., García-Villacorta, R., Staeps, F.C., Herre, E.A., Dick, C.W., 2015. Spatial scales of genetic structure in free-standing and strangler figs (Ficus, Moraceae) inhabiting neotropical forests. PLoS One 10, 1–18. https://doi.org/10.1371/journal.pone.0133581",,2015,10.1371/journal.pone.0133581,Ficus yoponensis,,materialized SF04/SF05/SF06 cross-frame canonical identity,doi_present,pending,pending,2026-09-18,pending_uniform_CF01_bibliographic_expansion,no
CF01S0052,SF05:17,SF05:17,"Jump, A.S., Rico, L., Coll, M., Peñuelas, J., 2012. Wide variation in spatial genetic structure between natural populations of the European beech (Fagus sylvatica) and its implications for SGS comparability. Heredity (Edinb). 108, 633–639. https://doi.org/10.1038/hdy.2012.1",,2012,10.1038/hdy.2012.1,Fagus sylvatica,,materialized SF04/SF05/SF06 cross-frame canonical identity,doi_present,pending,pending,2026-09-18,pending_uniform_CF01_bibliographic_expansion,no
CF01S0053,SF05:19,SF05:19,"Kyndt, T., Assogbadjo, A.E., Hardy, O.J., Kaka’Ï, R.G., Sinsin, B., Van Damme, P., Gheysen, G., 2009. Spatial genetic structuring of baobab (Adansonia digitata, Malvaceae) in the traditional agroforestry systems of west africa. Am. J. Bot. 96, 950–957. https://doi.org/10.3732/ajb.0800266",,2009,10.3732/ajb.0800266,Adansonia digitata,,materialized SF04/SF05/SF06 cross-frame canonical identity,doi_present,pending,pending,2026-09-18,pending_uniform_CF01_bibliographic_expansion,no
CF01S0054,SF05:2,SF05:2,"Berens, D.G., Braun, C., Gonzalez-Martinez, S.C., Griebeler, E.M., Nathan, R., Böhning-Gaese, K., 2014. Fine-scale spatial genetic dynamics over the life cycle of the tropical tree Prunus africana. Heredity (Edinb). 113, 401–407. https://doi.org/10.1038/hdy.2014.40",,2014,10.1038/hdy.2014.40,Prunus africana,,materialized SF04/SF05/SF06 cross-frame canonical identity,doi_present,pending,pending,2026-09-18,pending_uniform_CF01_bibliographic_expansion,no
CF01S0055,SF05:20,SF05:20,"Lemos, R.P.M., D’Oliveira, C.B., Stefenon, V.M., 2015. Genetic structure and internal gene flow in populations of Schinus molle (Anacardiaceae) in the Brazilian Pampa. Tree Genet. Genomes 11. https://doi.org/10.1007/s11295-015-0885-7",,2015,10.1007/s11295-015-0885-7,Schinus molle,,materialized SF04/SF05/SF06 cross-frame canonical identity,doi_present,pending,pending,2026-09-18,pending_uniform_CF01_bibliographic_expansion,no
CF01S0056,SF05:21,SF05:21,"Lind-Riehl, J., Gailing, O., 2015. Fine-scale spatial genetic structure of two red oak species, Quercus rubra and Quercus ellipsoidalis. Plant Syst. Evol. 301, 1601–1612. https://doi.org/10.1007/s00606-014-1173-y",,2015,10.1007/s00606-014-1173-y,Quercus ellipsoidalis; Quercus rubra,,materialized SF04/SF05/SF06 cross-frame canonical identity,doi_present,pending,pending,2026-09-18,pending_uniform_CF01_bibliographic_expansion,no
CF01S0057,SF05:22,SF05:22,"Mizuki, I., Ishida, K., Tani, N., Tsumura, Y., 2010. Fine-scale spatial structure of genets and sexes in the dioecious plant Dioscorea japonica, which disperses by both bulbils and seeds. Evol. Ecol. 24, 1399–1415. https://doi.org/10.1007/s10682-010-9396-z.",,2010,10.1007/s10682-010-9396-z,Dioscorea japonica,,materialized SF04/SF05/SF06 cross-frame canonical identity,doi_present,pending,pending,2026-09-18,pending_uniform_CF01_bibliographic_expansion,no
CF01S0058,SF05:23,SF05:23,"Nakagawa, M., 2010. Fine-scale genetic structure within plots of Polygala reinii (Polygalaceae) having an ant-dispersal seed. J. Plant Res. 123, 355–362. https://doi.org/10.1007/s10265-009-0276-y",,2010,10.1007/s10265-009-0276-y,Polygala reinii,,materialized SF04/SF05/SF06 cross-frame canonical identity,doi_present,pending,pending,2026-09-18,pending_uniform_CF01_bibliographic_expansion,no
CF01S0059,SF05:24,SF05:24,"Oddou-Muratorio, S., Demesure-Musch, B., Pélissier, R., Gouyon, P.H., 2004. Impacts of gene flow and logging history on the local genetic structure of a scattered tree species, Sorbus torminalis L. Crantz. Mol. Ecol. 13, 3689–3702. https://doi.org/10.1111/j.1365-294X.2004.02373.x",,2004,10.1111/j.1365-294x.2004.02373.x,Sorbus torminalis,,materialized SF04/SF05/SF06 cross-frame canonical identity,doi_present,pending,pending,2026-09-18,pending_uniform_CF01_bibliographic_expansion,no
CF01S0060,SF05:25,SF05:25,"Oddou-Muratorio, S., Bontemps, A., Klein, E.K., Chybicki, I., Vendramin, G.G., Suyama, Y., 2010. Comparison of direct and indirect genetic methods for estimating seed and pollen dispersal in Fagus sylvatica and Fagus crenata. For. Ecol. Manage. 259, 2151–2159. https://doi.org/10.1016/j.foreco.2010.03.001",,2010,10.1016/j.foreco.2010.03.001,Fagus crenata; Fagus sylvatica,,materialized SF04/SF05/SF06 cross-frame canonical identity,doi_present,pending,pending,2026-09-18,pending_uniform_CF01_bibliographic_expansion,no
CF01S0061,SF05:27,SF05:27,"Sant’Anna, C.S., Sebbenn, A.M., Klabunde, G.H.F., Bittencourt, R., Nodari, R.O., Mantovani, A., dos Reis, M.S., 2013. Realized pollen and seed dispersal within a continuous population of the dioecious coniferous Brazilian pine [Araucaria angustifolia (Bertol.) Kuntze]. Conserv. Genet. 14, 601–613. https://doi.org/10.1007/s10592-013-0451-5",,2013,10.1007/s10592-013-0451-5,Araucaria angustifolia,,materialized SF04/SF05/SF06 cross-frame canonical identity,doi_present,pending,pending,2026-09-18,pending_uniform_CF01_bibliographic_expansion,no
CF01S0062,SF05:28,SF05:28,"Schroeder, J.W., Tran, H.T., Dick, C.W., 2014. Fine scale spatial genetic structure in Pouteria reticulata (Engl.) Eyma (Sapotaceae), a dioecious, vertebrate dispersed tropical rain forest tree species. Glob. Ecol. Conserv. 1, 43–49. https://doi.org/10.1016/j.gecco.2014.07.002",,2014,10.1016/j.gecco.2014.07.002,Pouteria reticulata,,materialized SF04/SF05/SF06 cross-frame canonical identity,doi_present,pending,pending,2026-09-18,pending_uniform_CF01_bibliographic_expansion,no
CF01S0063,SF05:29,SF05:29,"Soto, A., Lorenzo, Z., Gil, L., 2007. Differences in fine-scale genetic structure and dispersal in Quercus ilex L. and Q. suber L.: Consequences for regeneration of mediterranean open woods. Heredity (Edinb). 99, 601–607. https://doi.org/10.1038/sj.hdy.6801007",,2007,10.1038/sj.hdy.6801007,Quercus ilex; Quercus suber,,materialized SF04/SF05/SF06 cross-frame canonical identity,doi_present,pending,pending,2026-09-18,pending_uniform_CF01_bibliographic_expansion,no
CF01S0064,SF05:30,SF05:30,"Theim, T.J., Shirk, R.Y., Givnish, T.J., 2014. Spatial genetic structure in four understory Psychotria species (Rubiaceae) and implications for tropical forest diversity. Am. J. Bot. 101, 1189–1199. https://doi.org/10.3732/ajb.1300460",,2014,10.3732/ajb.1300460,Psychothria horizontalis; Psychothria marginata; Psychotria acuminata; Psychotria hoffmannseggiana,,materialized SF04/SF05/SF06 cross-frame canonical identity,doi_present,pending,pending,2026-09-18,pending_uniform_CF01_bibliographic_expansion,no
CF01S0065,SF05:31,SF05:31,"Theim, T.J., Shirk, R.Y., Givnish, T.J., 2014. Spatial genetic structure in four understory Psychotria species (Rubiaceae) and implications for tropical forest diversity. Am. J. Bot. 101, 1189–1199. https://doi.org/10.3732/ajb.1300460",,2008,10.3732/ajb.1300460,Ceratiola ericoides,,materialized SF04/SF05/SF06 cross-frame canonical identity,doi_present,pending,pending,2026-09-18,pending_uniform_CF01_bibliographic_expansion,no
CF01S0066,SF05:32,SF05:32,"Wang, R., Compton, S.G., Chen, X.Y., 2011. Fragmentation can increase spatial genetic structure without decreasing pollen-mediated gene flow in a wind-pollinated tree. Mol. Ecol. 20, 4421–4432. https://doi.org/10.1111/j.1365-294X.2011.05293.x",,2011,10.1111/j.1365-294x.2011.05293.x,Castanopsis sclerophylla,,materialized SF04/SF05/SF06 cross-frame canonical identity,doi_present,pending,pending,2026-09-18,pending_uniform_CF01_bibliographic_expansion,no
CF01S0067,SF05:4,SF05:4,"Bizoux, J.P., Daïnou, K., Bourland, N., Hardy, O.J., Heuertz, M., Mahy, G., Doucet, J.L., 2009. Spatial genetic structure in Milicia excelsa (Moraceae) indicates extensive gene dispersal in a low-density wind-pollinated tropical tree. Mol. Ecol. 18, 4398–4408. https://doi.org/10.1111/j.1365-294X.2009.04365.x",,2009,10.1111/j.1365-294x.2009.04365.x,Milicia excelsa,,materialized SF04/SF05/SF06 cross-frame canonical identity,doi_present,pending,pending,2026-09-18,pending_uniform_CF01_bibliographic_expansion,no
CF01S0068,SF05:42,SF05:42,"Van Rossum, F., Triest, L., 2003. Spatial Genetic Structure and Reproductive Success in Fragmented and Continuous Populations of Primula vulgaris. Folia Geobot. 38, 239–254.",,2003,,Primula vulgaris,,materialized SF04/SF05/SF06 cross-frame canonical identity,citation_resolution_pending,pending,pending,2026-09-18,pending_uniform_CF01_bibliographic_expansion,no
CF01S0069,SF05:44,SF05:44,"Van Rossum, F., Triest, L., 2007. Fine-scale spatial genetic structure of the distylous Primula veris in fragmented habitats. Plant Biol. 9, 374–382. https://doi.org/10.1055/s-2006-924632",,2007,10.1055/s-2006-924632,Primula veris,,materialized SF04/SF05/SF06 cross-frame canonical identity,doi_present,pending,pending,2026-09-18,pending_uniform_CF01_bibliographic_expansion,no
CF01S0070,SF05:46,SF05:46,"Born, C., Hardy, O.J., Chevallier, M.H., Ossari, S., Attéké, C., Wickings, E.J., Hossaert-Mckey, M., 2008. Small-scale spatial genetic structure in the Central African rainforest tree species Aucoumea klaineana: A stepwise approach to infer the impact of limited gene dispersal, population history and habitat fragmentation. Mol. Ecol. 17, 2041–2050. https://doi.org/10.1111/j.1365-294X.2007.03685.x",,2008,10.1111/j.1365-294x.2007.03685.x,Aucoumea klaineana,,materialized SF04/SF05/SF06 cross-frame canonical identity,doi_present,pending,pending,2026-09-18,pending_uniform_CF01_bibliographic_expansion,no
CF01S0071,SF05:48,SF05:48,"Aizawa, M., Nakayama, C., Ohkubo, T., 2016. Comparison of fine-scale spatial genetic structure of two sympatric Rhododendron shrub species in forest habitat having different seed weights: A case study. Silvae Genet. 65, 39–45. https://doi.org/10.1515/sg-2016-0015",,2016,10.1515/sg-2016-0015,Rhododendron kaempferi; Rhodondendron semibarbatum,,materialized SF04/SF05/SF06 cross-frame canonical identity,doi_present,pending,pending,2026-09-18,pending_uniform_CF01_bibliographic_expansion,no
CF01S0072,SF05:49,SF05:49;PRIMARY:PS013,"Albaladejo, R.G., Guzmán, B., González-Martínez, S.C., Aparicio, A., 2012. Extensive pollen flow but few pollen donors and high reproductive variance in an extremely fragmented landscape. PLoS One 7, 1–9. https://doi.org/10.1371/journal.pone.0049012",Extensive Pollen Flow but Few Pollen Donors and High Reproductive Variance in an Extremely Fragmented Landscape,2012,10.1371/journal.pone.0049012,Pistacia lentiscus,ML009_PS013,materialized SF04/SF05/SF06 cross-frame canonical identity,doi_present,pending,pending,2026-09-18,pending_uniform_CF01_bibliographic_expansion,no
CF01S0073,SF05:51,SF05:51,"Araújo, M.R.G., Melo Júnior, A.F. de, Menezes, E.V., Brandão, M.M., Cota, L.G., Oliveira, D.A. de, Royo, V. de A., Vieira, F.A., 2017. Fine-scale spatial genetic structure and gene flow in Acrocomia aculeata (Arecaceae): Analysis in an overlapping generation. Biochem. Syst. Ecol. 71, 147–154. https://doi.org/10.1016/j.bse.2017.02.005",,2017,10.1016/j.bse.2017.02.005,Acrocomia aculeata,,materialized SF04/SF05/SF06 cross-frame canonical identity,doi_present,pending,pending,2026-09-18,pending_uniform_CF01_bibliographic_expansion,no
CF01S0074,SF05:52,SF05:52,"Bessega, C., Pometti, C.L., Ewens, M., Saidman, B.O., Vilardi, J.C., 2016. Fine-scale spatial genetic structure analysis in two Argentine populations of Prosopis alba (Mimosoideae) with different levels of ecological disturbance. Eur. J. For. Res. 135, 495–505. https://doi.org/10.1007/s10342-016-0948-9",,2016,10.1007/s10342-016-0948-9,Prosopis alba,,materialized SF04/SF05/SF06 cross-frame canonical identity,doi_present,pending,pending,2026-09-18,pending_uniform_CF01_bibliographic_expansion,no
CF01S0075,SF05:54,SF05:54,"Budde, K.B., González-Martínez, S.C., Navascués, M., Burgarella, C., Mosca, E., Lorenzo, Z., Zabal-Aguirre, M., Vendramin, G.G., Verdú, M., Pausas, J.G., Heuertz, M., 2017. Increased fire frequency promotes stronger spatial genetic structure and natural selection at regional and local scales in Pinus halepensis Mill. Ann. Bot. 119, 1061–1072. https://doi.org/10.1093/aob/mcw286",,2017,10.1093/aob/mcw286,Pinus halepensis,,materialized SF04/SF05/SF06 cross-frame canonical identity,doi_present,pending,pending,2026-09-18,pending_uniform_CF01_bibliographic_expansion,no
CF01S0076,SF05:56,SF05:56,"Buzatti, R.S. de O., Ribeiro, R.A., Filho, J.P. de L., Lovato, M.B., 2012. Fine-scale spatial genetic structure of Dalbergia nigra (Fabaceae), a threatened and endemic tree of the Brazilian Atlantic Forest. Genet. Mol. Biol. 35, 838–846. https://doi.org/10.1590/S1415-47572012005000066",,2012,10.1590/s1415-47572012005000066,Dalbergia nigra,,materialized SF04/SF05/SF06 cross-frame canonical identity,doi_present,pending,pending,2026-09-18,pending_uniform_CF01_bibliographic_expansion,no
CF01S0077,SF05:57,SF05:57,"Castilla, A.R., Garrote, P.J., ?ywiec, M., Calvo, G., Suárez-Esteban, A., Delibes, M., Godoy, J.A., Picó, F.X., Fedriani, J.M., 2019. Genetic rescue by distant trees mitigates qualitative pollen limitation imposed by fine-scale spatial genetic structure. Mol. Ecol. 28, 4363–4374. https://doi.org/10.1111/mec.15233",,2019,10.1111/mec.15233,Pyrus bourgaeana,,materialized SF04/SF05/SF06 cross-frame canonical identity,doi_present,pending,pending,2026-09-18,pending_uniform_CF01_bibliographic_expansion,no
CF01S0078,SF05:64,SF05:64,"Jacquemyn, H., Brys, R., Vandepitte, K., Honnay, O., Roldán-Ruiz, I., 2006. Fine-scale genetic structure of life history stages in the food-deceptive orchid Orchis purpurea. Mol. Ecol. 15, 2801–2808. https://doi.org/10.1111/j.1365-294X.2006.02978.x",,2006,10.1111/j.1365-294x.2006.02978.x,Orchis purpurea,,materialized SF04/SF05/SF06 cross-frame canonical identity,doi_present,pending,pending,2026-09-18,pending_uniform_CF01_bibliographic_expansion,no
CF01S0079,SF05:65,SF05:65,"Jacquemyn, H., Wiegand, T., Vandepitte, K., Brys, R., Roldán-Ruiz, I., Honnay, O., 2009. Multigenerational analysis of spatial structure in the terrestrial, food-deceptive orchid Orchis mascula. J. Ecol. 97, 206–216. https://doi.org/10.1111/j.1365-2745.2008.01464.x",,2009,10.1111/j.1365-2745.2008.01464.x,Orchis mascula,,materialized SF04/SF05/SF06 cross-frame canonical identity,doi_present,pending,pending,2026-09-18,pending_uniform_CF01_bibliographic_expansion,no
CF01S0080,SF05:66,SF05:66,"Jin, Z., Li, J., Liu, L., 2012. Fine-scale spatial genetic structure within age classes of the two fragmented populations of Sinocalycanthus chinensis Cheng et S.Y. Chang, an endangered plant species endemic to China. Biochem. Syst. Ecol. 43, 117–124. https://doi.org/10.1016/j.bse.2012.02.023.",,2012,10.1016/j.bse.2012.02.023,Sinocalucanthus chinensis,,materialized SF04/SF05/SF06 cross-frame canonical identity,doi_present,pending,pending,2026-09-18,pending_uniform_CF01_bibliographic_expansion,no
CF01S0081,SF05:67,SF05:67,"Yamagishi, H., Tomimatsu, H., Ohara, M., 2007. Fine-scale spatial genetic structure within continuous and fragmented populations of Trillium camschatcense. J. Hered. 98, 367–372. https://doi.org/10.1093/jhered/esm040",,2007,10.1093/jhered/esm040,Trillium camschatcense,,materialized SF04/SF05/SF06 cross-frame canonical identity,doi_present,pending,pending,2026-09-18,pending_uniform_CF01_bibliographic_expansion,no
CF01S0082,SF05:68,SF05:68,"Yao, X., Zhang, J., Ye, Q., Huang, H., 2011. Fine-scale spatial genetic structure and gene flow in a small, fragmented population of Sinojackia rehderiana (Styracaceae), an endangered tree species endemic to China. Plant Biol. 13, 401–410. https://doi.org/10.1111/j.1438-8677.2010.00361.x",,2011,10.1111/j.1438-8677.2010.00361.x,Sinojackia rehderiana,,materialized SF04/SF05/SF06 cross-frame canonical identity,doi_present,pending,pending,2026-09-18,pending_uniform_CF01_bibliographic_expansion,no
CF01S0083,SF05:69,SF05:69,"Chung, M.Y., Nason, J.D., Chung, M.G., 2007. Effects of population succession on demographic and genetic processes: Predictions and tests in the daylily Hemerocallis thunbergii (Liliaceae). Mol. Ecol. 16, 2816–2829. https://doi.org/10.1111/j.1365-294X.2007.03361.x",,2007,10.1111/j.1365-294x.2007.03361.x,Hemerocallis thunbergii,,materialized SF04/SF05/SF06 cross-frame canonical identity,doi_present,pending,pending,2026-09-18,pending_uniform_CF01_bibliographic_expansion,no
CF01S0084,SF05:70,SF05:70,"Chybicki, I.J., Trojankiewicz, M., Oleksa, A., Dzialuk, A., Burczyk, J., 2009. Isolation-by-distance within naturally established populations of European beech (Fagus sylvatica). Botany 87, 791–798. https://doi.org/10.1139/B09-049.",,2010,10.1139/b09-049,Fagus sylvatica,,materialized SF04/SF05/SF06 cross-frame canonical identity,doi_present,pending,pending,2026-09-18,pending_uniform_CF01_bibliographic_expansion,no
CF01S0085,SF05:71,SF05:71,"Côrtes, M.C., Uriarte, M., Lemes, M.R., Gribel, R., John Kress, W., Smouse, P.E., Bruna, E.M., 2013. Low plant density enhances gene dispersal in the Amazonian understory herb Heliconia acuminata. Mol. Ecol. 22, 5716–5729. https://doi.org/10.1111/mec.12495",,2013,10.1111/mec.12495,Heliconia acuminata,P2_SF05_71,materialized SF04/SF05/SF06 cross-frame canonical identity,doi_present,pending,pending,2026-09-18,pending_uniform_CF01_bibliographic_expansion,no
CF01S0086,SF05:73,SF05:73,"Dering, M., Sękiewicz, K., Iszkuło, G., Chojnacka, A., Tomaszewski, D., Pers-Kamczyc, E., Karolewski, P., 2018. Spatial genetic structure and clonal structure of Prunus serotina during invasive spread. Silva Fenn. 52, 1–21. https://doi.org/10.14214/sf.9987",,2018,10.14214/sf.9987,Prunus serotina,,materialized SF04/SF05/SF06 cross-frame canonical identity,doi_present,pending,pending,2026-09-18,pending_uniform_CF01_bibliographic_expansion,no
CF01S0087,SF05:74,SF05:74,"Gigant, R.L., De Bruyn, A., M’sa, T., Viscardi, G., Gigord, L., Gauvin-Bialecki, A., Pailler, T., Humeau, L., Grisoni, M., Besse, P., 2016. Combining pollination ecology and fine-scale spatial genetic structure analysis to unravel the reproductive strategy of an insular threatened orchid. South African J. Bot. 105, 25–35. https://doi.org/10.1016/j.sajb.2016.02.205",,2016,10.1016/j.sajb.2016.02.205,Vanilla humblotii,,materialized SF04/SF05/SF06 cross-frame canonical identity,doi_present,pending,pending,2026-09-18,pending_uniform_CF01_bibliographic_expansion,no
CF01S0088,SF05:76,SF05:76,"Ismail, S.A., Ghazoul, J., Ravikanth, G., Uma Shaanker, R., Kushalappa, C.G., Kettle, C.J., 2012. Does long-distance pollen dispersal preclude inbreeding in tropical trees? Fragmentation genetics of Dysoxylum malabaricum in an agro-forest landscape. Mol. Ecol. 21, 5484–5496. https://doi.org/10.1111/mec.12054",,2012,10.1111/mec.12054,Dysoxylum malabaricum,,materialized SF04/SF05/SF06 cross-frame canonical identity,doi_present,pending,pending,2026-09-18,pending_uniform_CF01_bibliographic_expansion,no
CF01S0089,SF05:77,SF05:77,"Pandey, M., Rajora, O.P., 2012. Higher fine-scale genetic structure in peripheral than in core populations of a long-lived and mixed-mating conifer - Eastern white cedar (Thuja occidentalis L.). BMC Evol. Biol. 12. https://doi.org/10.1186/1471-2148-12-48",,2012,10.1186/1471-2148-12-48,Thuja occidentalis,,materialized SF04/SF05/SF06 cross-frame canonical identity,doi_present,pending,pending,2026-09-18,pending_uniform_CF01_bibliographic_expansion,no
CF01S0090,SF05:79,SF05:79,"Pometti, C., Bessega, C., Cialdella, A., Ewens, M., Saidman, B., Vilardi, J., 2018. Spatial genetic structure within populations and management implications of the South American species Acacia aroma (Fabaceae). PLoS One 13, 1–14. https://doi.org/10.1371/journal.pone.0192107",,2018,10.1371/journal.pone.0192107,Acacia aroma,,materialized SF04/SF05/SF06 cross-frame canonical identity,doi_present,pending,pending,2026-09-18,pending_uniform_CF01_bibliographic_expansion,no
CF01S0091,SF05:8,SF05:8,"Cloutier, D., Hardy, O.J., Caron, H., Ciampi, A.Y., Degen, B., Kanashiro, M., Schoen, D.J., 2007. Low Inbreeding and High Pollen Dispersal Distances in Populations of Two Amazonian Forest Tree Species. Biotropica 39, 406–415. https://doi.org/10.1111/j.1744-7429.2007.00266.x",,2007,10.1111/j.1744-7429.2007.00266.x,Carapa guianensis; Sextonia rubra,,materialized SF04/SF05/SF06 cross-frame canonical identity,doi_present,pending,pending,2026-09-18,pending_uniform_CF01_bibliographic_expansion,no
CF01S0092,SF05:80,SF05:80,"Vaughan, S.P., Cottrell, J.E., Moodley, D.J., Connolly, T., Russell, K., 2007. Distribution and fine-scale spatial-genetic structure in British wild cherry (Prunus avium L.). Heredity (Edinb). 98, 274–283. https://doi.org/10.1038/sj.hdy.6800935",,2007,10.1038/sj.hdy.6800935,Prunus avium,,materialized SF04/SF05/SF06 cross-frame canonical identity,doi_present,pending,pending,2026-09-18,pending_uniform_CF01_bibliographic_expansion,no
CF01S0093,SF05:82,SF05:82,"Morgan, E.J., Kaiser-Bunbury, C.N., Edwards, P.J., Fleischer-Dogley, F., Kettle, C.J., 2017. Keeping it in the family: strong fine-scale genetic structure and inbreeding in Lodoicea maldivica, the largest-seeded plant in the world. Conserv. Genet. 18, 1317–1329. https://doi.org/10.1007/s10592-017-0982-2 | Morgan, E.J., Kaiser-Bunbury, C.N., Edwards, P.J., Fleischer-Dogley, F., Kettle, C.J., 2017. Keeping it in the family: strong fine-scale genetic structure and inbreeding in Lodoicea maldivica, the largest-seeded plant in the world. Conserv. Genet. 18, 1317–1329. https://doi.org/10.1007/s10592-017-0982-3 | Morgan, E.J., Kaiser-Bunbury, C.N., Edwards, P.J., Fleischer-Dogley, F., Kettle, C.J., 2017. Keeping it in the family: strong fine-scale genetic structure and inbreeding in Lodoicea maldivica, the largest-seeded plant in the world. Conserv. Genet. 18, 1317–1329. https://doi.org/10.1007/s10592-017-0982-4 | Morgan, E.J., Kaiser-Bunbury, C.N., Edwards, P.J., Fleischer-Dogley, F., Kettle, C.J., 2017. Keeping it in the family: strong fine-scale genetic structure and inbreeding in Lodoicea maldivica, the largest-seeded plant in the world. Conserv. Genet. 18, 1317–1329. https://doi.org/10.1007/s10592-017-0982-5",,2017,10.1007/s10592-017-0982-2 | 10.1007/s10592-017-0982-3 | 10.1007/s10592-017-0982-4 | 10.1007/s10592-017-0982-5,Lodoicea maldivica,,materialized SF04/SF05/SF06 cross-frame canonical identity,doi_present,pending,pending,2026-09-18,pending_uniform_CF01_bibliographic_expansion,no
CF01S0094,SF05:83,SF05:83,"Browne, L., Karubian, J., 2018. Habitat loss and fragmentation reduce effective gene flow by disrupting seed dispersal in a neotropical palm. Mol. Ecol. 27, 3055–3069. https://doi.org/10.1111/mec.14765",,2018,10.1111/mec.14765,Oenocarpus bataua,,materialized SF04/SF05/SF06 cross-frame canonical identity,doi_present,pending,pending,2026-09-18,pending_uniform_CF01_bibliographic_expansion,no
CF01S0095,SF05:84,SF05:84,"Mathiasen, P., Premoli, A.C., 2013. Fine-scale genetic structure of Nothofagus pumilio (lenga) at contrasting elevations of the altitudinal gradient. Genetica 141, 95–105. https://doi.org/10.1007/s10709-013-9709-6",,2013,10.1007/s10709-013-9709-6,Nothofagus pumilio,,materialized SF04/SF05/SF06 cross-frame canonical identity,doi_present,pending,pending,2026-09-18,pending_uniform_CF01_bibliographic_expansion,no
CF01S0096,SF05:85,SF05:85,"Monthe, F.K., Hardy, O.J., Doucet, J.L., Loo, J., Duminil, J., 2017. Extensive seed and pollen dispersal and assortative mating in the rain forest tree Entandrophragma cylindricum (Meliaceae) inferred from indirect and direct analyses. Mol. Ecol. 26, 5279–5291. https://doi.org/10.1111/mec.14241",,2017,10.1111/mec.14241,Entandrophragma cylindricum,,materialized SF04/SF05/SF06 cross-frame canonical identity,doi_present,pending,pending,2026-09-18,pending_uniform_CF01_bibliographic_expansion,no
CF01S0097,SF05:86,SF05:86,"Raabová, J., Van Rossum, F., Jacquemart, A.L., Raspé, O., 2015. Population size affects genetic diversity and fine-scale spatial genetic structure in the clonal distylous herb Menyanthes trifoliata. Perspect. Plant Ecol. Evol. Syst. 17, 193–200. https://doi.org/10.1016/j.ppees.2015.02.005",,2015,10.1016/j.ppees.2015.02.005,Menyanthes trifoliata,,materialized SF04/SF05/SF06 cross-frame canonical identity,doi_present,pending,pending,2026-09-18,pending_uniform_CF01_bibliographic_expansion,no
CF01S0098,SF05:87,SF05:87,"Octavio-Aguilar, P., Iglesias-Andreu, L.G., de Cáceres-González, F.F.N., Galván-Hernández, D.M., 2017. Fine-scale genetic structure of Zamia furfuracea: Variation with life-cycle stages. Int. J. Plant Sci. 178, 57–66. https://doi.org/10.1086/689200",,2017,10.1086/689200,Zamia furfuraceae,,materialized SF04/SF05/SF06 cross-frame canonical identity,doi_present,pending,pending,2026-09-18,pending_uniform_CF01_bibliographic_expansion,no
CF01S0099,SF05:88,SF05:88,"Xu, N., Jiang, K., Biswas, S.R., Tong, X., Wang, R., Chen, X., 2019. Clone Configuration and Spatial Genetic Structure of Two Halophila ovalis Populations With Contrasting Internode Lengths. Front. Ecol. Evol. 7, 1–13. https://doi.org/10.3389/fevo.2019.00170",,2019,10.3389/fevo.2019.00170,Halophila ovalis,,materialized SF04/SF05/SF06 cross-frame canonical identity,doi_present,pending,pending,2026-09-18,pending_uniform_CF01_bibliographic_expansion,no
CF01S0100,SF05:9,SF05:9,"Dodd, R.S., Mayer, W., Nettel, A., Afzal-Rafii, Z., 2013. Clonal growth and fine-scale genetic structure in tanoak (Notholithocarpus densiflorus: Fagaceae). J. Hered. 104, 105–114. https://doi.org/10.1093/jhered/ess080",,2013,10.1093/jhered/ess080,Notholithocarpus densiflorus,,materialized SF04/SF05/SF06 cross-frame canonical identity,doi_present,pending,pending,2026-09-18,pending_uniform_CF01_bibliographic_expansion,no
CF01S0101,SF05:90,SF05:90,"Zuo, W., Song, W., Jin, Z., Li, J., 2015. Fine-scale spatial genetic structure of Glechoma longituba. Shengtai Xuebao/ Acta Ecol. Sin. 35, 5761–5768. https://doi.org/10.5846/stxb201312223001",,2015,10.5846/stxb201312223001,Glechoma longituba,,materialized SF04/SF05/SF06 cross-frame canonical identity,doi_present,pending,pending,2026-09-18,pending_uniform_CF01_bibliographic_expansion,no
CF01S0102,SF05:91,SF05:91,"Vandepitte, K., Roldán-Ruiz, I., Leus, L., Jacquemyn, H., Honnay, O., 2009. Canopy closure shapes clonal diversity and fine-scale genetic structure in the dioecious understorey perennial Mercurialis perennis. J. Ecol. 97, 404–414. https://doi.org/10.1111/j.1365-2745.2009.01484.x",,2009,10.1111/j.1365-2745.2009.01484.x,Mercurialis perennis,,materialized SF04/SF05/SF06 cross-frame canonical identity,doi_present,pending,pending,2026-09-18,pending_uniform_CF01_bibliographic_expansion,no
CF01S0103,SF05:92,SF05:92,"Jin, Y., He, T., Lu, B.R., 2006. Genetic spatial clustering: Significant implications for conservation of wild soybean (Glycine soja: Fabaceae). Genetica 128, 41–49. https://doi.org/10.1007/s10709-005-4823-8",,2006,10.1007/s10709-005-4823-8,Glycine soja,,materialized SF04/SF05/SF06 cross-frame canonical identity,doi_present,pending,pending,2026-09-18,pending_uniform_CF01_bibliographic_expansion,no
CF01S0104,SF05:94,SF05:94,"Kettle, C.J., Hollingsworth, P.M., Burslem, D.F.R.P., Maycock, C.R., Khoo, E., Ghazoul, J., 2011. Determinants of fine-scale spatial genetic structure in three co-occurring rain forest canopy trees in Borneo. Perspect. Plant Ecol. Evol. Syst. 13, 47–56. https://doi.org/10.1016/j.ppees.2010.11.002",,2011,10.1016/j.ppees.2010.11.002,Parashorea tomentella; Shorea xanthophylla,,materialized SF04/SF05/SF06 cross-frame canonical identity,doi_present,pending,pending,2026-09-18,pending_uniform_CF01_bibliographic_expansion,no
CF01S0105,SF05:96,SF05:96,"Ayre, D., Ottewell, K., Krauss, S., Whelan, RJ. 2009. Genetic structure of seedling cohorts following repeated wildfires in the fire-sensitive shrub Persoonia mollis ssp nectens. Journal of Ecology 97(4): 752-760. https://doi.org/10.1111/j.1365-2745.2009.01516.x",,2009,10.1111/j.1365-2745.2009.01516.x,Persoonia mollis ssp nectens,,materialized SF04/SF05/SF06 cross-frame canonical identity,doi_present,pending,pending,2026-09-18,pending_uniform_CF01_bibliographic_expansion,no
CF01S0106,SF06:SF06P001,SF06:SF06P001,Abrahamczyk et al. (2021) Plant Ecology 222:613- 623,,2021,,Centaurea_scabiosa,,materialized SF04/SF05/SF06 cross-frame canonical identity,citation_resolution_pending,pending,pending,2026-09-18,pending_uniform_CF01_bibliographic_expansion,no
CF01S0107,SF06:SF06P002,SF06:SF06P002,Adriaens et al. (2009) Acta Oecologica 35:69- 82,,2009,,Colchicum_autumnale,,materialized SF04/SF05/SF06 cross-frame canonical identity,citation_resolution_pending,pending,pending,2026-09-18,pending_uniform_CF01_bibliographic_expansion,no
CF01S0108,SF06:SF06P003,SF06:SF06P003,Aguilar & Galetto (2004) Oecologia 138:513- 520,,2004,,Cestrum_parqui,,materialized SF04/SF05/SF06 cross-frame canonical identity,citation_resolution_pending,pending,pending,2026-09-18,pending_uniform_CF01_bibliographic_expansion,no
CF01S0109,SF06:SF06P004,SF06:SF06P004,"Aguilar (2005) PhD Thesis, National University of Córdoba Pp. 1- 169",,2005,,Cestrum_parqui; Dicliptera_squarrosa; Geoffroea_decorticans; Heimia_salicifolia; Ipomoea_purpurea; Lycium_cestroides; Mandevilla_laxa; Mandevilla_pentlandiana; Porlieria_microphylla; Solanum_chenopodioides; Talinum_paniculatum; Vachellia_caven,,materialized SF04/SF05/SF06 cross-frame canonical identity,citation_resolution_pending,pending,pending,2026-09-18,pending_uniform_CF01_bibliographic_expansion,no
CF01S0110,SF06:SF06P005,SF06:SF06P005,Aguilar et al. (2012) Biological Conservation 152:81- 89,,2012,,Neltuma_caldenia,,materialized SF04/SF05/SF06 cross-frame canonical identity,citation_resolution_pending,pending,pending,2026-09-18,pending_uniform_CF01_bibliographic_expansion,no
CF01S0111,SF06:SF06P006,SF06:SF06P006,Ahmed et al. (2009) PNAS 106:20342- 20347,,2009,,Ficus_sycomorus,,materialized SF04/SF05/SF06 cross-frame canonical identity,citation_resolution_pending,pending,pending,2026-09-18,pending_uniform_CF01_bibliographic_expansion,no
CF01S0112,SF06:SF06P007,SF06:SF06P007;PRIMARY:PS022,Aizen & Feinsinger (1994) Ecology 75:330- 351,"Forest Fragmentation, Pollination, and Plant Reproduction in a Chaco Dry Forest, Argentina",1994,10.2307/1939538,Erythrostemon_gilliesii; Justicia_squarrosa; Lepismium_lumbricoides; Ligaria_cuneifolia; Mimosa_detinens; Neltuma_nigra; Opuntia_quimilo; Parkinsonia_praecox; Portulaca_umbraticola; Senegalia_praecox; Senna_aphylla; Tillandsia_ixioides; Vachellia_aroma; Vachellia_atramentaria; Vachellia_furcatispina; Vachellia_praecox; Atamisquea emarginata; Cercidium australe; Prosopis nigra,ML020,materialized SF04/SF05/SF06 cross-frame canonical identity,doi_present,pending,pending,2026-09-18,pending_uniform_CF01_bibliographic_expansion,no
CF01S0113,SF06:SF06P008,SF06:SF06P008,Albrecht et al. (2007) Journal of Applied Ecology 44:813- 822,,2007,,Campanula_glomerata; Hypochaeris_radicata; Raphanus_raphanistrum; Raphanus_raphanistrum_subsp._sativus,,materialized SF04/SF05/SF06 cross-frame canonical identity,citation_resolution_pending,pending,pending,2026-09-18,pending_uniform_CF01_bibliographic_expansion,no
CF01S0114,SF06:SF06P009,SF06:SF06P009,Albrecht et al. (2009) PLoS One 4:e6751,,2009,,Centaurea_jacea,,materialized SF04/SF05/SF06 cross-frame canonical identity,citation_resolution_pending,pending,pending,2026-09-18,pending_uniform_CF01_bibliographic_expansion,no
CF01S0115,SF06:SF06P010,SF06:SF06P010,Angoh et al. (2021) South African Journal of Botany 141:196- 199,,2021,,Erica_discolor,,materialized SF04/SF05/SF06 cross-frame canonical identity,citation_resolution_pending,pending,pending,2026-09-18,pending_uniform_CF01_bibliographic_expansion,no
CF01S0116,SF06:SF06P011,SF06:SF06P011,Ballesteros et al. (2013) Oryx 47:199- 202,,2013,,Ononis_tridentata,,materialized SF04/SF05/SF06 cross-frame canonical identity,citation_resolution_pending,pending,pending,2026-09-18,pending_uniform_CF01_bibliographic_expansion,no
CF01S0117,SF06:SF06P012,SF06:SF06P012,Barreto et al. (2018) Botanical Journal of the Linnean Society 187:319- 326,,2018,,Justicia_aequilabris,,materialized SF04/SF05/SF06 cross-frame canonical identity,citation_resolution_pending,pending,pending,2026-09-18,pending_uniform_CF01_bibliographic_expansion,no
CF01S0118,SF06:SF06P014,SF06:SF06P014,Berjano et al. (2013) Journal for Nature Conservation 21:334- 341,,2013,,Convolvulus_lineatus,,materialized SF04/SF05/SF06 cross-frame canonical identity,citation_resolution_pending,pending,pending,2026-09-18,pending_uniform_CF01_bibliographic_expansion,no
CF01S0119,SF06:SF06P015,SF06:SF06P015,Bigger (1999) Nat Areas Journal 19:239- 244,,1999,,Sericocarpus_rigidus,,materialized SF04/SF05/SF06 cross-frame canonical identity,citation_resolution_pending,pending,pending,2026-09-18,pending_uniform_CF01_bibliographic_expansion,no
CF01S0120,SF06:SF06P016,SF06:SF06P016,Bizoux et al. (2008) Plant Biology 10:684- 693,,2008,,Viola_lutea_subsp._calaminaria,,materialized SF04/SF05/SF06 cross-frame canonical identity,citation_resolution_pending,pending,pending,2026-09-18,pending_uniform_CF01_bibliographic_expansion,no
CF01S0121,SF06:SF06P017,SF06:SF06P017,Bosch et al. (2002) Biol J Linn Soc 76:79- 90,,2002,,Petrocoptis_montsicciana,,materialized SF04/SF05/SF06 cross-frame canonical identity,citation_resolution_pending,pending,pending,2026-09-18,pending_uniform_CF01_bibliographic_expansion,no
CF01S0122,SF06:SF06P018,SF06:SF06P018,Bossuyt (2007) Conservation Biology 21:832- 841,,2007,,Parnassia_palustris,,materialized SF04/SF05/SF06 cross-frame canonical identity,citation_resolution_pending,pending,pending,2026-09-18,pending_uniform_CF01_bibliographic_expansion,no
CF01S0123,SF06:SF06P019,SF06:SF06P019,Braun et al. (2012) Journal of Tropical Ecology 28:353- 359,,2012,,Paypayrola_blanchetiana,,materialized SF04/SF05/SF06 cross-frame canonical identity,citation_resolution_pending,pending,pending,2026-09-18,pending_uniform_CF01_bibliographic_expansion,no
CF01S0124,SF06:SF06P020,SF06:SF06P020,Breed et al. (2012) Ecology Letters 15:444- 452,,2012,,Swietenia_macrophylla,,materialized SF04/SF05/SF06 cross-frame canonical identity,citation_resolution_pending,pending,pending,2026-09-18,pending_uniform_CF01_bibliographic_expansion,no
CF01S0125,SF06:SF06P021,SF06:SF06P021;PRIMARY:PS020,Breed et al. (2012) Molecular Ecology 21:5955- 5968,Pollen diversity matters: revealing the neglected effect of pollen diversity on fitness in fragmented landscapes,2012,10.1111/mec.12056,Eucalyptus_socialis; Eucalyptus socialis,ML014,materialized SF04/SF05/SF06 cross-frame canonical identity,doi_present,pending,pending,2026-09-18,pending_uniform_CF01_bibliographic_expansion,no
CF01S0126,SF06:SF06P022,SF06:SF06P022,Breed et al. (2013) Heredity 115:108- 114,,2013,,Eucalyptus_gracilis; Eucalyptus_incrassata,,materialized SF04/SF05/SF06 cross-frame canonical identity,citation_resolution_pending,pending,pending,2026-09-18,pending_uniform_CF01_bibliographic_expansion,no
CF01S0127,SF06:SF06P023,SF06:SF06P023,Bruna & Kress (2002) Cons Biol 16:1256- 1266,,2002,,Heliconia_acuminata,,materialized SF04/SF05/SF06 cross-frame canonical identity,citation_resolution_pending,pending,pending,2026-09-18,pending_uniform_CF01_bibliographic_expansion,no
CF01S0128,SF06:SF06P024,SF06:SF06P024,Brys et al. (2003) Acta Oecologica 24:247- 253,,2003,,Primula_veris,,materialized SF04/SF05/SF06 cross-frame canonical identity,citation_resolution_pending,pending,pending,2026-09-18,pending_uniform_CF01_bibliographic_expansion,no
CF01S0129,SF06:SF06P025,SF06:SF06P025,Brys et al. (2004) Journal of Ecology 92: 5- 14,,2004,,Primula_vulgaris,,materialized SF04/SF05/SF06 cross-frame canonical identity,citation_resolution_pending,pending,pending,2026-09-18,pending_uniform_CF01_bibliographic_expansion,no
CF01S0130,SF06:SF06P026,SF06:SF06P026,Brys et al. (2008) Botanical Journal of the Linnean Society 157:713- 721,,2008,,Listera_ovata; Neottia_ovata,,materialized SF04/SF05/SF06 cross-frame canonical identity,citation_resolution_pending,pending,pending,2026-09-18,pending_uniform_CF01_bibliographic_expansion,no
CF01S0131,SF06:SF06P027,SF06:SF06P027,Brys et al. (2008) Journal of Evolutionary Biology 21:1281- 1289,,2008,,Pulmonaria_officinalis,,materialized SF04/SF05/SF06 cross-frame canonical identity,citation_resolution_pending,pending,pending,2026-09-18,pending_uniform_CF01_bibliographic_expansion,no
CF01S0132,SF06:SF06P028,SF06:SF06P028,Brys et al. (2011) American Journal of Botany 98:1834- 1840,,2011,,Centaurium_erythraea,,materialized SF04/SF05/SF06 cross-frame canonical identity,citation_resolution_pending,pending,pending,2026-09-18,pending_uniform_CF01_bibliographic_expansion,no
CF01S0133,SF06:SF06P029,SF06:SF06P029,Brzosko et al. (2017) Acta Agrobotanica 70.1,,2017,,Cypripedium_calceolus,,materialized SF04/SF05/SF06 cross-frame canonical identity,citation_resolution_pending,pending,pending,2026-09-18,pending_uniform_CF01_bibliographic_expansion,no
CF01S0134,SF06:SF06P030,SF06:SF06P030,Burgess et al. (2006) New Zealand Journal of Ecology 179- 190,,2006,,Peraxilla_tetrapetala,,materialized SF04/SF05/SF06 cross-frame canonical identity,citation_resolution_pending,pending,pending,2026-09-18,pending_uniform_CF01_bibliographic_expansion,no
CF01S0135,SF06:SF06P031,SF06:SF06P031,Burgos et al. (2008) Forest Ecology and Management 255:1226- 1233,,2008,,Nothofagus_glauca,,materialized SF04/SF05/SF06 cross-frame canonical identity,citation_resolution_pending,pending,pending,2026-09-18,pending_uniform_CF01_bibliographic_expansion,no
CF01S0136,SF06:SF06P032,SF06:SF06P032,Butcher et al. (2005) Conservation Genetics 6:213- 226,,2005,,Eucalyptus_benthamii,,materialized SF04/SF05/SF06 cross-frame canonical identity,citation_resolution_pending,pending,pending,2026-09-18,pending_uniform_CF01_bibliographic_expansion,no
CF01S0137,SF06:SF06P033,SF06:SF06P033,Butcher et al. (2011) Conservation Genetics 12:1603- 1618,,2011,,Tetratheca_paynterae,,materialized SF04/SF05/SF06 cross-frame canonical identity,citation_resolution_pending,pending,pending,2026-09-18,pending_uniform_CF01_bibliographic_expansion,no
CF01S0138,SF06:SF06P034,SF06:SF06P034,Byers (2020) Plant Biology 22:137- 145,,2020,,Lobelia_fenestralis,,materialized SF04/SF05/SF06 cross-frame canonical identity,citation_resolution_pending,pending,pending,2026-09-18,pending_uniform_CF01_bibliographic_expansion,no
CF01S0139,SF06:SF06P035,SF06:SF06P035,Byrne et al. (2007) Molecular Ecology 16:1303- 1314,,2007,,Melaleuca_quadrifida,,materialized SF04/SF05/SF06 cross-frame canonical identity,citation_resolution_pending,pending,pending,2026-09-18,pending_uniform_CF01_bibliographic_expansion,no
CF01S0140,SF06:SF06P036,SF06:SF06P036,Byrne et al. (2008) Conservation Genetics 9:97- 105,,2008,,Eucalyptus_wandoo,,materialized SF04/SF05/SF06 cross-frame canonical identity,citation_resolution_pending,pending,pending,2026-09-18,pending_uniform_CF01_bibliographic_expansion,no
CF01S0141,SF06:SF06P037,SF06:SF06P037,Capó et al. (2021) Plant Biology 23:121- 129,,2021,,Orchis_palustris_subsp._robusta,,materialized SF04/SF05/SF06 cross-frame canonical identity,citation_resolution_pending,pending,pending,2026-09-18,pending_uniform_CF01_bibliographic_expansion,no
CF01S0142,SF06:SF06P038,SF06:SF06P038,Cascante et al. (2002) Conservation Biology 16:137- 147,,2002,,Samanea_saman,,materialized SF04/SF05/SF06 cross-frame canonical identity,citation_resolution_pending,pending,pending,2026-09-18,pending_uniform_CF01_bibliographic_expansion,no
CF01S0143,SF06:SF06P039,SF06:SF06P039,Chanyenga et al. (2011) Journal of Tropical Ecology 27:515- 520,,2011,,Widdringtonia_whytei,,materialized SF04/SF05/SF06 cross-frame canonical identity,citation_resolution_pending,pending,pending,2026-09-18,pending_uniform_CF01_bibliographic_expansion,no
CF01S0144,SF06:SF06P040,SF06:SF06P040,Chen & Zuo (2019) Frontiers in Plant Science 10:327,,2019,,Haloxylon_ammodendron,,materialized SF04/SF05/SF06 cross-frame canonical identity,citation_resolution_pending,pending,pending,2026-09-18,pending_uniform_CF01_bibliographic_expansion,no
CF01S0145,SF06:SF06P041,SF06:SF06P041,Chen et al. (2019) Science of the Total Environment 654:1056- 1063,,2019,,Caragana_korshinskii,,materialized SF04/SF05/SF06 cross-frame canonical identity,citation_resolution_pending,pending,pending,2026-09-18,pending_uniform_CF01_bibliographic_expansion,no
CF01S0146,SF06:SF06P042,SF06:SF06P042,Chiapero et al. (2021) Forest Ecology and Management 492:119215,,2021,,Lithraea_molleoides,,materialized SF04/SF05/SF06 cross-frame canonical identity,citation_resolution_pending,pending,pending,2026-09-18,pending_uniform_CF01_bibliographic_expansion,no
CF01S0147,SF06:SF06P043,SF06:SF06P043,Coates et al. (2007) Australian Journal of Botany 55:239- 249,,2007,,Eucalyptus_rameliana; Lambertia_orbifolia; Verticordia_fimbrilepis,,materialized SF04/SF05/SF06 cross-frame canonical identity,citation_resolution_pending,pending,pending,2026-09-18,pending_uniform_CF01_bibliographic_expansion,no
CF01S0148,SF06:SF06P044,SF06:SF06P044,Collevati et al. (2001) Heredity 86:60- 67,,2001,,Caryocar_brasiliense,,materialized SF04/SF05/SF06 cross-frame canonical identity,citation_resolution_pending,pending,pending,2026-09-18,pending_uniform_CF01_bibliographic_expansion,no
CF01S0149,SF06:SF06P045,SF06:SF06P045,Colling & Matthies (2004) Oikos 105:71- 78,,2004,,Scorzonera_humilis,,materialized SF04/SF05/SF06 cross-frame canonical identity,citation_resolution_pending,pending,pending,2026-09-18,pending_uniform_CF01_bibliographic_expansion,no
CF01S0150,SF06:SF06P046,SF06:SF06P046,Coombs et al. (2009) Austral Ecology 34:688- 697,,2009,,Gomphocarpus_physocarpus,,materialized SF04/SF05/SF06 cross-frame canonical identity,citation_resolution_pending,pending,pending,2026-09-18,pending_uniform_CF01_bibliographic_expansion,no
CF01S0151,SF06:SF06P047,SF06:SF06P047,Costin et al. (2001) Biol Conserv 98:273- 284,,2001,,Leucochrysum_albicans,,materialized SF04/SF05/SF06 cross-frame canonical identity,citation_resolution_pending,pending,pending,2026-09-18,pending_uniform_CF01_bibliographic_expansion,no
CF01S0152,SF06:SF06P048,SF06:SF06P048,Craft & Ashley (2010) American Journal of Botany 97:1999- 2006,,2010,,Quercus_macrocarpa,,materialized SF04/SF05/SF06 cross-frame canonical identity,citation_resolution_pending,pending,pending,2026-09-18,pending_uniform_CF01_bibliographic_expansion,no
CF01S0153,SF06:SF06P049,SF06:SF06P049;PRIMARY:PS001,Cristobal-Pérez et al. (2021) Biological Conservation 256:109007,"Habitat fragmentation negatively affects effective gene flow via pollen, and male and female fitness in the dioecious tree, Spondias purpurea (Anacardiaceae)",2021,10.1016/j.biocon.2021.109007,Spondias_purpurea; Spondias purpurea,ML003,materialized SF04/SF05/SF06 cross-frame canonical identity,doi_present,pending,pending,2026-09-18,pending_uniform_CF01_bibliographic_expansion,no
CF01S0154,SF06:SF06P050,SF06:SF06P050,Cuevas et al. (2017) Botanical Sciences 95: 401- 408,,2017,,Fuchsia_parviflora,,materialized SF04/SF05/SF06 cross-frame canonical identity,citation_resolution_pending,pending,pending,2026-09-18,pending_uniform_CF01_bibliographic_expansion,no
CF01S0155,SF06:SF06P051,SF06:SF06P051,Cunningham (2000) Conserv Biol 14:758- 768,,2000,,Eremophila_glabra; Senna_artemisioides,,materialized SF04/SF05/SF06 cross-frame canonical identity,citation_resolution_pending,pending,pending,2026-09-18,pending_uniform_CF01_bibliographic_expansion,no
CF01S0156,SF06:SF06P052,SF06:SF06P052,Cunningham (2000) Conservation Biology 14:758- 768,,2000,,Dianella_revoluta,,materialized SF04/SF05/SF06 cross-frame canonical identity,citation_resolution_pending,pending,pending,2026-09-18,pending_uniform_CF01_bibliographic_expansion,no
CF01S0157,SF06:SF06P053,SF06:SF06P053,Cunningham (2000) Proc R Soc B: Biol Sci 267:1149- 1152,,2000,,Eremophila_glabra,,materialized SF04/SF05/SF06 cross-frame canonical identity,citation_resolution_pending,pending,pending,2026-09-18,pending_uniform_CF01_bibliographic_expansion,no
CF01S0158,SF06:SF06P054,SF06:SF06P054,Cuéllar-Rodríguez et al. (2016) The Journal of the Torrey Botanical Society 144:58- 62,,2016,,Neltuma_laevigate,,materialized SF04/SF05/SF06 cross-frame canonical identity,citation_resolution_pending,pending,pending,2026-09-18,pending_uniform_CF01_bibliographic_expansion,no
CF01S0159,SF06:SF06P055,SF06:SF06P055,da Silva Elias et al. (2012) Journal of Tropical Ecology 28:317- 320,,2012,,Cardiopetalum_calophyllum,,materialized SF04/SF05/SF06 cross-frame canonical identity,citation_resolution_pending,pending,pending,2026-09-18,pending_uniform_CF01_bibliographic_expansion,no
CF01S0160,SF06:SF06P056,SF06:SF06P056,Dahlgaard & Warncke (1995) Nordic Journal of Botany 15:337- 341,,1995,,Saxifraga_hirculus,,materialized SF04/SF05/SF06 cross-frame canonical identity,citation_resolution_pending,pending,pending,2026-09-18,pending_uniform_CF01_bibliographic_expansion,no
CF01S0161,SF06:SF06P057,SF06:SF06P057,Dainese (2011) Plant Ecology 212:651- 661,,2011,,Dactylis_glomerata,,materialized SF04/SF05/SF06 cross-frame canonical identity,citation_resolution_pending,pending,pending,2026-09-18,pending_uniform_CF01_bibliographic_expansion,no
CF01S0162,SF06:SF06P058,SF06:SF06P058,Davies et al. (2015) Heredity 115:125- 129,,2015,,Vochysia_ferruginea,,materialized SF04/SF05/SF06 cross-frame canonical identity,citation_resolution_pending,pending,pending,2026-09-18,pending_uniform_CF01_bibliographic_expansion,no
CF01S0163,SF06:SF06P059,SF06:SF06P059,Dayanandan et al. (1999) Molecular Ecology 8:2585- 1592,,1999,,Carapa_guianensis,,materialized SF04/SF05/SF06 cross-frame canonical identity,citation_resolution_pending,pending,pending,2026-09-18,pending_uniform_CF01_bibliographic_expansion,no
CF01S0164,SF06:SF06P060,SF06:SF06P060,de Moraes & Sebbenn (2011) Biotropica 43:192- 199,,2011,,Hymenaea_stigonocarpa,,materialized SF04/SF05/SF06 cross-frame canonical identity,citation_resolution_pending,pending,pending,2026-09-18,pending_uniform_CF01_bibliographic_expansion,no
CF01S0165,SF06:SF06P061,SF06:SF06P061,de Moraes et al. (2007) Scientia Forestalis/Forest Sciences 74:75- 86,,2007,,Hymenaea_stigonocarpa,,materialized SF04/SF05/SF06 cross-frame canonical identity,citation_resolution_pending,pending,pending,2026-09-18,pending_uniform_CF01_bibliographic_expansion,no
CF01S0166,SF06:SF06P062,SF06:SF06P062;PRIMARY:PS009,Delnevo et al. (2019) Ecology and Evolution 9:11494- 11503,"Fragmentation, floral display, mating system and reproductive function",2019,10.1002/ece3.5653,Conospermum_undulatum; Conospermum undulatum,PS009_CONOSPERMUM,materialized SF04/SF05/SF06 cross-frame canonical identity,doi_present,pending,pending,2026-09-18,pending_uniform_CF01_bibliographic_expansion,no
CF01S0167,SF06:SF06P063,SF06:SF06P063,Dick (2001) Proc R Soc Lond Series B: Biol Sci 268:2391- 2396,,2001,,Dinizia_excelsa,,materialized SF04/SF05/SF06 cross-frame canonical identity,citation_resolution_pending,pending,pending,2026-09-18,pending_uniform_CF01_bibliographic_expansion,no
CF01S0168,SF06:SF06P064,SF06:SF06P064,Donaldson et al. (2002) Conserv Biol 16:1267- 1276,,2002,,Pterygodium_catholicum; Trachyandra_hirsuta,,materialized SF04/SF05/SF06 cross-frame canonical identity,citation_resolution_pending,pending,pending,2026-09-18,pending_uniform_CF01_bibliographic_expansion,no
CF01S0169,SF06:SF06P065,SF06:SF06P065,Donaldson et al. (2002) Conservation Biology 16:1267- 1276,,2002,,Cyanella_lutea; Gladiolus_liliaceus; Ornithogalum_thyrsoides,,materialized SF04/SF05/SF06 cross-frame canonical identity,citation_resolution_pending,pending,pending,2026-09-18,pending_uniform_CF01_bibliographic_expansion,no
CF01S0170,SF06:SF06P066,SF06:SF06P066,Dostálek et al. (2010) Conservation Genetics 11:773- 783,,2010,,Dracocephalum_austriacum,,materialized SF04/SF05/SF06 cross-frame canonical identity,citation_resolution_pending,pending,pending,2026-09-18,pending_uniform_CF01_bibliographic_expansion,no
CF01S0171,SF06:SF06P067,SF06:SF06P067,Duffy et al. (2013) Journal of Ecology 101:953- 962,,2013,,Kniphofia_linearifolia,,materialized SF04/SF05/SF06 cross-frame canonical identity,citation_resolution_pending,pending,pending,2026-09-18,pending_uniform_CF01_bibliographic_expansion,no
CF01S0172,SF06:SF06P068,SF06:SF06P068,Ehlers (1999) Nordic Journal of Botany 19:653- 663,,1999,,Centaurea_scabiosa,,materialized SF04/SF05/SF06 cross-frame canonical identity,citation_resolution_pending,pending,pending,2026-09-18,pending_uniform_CF01_bibliographic_expansion,no
CF01S0173,SF06:SF06P069,SF06:SF06P069,Ehlers et al. (2002) Plant Systematics and Evolution 236:19- 32,,2002,,Epipactis_helleborine,,materialized SF04/SF05/SF06 cross-frame canonical identity,citation_resolution_pending,pending,pending,2026-09-18,pending_uniform_CF01_bibliographic_expansion,no
CF01S0174,SF06:SF06P070,SF06:SF06P070,Ewedje et al. (2017) Conservation Genetics 18:799- 811,,2017,,Pentadesma_butyraceae,,materialized SF04/SF05/SF06 cross-frame canonical identity,citation_resolution_pending,pending,pending,2026-09-18,pending_uniform_CF01_bibliographic_expansion,no
CF01S0175,SF06:SF06P071,SF06:SF06P071,Favarin et al. (2022) Flora 296:152165,,2022,,Limonium_narbonense,,materialized SF04/SF05/SF06 cross-frame canonical identity,citation_resolution_pending,pending,pending,2026-09-18,pending_uniform_CF01_bibliographic_expansion,no
CF01S0176,SF06:SF06P072,SF06:SF06P072,Feres et al. (2012) Conservation Genetics 13:393- 405,,2012,,Tabebuia_roseoalba,,materialized SF04/SF05/SF06 cross-frame canonical identity,citation_resolution_pending,pending,pending,2026-09-18,pending_uniform_CF01_bibliographic_expansion,no
CF01S0177,SF06:SF06P073,SF06:SF06P073,Fernández et al. (2012) Oecologia 170:421- 431,,2012,,Erysimum_popovii,,materialized SF04/SF05/SF06 cross-frame canonical identity,citation_resolution_pending,pending,pending,2026-09-18,pending_uniform_CF01_bibliographic_expansion,no
CF01S0178,SF06:SF06P074,SF06:SF06P074,Fernández et al. (2015) Basic and Applied Ecology 16:375- 385,,2015,,Erysimum_popovii,,materialized SF04/SF05/SF06 cross-frame canonical identity,citation_resolution_pending,pending,pending,2026-09-18,pending_uniform_CF01_bibliographic_expansion,no
CF01S0179,SF06:SF06P075,SF06:SF06P075,Fischer & Matthies (1998) American Journal of Botany 85:811- 819,,1998,,Gentianella_germanica,,materialized SF04/SF05/SF06 cross-frame canonical identity,citation_resolution_pending,pending,pending,2026-09-18,pending_uniform_CF01_bibliographic_expansion,no
CF01S0180,SF06:SF06P076,SF06:SF06P076,Fritz & Nilsson (1994) Oecologia 100:451- 462,,1994,,Orchis_spitzelii,,materialized SF04/SF05/SF06 cross-frame canonical identity,citation_resolution_pending,pending,pending,2026-09-18,pending_uniform_CF01_bibliographic_expansion,no
CF01S0181,SF06:SF06P077,SF06:SF06P077,Frye & Neel (2017) Evolutionary Applications 10:551- 562,,2017,,Trifolium_virginicum,,materialized SF04/SF05/SF06 cross-frame canonical identity,citation_resolution_pending,pending,pending,2026-09-18,pending_uniform_CF01_bibliographic_expansion,no
CF01S0182,SF06:SF06P078,SF06:SF06P078,Gao et al. (2010) Australian Journal of Botany 58:214- 223,,2010,,Craigia_yunnanensis,,materialized SF04/SF05/SF06 cross-frame canonical identity,citation_resolution_pending,pending,pending,2026-09-18,pending_uniform_CF01_bibliographic_expansion,no
CF01S0183,SF06:SF06P079,SF06:SF06P079,García & Chacoff (2007) Conservation Biology 21:400- 411,,2007,,Crataegus_monogyna,,materialized SF04/SF05/SF06 cross-frame canonical identity,citation_resolution_pending,pending,pending,2026-09-18,pending_uniform_CF01_bibliographic_expansion,no
CF01S0184,SF06:SF06P080,SF06:SF06P080,García-Robledo (2010) Restoration Ecology 18:94- 102,,2010,,Xanthosoma_daguense,,materialized SF04/SF05/SF06 cross-frame canonical identity,citation_resolution_pending,pending,pending,2026-09-18,pending_uniform_CF01_bibliographic_expansion,no
CF01S0185,SF06:SF06P081,SF06:SF06P081,Gauli et al. (2014) Australian Journal of Botany 61:622- 632,,2014,,Eucalyptus_pauciflora,,materialized SF04/SF05/SF06 cross-frame canonical identity,citation_resolution_pending,pending,pending,2026-09-18,pending_uniform_CF01_bibliographic_expansion,no
CF01S0186,SF06:SF06P082,SF06:SF06P082,Ghazoul et al. (1998) Journal of Ecology 86:462- 473,,1998,,Pentacme_siamensis,,materialized SF04/SF05/SF06 cross-frame canonical identity,citation_resolution_pending,pending,pending,2026-09-18,pending_uniform_CF01_bibliographic_expansion,no
CF01S0187,SF06:SF06P083,SF06:SF06P083,Gigord et al. (1999) Biological Conservation 88:43- 51,,1999,,Dombeya_acutangula,,materialized SF04/SF05/SF06 cross-frame canonical identity,citation_resolution_pending,pending,pending,2026-09-18,pending_uniform_CF01_bibliographic_expansion,no
CF01S0188,SF06:SF06P084,SF06:SF06P084,Gonzalez Varo et al. (2010) Journal of Applied Ecology 47:1242- 1252,,2010,,Myrtus_communis,,materialized SF04/SF05/SF06 cross-frame canonical identity,citation_resolution_pending,pending,pending,2026-09-18,pending_uniform_CF01_bibliographic_expansion,no
CF01S0189,SF06:SF06P085,SF06:SF06P085,González-Robles et al. (2021) Molecular Ecology 30:3408- 3421,,2021,,Ziziphus_lotus,,materialized SF04/SF05/SF06 cross-frame canonical identity,citation_resolution_pending,pending,pending,2026-09-18,pending_uniform_CF01_bibliographic_expansion,no
CF01S0190,SF06:SF06P086,SF06:SF06P086,González-Varo et al. (2009) Biological Conservation 142:1058- 1065,,2009,,Myrtus_communis,,materialized SF04/SF05/SF06 cross-frame canonical identity,citation_resolution_pending,pending,pending,2026-09-18,pending_uniform_CF01_bibliographic_expansion,no
CF01S0191,SF06:SF06P087,SF06:SF06P087,Grilli et al. (2013) Forest ecology and management 310:442- 449,,2013,,Euphorbia_acerensis; Euphorbia_dentata,,materialized SF04/SF05/SF06 cross-frame canonical identity,citation_resolution_pending,pending,pending,2026-09-18,pending_uniform_CF01_bibliographic_expansion,no
CF01S0192,SF06:SF06P088,SF06:SF06P088,Groom (2001) Biol Conserv 100:55- 63,,2001,,Clarkia_concinna,,materialized SF04/SF05/SF06 cross-frame canonical identity,citation_resolution_pending,pending,pending,2026-09-18,pending_uniform_CF01_bibliographic_expansion,no
CF01S0193,SF06:SF06P089,SF06:SF06P089,Hadley et al. (2014) Ecology 95:2202- 2212,,2014,,Heliconia_tortuosa,,materialized SF04/SF05/SF06 cross-frame canonical identity,citation_resolution_pending,pending,pending,2026-09-18,pending_uniform_CF01_bibliographic_expansion,no
CF01S0194,SF06:SF06P090,SF06:SF06P090,Hansen & Olesen (1999) Nordic Journal of Botany 19:665- 671,,1999,,Dactylorhiza_majalis; Gymnadenia_conopsea,,materialized SF04/SF05/SF06 cross-frame canonical identity,citation_resolution_pending,pending,pending,2026-09-18,pending_uniform_CF01_bibliographic_expansion,no
CF01S0195,SF06:SF06P091,SF06:SF06P091,Hauber et al. (2022) South African Journal of Botany 146:48- 57,,2022,,Trichodiadema_strumosum,,materialized SF04/SF05/SF06 cross-frame canonical identity,citation_resolution_pending,pending,pending,2026-09-18,pending_uniform_CF01_bibliographic_expansion,no
CF01S0196,SF06:SF06P092,SF06:SF06P092,Hendrix & Kyhl (2000) Conservation Biology 14:304- 313,,2000,,Phlox_pilosa,,materialized SF04/SF05/SF06 cross-frame canonical identity,citation_resolution_pending,pending,pending,2026-09-18,pending_uniform_CF01_bibliographic_expansion,no
CF01S0197,SF06:SF06P093,SF06:SF06P093,Hensen & Oberprieler (2005) Conservation Genetics 6:63- 73,,2005,,Dictamnus_albus,,materialized SF04/SF05/SF06 cross-frame canonical identity,citation_resolution_pending,pending,pending,2026-09-18,pending_uniform_CF01_bibliographic_expansion,no
CF01S0198,SF06:SF06P094,SF06:SF06P094,Hensen et al. (2005) Flora 200:3- 14,,2005,,Pulsatilla_vulgaris,,materialized SF04/SF05/SF06 cross-frame canonical identity,citation_resolution_pending,pending,pending,2026-09-18,pending_uniform_CF01_bibliographic_expansion,no
CF01S0199,SF06:SF06P095,SF06:SF06P095,Herrerías-Diego et al. (2006) Conservation Biology 20:1111- 1120,,2006,,Ceiba_aesculifolia,,materialized SF04/SF05/SF06 cross-frame canonical identity,citation_resolution_pending,pending,pending,2026-09-18,pending_uniform_CF01_bibliographic_expansion,no
CF01S0200,SF06:SF06P096,SF06:SF06P096,Hirayama et al. (2007) Biological Conservation 136:315- 323,,2007,,Magnolia_stellata,,materialized SF04/SF05/SF06 cross-frame canonical identity,citation_resolution_pending,pending,pending,2026-09-18,pending_uniform_CF01_bibliographic_expansion,no
CF01S0201,SF06:SF06P097,SF06:SF06P097,Hoebee & Young (2001) Heredity 86:489- 496,,2001,,Grevillea_iaspicula,,materialized SF04/SF05/SF06 cross-frame canonical identity,citation_resolution_pending,pending,pending,2026-09-18,pending_uniform_CF01_bibliographic_expansion,no
CF01S0202,SF06:SF06P098,SF06:SF06P098,Hornemann et al. (2012) Flora 207:736- 743,,2012,,Muscari_tenuiflorum,,materialized SF04/SF05/SF06 cross-frame canonical identity,citation_resolution_pending,pending,pending,2026-09-18,pending_uniform_CF01_bibliographic_expansion,no
CF01S0203,SF06:SF06P099,SF06:SF06P099,Ilves et al. (2013) Conservation Genetics 14:661- 669,,2013,,Ligularia_sibirica,,materialized SF04/SF05/SF06 cross-frame canonical identity,citation_resolution_pending,pending,pending,2026-09-18,pending_uniform_CF01_bibliographic_expansion,no
CF01S0204,SF06:SF06P100,SF06:SF06P100,Isagi et al. (2007) Sustainability and Diversity of Forest Ecosystems: An Interdisciplinary Approach 382- 389,,2007,,Magnolia_grandiflora,,materialized SF04/SF05/SF06 cross-frame canonical identity,citation_resolution_pending,pending,pending,2026-09-18,pending_uniform_CF01_bibliographic_expansion,no
CF01S0205,SF06:SF06P101,SF06:SF06P101,Jacquemyn et al. (2001) Plant Biology 3:561- 568,,2001,,Primula_elatior,,materialized SF04/SF05/SF06 cross-frame canonical identity,citation_resolution_pending,pending,pending,2026-09-18,pending_uniform_CF01_bibliographic_expansion,no
CF01S0206,SF06:SF06P102,SF06:SF06P102,Jacquemyn et al. (2002) Oecologia 130:617- 625,,2002,,Primula_elatior,,materialized SF04/SF05/SF06 cross-frame canonical identity,citation_resolution_pending,pending,pending,2026-09-18,pending_uniform_CF01_bibliographic_expansion,no
CF01S0207,SF06:SF06P103,SF06:SF06P103,Jacquemyn et al. (2006) Oecologia 147:434- 444,,2006,,Paris_quadrifolia,,materialized SF04/SF05/SF06 cross-frame canonical identity,citation_resolution_pending,pending,pending,2026-09-18,pending_uniform_CF01_bibliographic_expansion,no
CF01S0208,SF06:SF06P104,SF06:SF06P104,Jacquemyn et al. (2008) Basic and Applied Ecology 9:392- 400,,2008,,Orchis_mascula,,materialized SF04/SF05/SF06 cross-frame canonical identity,citation_resolution_pending,pending,pending,2026-09-18,pending_uniform_CF01_bibliographic_expansion,no
CF01S0209,SF06:SF06P105,SF06:SF06P105,Jacquemyn et al. (2009) Biology Letters 5:495- 498,,2009,,Neottia_ovata; Orchis_purpurea,,materialized SF04/SF05/SF06 cross-frame canonical identity,citation_resolution_pending,pending,pending,2026-09-18,pending_uniform_CF01_bibliographic_expansion,no
CF01S0210,SF06:SF06P106,SF06:SF06P106,Jennersten (1988) Conservation Biology 2:359- 366,,1988,,Dianthus_deltoides,,materialized SF04/SF05/SF06 cross-frame canonical identity,citation_resolution_pending,pending,pending,2026-09-18,pending_uniform_CF01_bibliographic_expansion,no
CF01S0211,SF06:SF06P107,SF06:SF06P107,Jha & Dick (2010) PNAS 107:13760- 13764,,2010,,Miconia_affinis,,materialized SF04/SF05/SF06 cross-frame canonical identity,citation_resolution_pending,pending,pending,2026-09-18,pending_uniform_CF01_bibliographic_expansion,no
CF01S0212,SF06:SF06P108,SF06:SF06P108,Johnson et al. (2004) Biol Conserv 120:31- 39,,2004,,Oxyanthus_pyriformis,,materialized SF04/SF05/SF06 cross-frame canonical identity,citation_resolution_pending,pending,pending,2026-09-18,pending_uniform_CF01_bibliographic_expansion,no
CF01S0213,SF06:SF06P109,SF06:SF06P109,Johnson et al. (2004) Biotropica 36:148- 155,,2004,,Gerbera_aurantiaca,,materialized SF04/SF05/SF06 cross-frame canonical identity,citation_resolution_pending,pending,pending,2026-09-18,pending_uniform_CF01_bibliographic_expansion,no
CF01S0214,SF06:SF06P110,SF06:SF06P110,Johnson et al. (2009) Biology Letters 5:282- 285,,2009,,Satyrium_longicauda,,materialized SF04/SF05/SF06 cross-frame canonical identity,citation_resolution_pending,pending,pending,2026-09-18,pending_uniform_CF01_bibliographic_expansion,no
CF01S0215,SF06:SF06P111,SF06:SF06P111,Jolivet et al. (2012) European Journal of Forest Research 131:1055- 1069,,2012,,Prunus_avium,,materialized SF04/SF05/SF06 cross-frame canonical identity,citation_resolution_pending,pending,pending,2026-09-18,pending_uniform_CF01_bibliographic_expansion,no
CF01S0216,SF06:SF06P112,SF06:SF06P112,Jones & Gliddon (1999) Plant Ecology 141:151- 161,,1999,,Lloydia_serotina,,materialized SF04/SF05/SF06 cross-frame canonical identity,citation_resolution_pending,pending,pending,2026-09-18,pending_uniform_CF01_bibliographic_expansion,no
CF01S0217,SF06:SF06P113,SF06:SF06P113,Jules & Rathcke (1999) Conserv Biol 13:784- 793,,1999,,Trillium_ovatum,,materialized SF04/SF05/SF06 cross-frame canonical identity,citation_resolution_pending,pending,pending,2026-09-18,pending_uniform_CF01_bibliographic_expansion,no
CF01S0218,SF06:SF06P114,SF06:SF06P114,Kahmen & Jules (2005) Forest Ecology and Management 210:107- 116,,2005,,Trillium_ovatum,,materialized SF04/SF05/SF06 cross-frame canonical identity,citation_resolution_pending,pending,pending,2026-09-18,pending_uniform_CF01_bibliographic_expansion,no
CF01S0219,SF06:SF06P115,SF06:SF06P115,Kamm et al. (2011) Forest Ecology and Management 262:1047- 1053,,2011,,Cormus_domestica,,materialized SF04/SF05/SF06 cross-frame canonical identity,citation_resolution_pending,pending,pending,2026-09-18,pending_uniform_CF01_bibliographic_expansion,no
CF01S0220,SF06:SF06P116,SF06:SF06P116,Karrenberg & Jensen (2000) Folia Geobot 35:191- 202,,2000,,Pedicularis_palustris,,materialized SF04/SF05/SF06 cross-frame canonical identity,citation_resolution_pending,pending,pending,2026-09-18,pending_uniform_CF01_bibliographic_expansion,no
CF01S0221,SF06:SF06P117,SF06:SF06P117,"Kelly et al. (2000) In: Genetics, Demography and Viability of Fragmented Populations.",,2000,,Peraxilla_tetrapetala,,materialized SF04/SF05/SF06 cross-frame canonical identity,citation_resolution_pending,pending,pending,2026-09-18,pending_uniform_CF01_bibliographic_expansion,no
CF01S0222,SF06:SF06P118,SF06:SF06P118,Kirchner et al. (2005) Oikos 111:130- 142,,2005,,Centaurea_corymbosa,,materialized SF04/SF05/SF06 cross-frame canonical identity,citation_resolution_pending,pending,pending,2026-09-18,pending_uniform_CF01_bibliographic_expansion,no
CF01S0223,SF06:SF06P119,SF06:SF06P119,Klank et al. (2010) Journal of Ecology 98:1389- 1397,,2010,,Trollius_europaeus,,materialized SF04/SF05/SF06 cross-frame canonical identity,citation_resolution_pending,pending,pending,2026-09-18,pending_uniform_CF01_bibliographic_expansion,no
CF01S0224,SF06:SF06P120,SF06:SF06P120,Kleizen et al. (2009) South African Journal of Botany 75:739- 743,,2009,,Colchicum_burchellii_subsp._pulchrum,,materialized SF04/SF05/SF06 cross-frame canonical identity,citation_resolution_pending,pending,pending,2026-09-18,pending_uniform_CF01_bibliographic_expansion,no
CF01S0225,SF06:SF06P121,SF06:SF06P121,Kleunen et al. (2007) Oikos 116:1400- 1412,,2007,,Datura_stramonium,,materialized SF04/SF05/SF06 cross-frame canonical identity,citation_resolution_pending,pending,pending,2026-09-18,pending_uniform_CF01_bibliographic_expansion,no
CF01S0226,SF06:SF06P122,SF06:SF06P122,Knapp et al. (2001) Oecologia 128:48- 55,,2001,,Quercus_douglasii,,materialized SF04/SF05/SF06 cross-frame canonical identity,citation_resolution_pending,pending,pending,2026-09-18,pending_uniform_CF01_bibliographic_expansion,no
CF01S0227,SF06:SF06P123,SF06:SF06P123,Kolb & Lindhorst (2006) Plant Ecology 185:209- 220,,2006,,Carex_sylvatica; Sanicula_europaea,,materialized SF04/SF05/SF06 cross-frame canonical identity,citation_resolution_pending,pending,pending,2026-09-18,pending_uniform_CF01_bibliographic_expansion,no
CF01S0228,SF06:SF06P124,SF06:SF06P124,Kolb (2005) J Ecol 93: 1226- 1237,,2005,,Phyteuma_spicatum,,materialized SF04/SF05/SF06 cross-frame canonical identity,citation_resolution_pending,pending,pending,2026-09-18,pending_uniform_CF01_bibliographic_expansion,no
CF01S0229,SF06:SF06P125,SF06:SF06P125,Kolb (2008) Biological Conservation 141:2540- 2549,,2008,,Phyteuma_spicatum,,materialized SF04/SF05/SF06 cross-frame canonical identity,citation_resolution_pending,pending,pending,2026-09-18,pending_uniform_CF01_bibliographic_expansion,no
CF01S0230,SF06:SF06P126,SF06:SF06P126,Kolb et al. (2010) Ecology 91:3210- 3217,,2010,,Phyteuma_spicatum,,materialized SF04/SF05/SF06 cross-frame canonical identity,citation_resolution_pending,pending,pending,2026-09-18,pending_uniform_CF01_bibliographic_expansion,no
CF01S0231,SF06:SF06P127,SF06:SF06P127,Krauss et al. (2007) Australian Journal of Botany 55:390- 399,,2007,,Eucalyptus_salmonophloia; Eucalyptus_salubris,,materialized SF04/SF05/SF06 cross-frame canonical identity,citation_resolution_pending,pending,pending,2026-09-18,pending_uniform_CF01_bibliographic_expansion,no
CF01S0232,SF06:SF06P128,SF06:SF06P128,Kunin (1997) Journal of Ecology 225- 234,,1997,,Sinapis_arvensis,,materialized SF04/SF05/SF06 cross-frame canonical identity,citation_resolution_pending,pending,pending,2026-09-18,pending_uniform_CF01_bibliographic_expansion,no
CF01S0233,SF06:SF06P129,SF06:SF06P129,Kéry et al. (2000) Journal of Ecology 88:17- 30,,2000,,Gentiana_lutea; Primula_veris,,materialized SF04/SF05/SF06 cross-frame canonical identity,citation_resolution_pending,pending,pending,2026-09-18,pending_uniform_CF01_bibliographic_expansion,no
CF01S0234,SF06:SF06P130,SF06:SF06P130,Lander et al. (2010) Biological Conservation 143:2583- 2590,,2010,,Gomortega_keule,,materialized SF04/SF05/SF06 cross-frame canonical identity,citation_resolution_pending,pending,pending,2026-09-18,pending_uniform_CF01_bibliographic_expansion,no
CF01S0235,SF06:SF06P131,SF06:SF06P131,Lauterbach et al. (2012) Plant Systematics and Evolution 298:155- 164,,2012,,Silene_otites,,materialized SF04/SF05/SF06 cross-frame canonical identity,citation_resolution_pending,pending,pending,2026-09-18,pending_uniform_CF01_bibliographic_expansion,no
CF01S0236,SF06:SF06P132,SF06:SF06P132,Lee (2000) Heredity 85:338- 345,,2000,,Dryobalanops_aromatica,,materialized SF04/SF05/SF06 cross-frame canonical identity,citation_resolution_pending,pending,pending,2026-09-18,pending_uniform_CF01_bibliographic_expansion,no
CF01S0237,SF06:SF06P133,SF06:SF06P133,Leimu & Syrjänen (2002) Oikos 98:229- 238,,2002,,Vincetoxicum_hirundinaria,,materialized SF04/SF05/SF06 cross-frame canonical identity,citation_resolution_pending,pending,pending,2026-09-18,pending_uniform_CF01_bibliographic_expansion,no
CF01S0238,SF06:SF06P134,SF06:SF06P134,Lennartsson (2002) Ecology 83:3060- 3072,,2002,,Gentianella_campestris,,materialized SF04/SF05/SF06 cross-frame canonical identity,citation_resolution_pending,pending,pending,2026-09-18,pending_uniform_CF01_bibliographic_expansion,no
CF01S0239,SF06:SF06P135,SF06:SF06P135,Leong et al. (2014) PLoS One 9: e86357,,2014,,Centaurea_solstitialis,,materialized SF04/SF05/SF06 cross-frame canonical identity,citation_resolution_pending,pending,pending,2026-09-18,pending_uniform_CF01_bibliographic_expansion,no
CF01S0240,SF06:SF06P136,SF06:SF06P136,Lienert & Fischer (2003) J Ecol 91:587- 599,,2003,,Primula_farinosa,,materialized SF04/SF05/SF06 cross-frame canonical identity,citation_resolution_pending,pending,pending,2026-09-18,pending_uniform_CF01_bibliographic_expansion,no
CF01S0241,SF06:SF06P137,SF06:SF06P137;PRIMARY:PS019,Llorens et al. (2018) Frontiers in Ecology and Evolution 6: 39,Altered Soil Properties Inhibit Fruit Set but Increase Progeny Performance for a Foundation Tree in a Highly Fragmented Landscape,2018,10.3389/fevo.2018.00039,Eucalyptus_wandoo; Eucalyptus wandoo,ML015,materialized SF04/SF05/SF06 cross-frame canonical identity,doi_present,pending,pending,2026-09-18,pending_uniform_CF01_bibliographic_expansion,no
CF01S0242,SF06:SF06P139,SF06:SF06P139,Lopes & Buzato (2007) Oecologia 154:305- 314,,2007,,Psychotria_suterella,,materialized SF04/SF05/SF06 cross-frame canonical identity,citation_resolution_pending,pending,pending,2026-09-18,pending_uniform_CF01_bibliographic_expansion,no
CF01S0243,SF06:SF06P140,SF06:SF06P140,Lundell et al. (2015) Folia Geobotanica 50:13- 23,,2015,,Chimaphila_umbellata,,materialized SF04/SF05/SF06 cross-frame canonical identity,citation_resolution_pending,pending,pending,2026-09-18,pending_uniform_CF01_bibliographic_expansion,no
CF01S0244,SF06:SF06P141,SF06:SF06P141,Lázaro et al. (2020) Ecological Applications 30:e02099,,2020,,Geum_urbanum; Ranunculus_acris,,materialized SF04/SF05/SF06 cross-frame canonical identity,citation_resolution_pending,pending,pending,2026-09-18,pending_uniform_CF01_bibliographic_expansion,no
CF01S0245,SF06:SF06P142,SF06:SF06P142,Magrach et al. (2012) Austral Ecology 37:600- 609,,2012,,Mitraria_coccinea,,materialized SF04/SF05/SF06 cross-frame canonical identity,citation_resolution_pending,pending,pending,2026-09-18,pending_uniform_CF01_bibliographic_expansion,no
CF01S0246,SF06:SF06P143,SF06:SF06P143,Magrach et al. (2013) Journal of Ecology 101:713- 721,,2013,,Tristerix_corymbosus,,materialized SF04/SF05/SF06 cross-frame canonical identity,citation_resolution_pending,pending,pending,2026-09-18,pending_uniform_CF01_bibliographic_expansion,no
CF01S0247,SF06:SF06P144,SF06:SF06P144,Manoel et al. (2012) Scientia Forestalis/Forest Sciences 40:145- 155,,2012,,Copaifera_langsdorffii,,materialized SF04/SF05/SF06 cross-frame canonical identity,citation_resolution_pending,pending,pending,2026-09-18,pending_uniform_CF01_bibliographic_expansion,no
CF01S0248,SF06:SF06P145,SF06:SF06P145,Matesanz et al. (2015) Plant Biology 17:1047- 1056,,2015,,Centaurea_hypssopifolia; Helianthemum_squamatum; Lepidium_subulatum,,materialized SF04/SF05/SF06 cross-frame canonical identity,citation_resolution_pending,pending,pending,2026-09-18,pending_uniform_CF01_bibliographic_expansion,no
CF01S0249,SF06:SF06P146,SF06:SF06P146,Mathiasen et al. (2007) Conservation Biology 21:232- 240,,2007,,Embothrium_coccineum,,materialized SF04/SF05/SF06 cross-frame canonical identity,citation_resolution_pending,pending,pending,2026-09-18,pending_uniform_CF01_bibliographic_expansion,no
CF01S0250,SF06:SF06P147,SF06:SF06P147,Matos et al. (2015) Flora 211:1- 10,,2015,,Vriesea_gigantea,,materialized SF04/SF05/SF06 cross-frame canonical identity,citation_resolution_pending,pending,pending,2026-09-18,pending_uniform_CF01_bibliographic_expansion,no
CF01S0251,SF06:SF06P148,SF06:SF06P148,Matsumura & Washitani (2000) Ecological Research 15:307- 322,,2000,,Primula_sieboldii,,materialized SF04/SF05/SF06 cross-frame canonical identity,citation_resolution_pending,pending,pending,2026-09-18,pending_uniform_CF01_bibliographic_expansion,no
CF01S0252,SF06:SF06P149,SF06:SF06P149,Medan & Devoto (2017) Plant Systematics and Evolution 303:841- 851,,2017,,Ochetophila_trinervis,,materialized SF04/SF05/SF06 cross-frame canonical identity,citation_resolution_pending,pending,pending,2026-09-18,pending_uniform_CF01_bibliographic_expansion,no
CF01S0253,SF06:SF06P150,SF06:SF06P150,Meekers & Honnay (2011) Plant Ecology 212:1791- 1801,,2011,,Gymnadenia_conopsea; Orchis_mascula,,materialized SF04/SF05/SF06 cross-frame canonical identity,citation_resolution_pending,pending,pending,2026-09-18,pending_uniform_CF01_bibliographic_expansion,no
CF01S0254,SF06:SF06P151,SF06:SF06P151,Michaels et al. (2019) The American Midland Naturalist 182:160- 180,,2019,,Lupinus_perennis,,materialized SF04/SF05/SF06 cross-frame canonical identity,citation_resolution_pending,pending,pending,2026-09-18,pending_uniform_CF01_bibliographic_expansion,no
CF01S0255,SF06:SF06P152,SF06:SF06P152,Milberg & Bertilsson (1997) Flora 192:361- 367,,1997,,Dracocephalum_ryuschiana,,materialized SF04/SF05/SF06 cross-frame canonical identity,citation_resolution_pending,pending,pending,2026-09-18,pending_uniform_CF01_bibliographic_expansion,no
CF01S0256,SF06:SF06P153,SF06:SF06P153,Millar et al. (2000) Australian Journal of Botany 48:475- 479,,2000,,Eucalyptus_marginata,,materialized SF04/SF05/SF06 cross-frame canonical identity,citation_resolution_pending,pending,pending,2026-09-18,pending_uniform_CF01_bibliographic_expansion,no
CF01S0257,SF06:SF06P154,SF06:SF06P154,Mimura et al. (2009) 18:4180- 4192,,2009,,Eucalyptus_globulus,,materialized SF04/SF05/SF06 cross-frame canonical identity,citation_resolution_pending,pending,pending,2026-09-18,pending_uniform_CF01_bibliographic_expansion,no
CF01S0258,SF06:SF06P155,SF06:SF06P155,Montgomery et al. (2003) New Zealand Journal of Botany 41:277- 286,,2003,,Peraxilla_tetrapetala,,materialized SF04/SF05/SF06 cross-frame canonical identity,citation_resolution_pending,pending,pending,2026-09-18,pending_uniform_CF01_bibliographic_expansion,no
CF01S0259,SF06:SF06P156,SF06:SF06P156,Moody-Weis & Heywood (2001) Am J Bot 88:1615- 1622,,2001,,Oenothera_macrocarpa,,materialized SF04/SF05/SF06 cross-frame canonical identity,citation_resolution_pending,pending,pending,2026-09-18,pending_uniform_CF01_bibliographic_expansion,no
CF01S0260,SF06:SF06P157,SF06:SF06P157,Morgan (1999) Conserv Biol 13:266- 273,,1999,,Rutidosis_leptorrhynchoides,,materialized SF04/SF05/SF06 cross-frame canonical identity,citation_resolution_pending,pending,pending,2026-09-18,pending_uniform_CF01_bibliographic_expansion,no
CF01S0261,SF06:SF06P158,SF06:SF06P158,Morgan et al. (2013) International Journal of Plant Sciences 174:1209- 1218,,2013,,Leucochrysum_albicans,,materialized SF04/SF05/SF06 cross-frame canonical identity,citation_resolution_pending,pending,pending,2026-09-18,pending_uniform_CF01_bibliographic_expansion,no
CF01S0262,SF06:SF06P159,SF06:SF06P159,Mustajarvi et al. (2001) J Ecol 89:80- 87,,2001,,Viscaria_vulgaris,,materialized SF04/SF05/SF06 cross-frame canonical identity,citation_resolution_pending,pending,pending,2026-09-18,pending_uniform_CF01_bibliographic_expansion,no
CF01S0263,SF06:SF06P160,SF06:SF06P160,Nagamitsu et al. (2016) Ecological Research 31:239- 250,,2016,,Prunus_leveilleana,,materialized SF04/SF05/SF06 cross-frame canonical identity,citation_resolution_pending,pending,pending,2026-09-18,pending_uniform_CF01_bibliographic_expansion,no
CF01S0264,SF06:SF06P161,SF06:SF06P161,Nielsen & Ims (2000) Ecoscience 7:157- 165,,2000,,Viscaria_vulgaris,,materialized SF04/SF05/SF06 cross-frame canonical identity,citation_resolution_pending,pending,pending,2026-09-18,pending_uniform_CF01_bibliographic_expansion,no
CF01S0265,SF06:SF06P162,SF06:SF06P162,O'Connell et al. (2006) Heredity 97:418- 426,,2006,,Picea_laxa,,materialized SF04/SF05/SF06 cross-frame canonical identity,citation_resolution_pending,pending,pending,2026-09-18,pending_uniform_CF01_bibliographic_expansion,no
CF01S0266,SF06:SF06P163,SF06:SF06P163,Olotu et al. (2012) African Journal of Ecology 50:109- 116,,2012,,Mesogyne_insignis,,materialized SF04/SF05/SF06 cross-frame canonical identity,citation_resolution_pending,pending,pending,2026-09-18,pending_uniform_CF01_bibliographic_expansion,no
CF01S0267,SF06:SF06P164,SF06:SF06P164,Omondi et al. (2018) New Forests 49:53- 65,,2018,,Senegalia_senegal,,materialized SF04/SF05/SF06 cross-frame canonical identity,citation_resolution_pending,pending,pending,2026-09-18,pending_uniform_CF01_bibliographic_expansion,no
CF01S0268,SF06:SF06P165,SF06:SF06P165,Oostermeijer et al. (1998) Conservation Biology 12:1042- 1053,,1998,,Gentiana_pneumonanthe,,materialized SF04/SF05/SF06 cross-frame canonical identity,citation_resolution_pending,pending,pending,2026-09-18,pending_uniform_CF01_bibliographic_expansion,no
CF01S0269,SF06:SF06P166,SF06:SF06P166,Ortego et al. (2014) Journal of Plant Ecology 7:384- 395,,2014,,Quercus_ilex,,materialized SF04/SF05/SF06 cross-frame canonical identity,citation_resolution_pending,pending,pending,2026-09-18,pending_uniform_CF01_bibliographic_expansion,no
CF01S0270,SF06:SF06P167,SF06:SF06P167,Oyama et al. (2017) Forest Ecology and Management 390:27- 35,,2017,,Quercus_castanea,,materialized SF04/SF05/SF06 cross-frame canonical identity,citation_resolution_pending,pending,pending,2026-09-18,pending_uniform_CF01_bibliographic_expansion,no
CF01S0271,SF06:SF06P168,SF06:SF06P168,Parra-Tabla et al. (2011) Biotropica 43:640- 647,,2011,,Myrmecophila_christinae,,materialized SF04/SF05/SF06 cross-frame canonical identity,citation_resolution_pending,pending,pending,2026-09-18,pending_uniform_CF01_bibliographic_expansion,no
CF01S0272,SF06:SF06P169,SF06:SF06P169,Parraguirre-Lezama et al. (2004) Agrociencia 38:107- 119,,2004,,Pinus_greggii,,materialized SF04/SF05/SF06 cross-frame canonical identity,citation_resolution_pending,pending,pending,2026-09-18,pending_uniform_CF01_bibliographic_expansion,no
CF01S0273,SF06:SF06P170,SF06:SF06P170,ParraTabla et al. (2000) Biol Conserv 94:335- 340,,2000,,Trichocentrum_ascendens,,materialized SF04/SF05/SF06 cross-frame canonical identity,citation_resolution_pending,pending,pending,2026-09-18,pending_uniform_CF01_bibliographic_expansion,no
CF01S0274,SF06:SF06P171,SF06:SF06P171,Paschke et al. (2002) Am J Bot 89:1250- 1259,,2002,,Cochlearia_bavarica,,materialized SF04/SF05/SF06 cross-frame canonical identity,citation_resolution_pending,pending,pending,2026-09-18,pending_uniform_CF01_bibliographic_expansion,no
CF01S0275,SF06:SF06P172,SF06:SF06P172,Pauw (2007) Ecology 88:1759- 1769,,2007,,Pterygodium_catholicum,,materialized SF04/SF05/SF06 cross-frame canonical identity,citation_resolution_pending,pending,pending,2026-09-18,pending_uniform_CF01_bibliographic_expansion,no
CF01S0276,SF06:SF06P173,SF06:SF06P173,Pearion (2015) The Journal of the Torrey Botanical Society 142:38- 50,,2015,,Mononeuria_patula,,materialized SF04/SF05/SF06 cross-frame canonical identity,citation_resolution_pending,pending,pending,2026-09-18,pending_uniform_CF01_bibliographic_expansion,no
CF01S0277,SF06:SF06P174,SF06:SF06P174,Pellegrino & Bellusci (2014) Botanical Journal of the Linnean Society 176:408- 420,,2014,,Serapias_cordigera,,materialized SF04/SF05/SF06 cross-frame canonical identity,citation_resolution_pending,pending,pending,2026-09-18,pending_uniform_CF01_bibliographic_expansion,no
CF01S0278,SF06:SF06P176,SF06:SF06P176,Pereyra et al. (2015) Arthropod-Plant Interactions 9:175- 186,,2015,,Croton_lachnostachyus,,materialized SF04/SF05/SF06 cross-frame canonical identity,citation_resolution_pending,pending,pending,2026-09-18,pending_uniform_CF01_bibliographic_expansion,no
CF01S0279,SF06:SF06P177,SF06:SF06P177,Pierce et al. (2018) Biodiversity and Conservation 27:891- 905,,2018,,Gentiana_pneumonanthe,,materialized SF04/SF05/SF06 cross-frame canonical identity,citation_resolution_pending,pending,pending,2026-09-18,pending_uniform_CF01_bibliographic_expansion,no
CF01S0280,SF06:SF06P178,SF06:SF06P178,Pires et al. (2014) Austral Ecology 39: 328- 336,,2014,,Senefeldera_verticillata,,materialized SF04/SF05/SF06 cross-frame canonical identity,citation_resolution_pending,pending,pending,2026-09-18,pending_uniform_CF01_bibliographic_expansion,no
CF01S0281,SF06:SF06P179,SF06:SF06P179,Pol et al. (2019) Tropical Ecology 60:462- 471,,2019,,Ficus_adhantodifolia,,materialized SF04/SF05/SF06 cross-frame canonical identity,citation_resolution_pending,pending,pending,2026-09-18,pending_uniform_CF01_bibliographic_expansion,no
CF01S0282,SF06:SF06P180,SF06:SF06P180,Quesada et al. (2003) Oecologia 135:400- 406,,2003,,Ceiba_grandiflora,,materialized SF04/SF05/SF06 cross-frame canonical identity,citation_resolution_pending,pending,pending,2026-09-18,pending_uniform_CF01_bibliographic_expansion,no
CF01S0283,SF06:SF06P181,SF06:SF06P181,Quesada et al. (2004) Biotropica 36:131- 138,,2004,,Ceiba_aesculifolia; Ceiba_grandiflora,,materialized SF04/SF05/SF06 cross-frame canonical identity,citation_resolution_pending,pending,pending,2026-09-18,pending_uniform_CF01_bibliographic_expansion,no
CF01S0284,SF06:SF06P182,SF06:SF06P182,Quesada et al. (2013) American Journal of Botany 100:1095- 1101,,2013,,Ceiba_aesculifolia,,materialized SF04/SF05/SF06 cross-frame canonical identity,citation_resolution_pending,pending,pending,2026-09-18,pending_uniform_CF01_bibliographic_expansion,no
CF01S0285,SF06:SF06P183,SF06:SF06P183,Rabasa et al. (2009) Plant Ecology 200:241- 254,,2009,,Colutea_arborescens_subsp._hispanica,,materialized SF04/SF05/SF06 cross-frame canonical identity,citation_resolution_pending,pending,pending,2026-09-18,pending_uniform_CF01_bibliographic_expansion,no
CF01S0286,SF06:SF06P184,SF06:SF06P184,Ramos & Santos (2006) Biotropica 38:383- 389,,2006,,Psychotria_tenuinervis,,materialized SF04/SF05/SF06 cross-frame canonical identity,citation_resolution_pending,pending,pending,2026-09-18,pending_uniform_CF01_bibliographic_expansion,no
CF01S0287,SF06:SF06P185,SF06:SF06P185,Ramos et al. (2008) Biochemical Genetics 46:88- 100,,2008,,Psychotria_tenuinervis,,materialized SF04/SF05/SF06 cross-frame canonical identity,citation_resolution_pending,pending,pending,2026-09-18,pending_uniform_CF01_bibliographic_expansion,no
CF01S0288,SF06:SF06P186,SF06:SF06P186,Rey et al. (2018) Plant Biology 20:1083- 1092,,2018,,Ziziphus_lotus,,materialized SF04/SF05/SF06 cross-frame canonical identity,citation_resolution_pending,pending,pending,2026-09-18,pending_uniform_CF01_bibliographic_expansion,no
CF01S0289,SF06:SF06P187,SF06:SF06P187,Ribeiro & Lovato (2004) Genetics and Molecular Biology 27: 418- 424,,2004,,Senna_multijuga,,materialized SF04/SF05/SF06 cross-frame canonical identity,citation_resolution_pending,pending,pending,2026-09-18,pending_uniform_CF01_bibliographic_expansion,no
CF01S0290,SF06:SF06P188,SF06:SF06P188,Robledo-Arnuncio et al. (2004) Molecular Ecology 13:2567- 2577,,2004,,Pinus_sylvestris,,materialized SF04/SF05/SF06 cross-frame canonical identity,citation_resolution_pending,pending,pending,2026-09-18,pending_uniform_CF01_bibliographic_expansion,no
CF01S0291,SF06:SF06P189,SF06:SF06P189,Rocha & Aguilar (2001) Am J Bot 88:1607- 1614,,2001,,Enterolobium_cyclocarpum,,materialized SF04/SF05/SF06 cross-frame canonical identity,citation_resolution_pending,pending,pending,2026-09-18,pending_uniform_CF01_bibliographic_expansion,no
CF01S0292,SF06:SF06P190,SF06:SF06P190,Rosas et al. (2011) Biological Conservation 144:3082- 3088,,2011,,Swietenia_humilis,,materialized SF04/SF05/SF06 cross-frame canonical identity,citation_resolution_pending,pending,pending,2026-09-18,pending_uniform_CF01_bibliographic_expansion,no
CF01S0293,SF06:SF06P191,SF06:SF06P191,Rossetto et al. (2004) Biol Conserv 117:33- 39,,2004,,Elaeocarpus_williamsianus,,materialized SF04/SF05/SF06 cross-frame canonical identity,citation_resolution_pending,pending,pending,2026-09-18,pending_uniform_CF01_bibliographic_expansion,no
CF01S0294,SF06:SF06P192,SF06:SF06P192,Sampson & Byrne (2008) Molecular Ecology 17:2769- 2781,,2008,,Eucalyptus_loxophleba,,materialized SF04/SF05/SF06 cross-frame canonical identity,citation_resolution_pending,pending,pending,2026-09-18,pending_uniform_CF01_bibliographic_expansion,no
CF01S0295,SF06:SF06P193,SF06:SF06P193,Sampson et al. (2014) Heredity 112:172- 181,,2014,,Melaleuca_quadrifida,,materialized SF04/SF05/SF06 cross-frame canonical identity,citation_resolution_pending,pending,pending,2026-09-18,pending_uniform_CF01_bibliographic_expansion,no
CF01S0296,SF06:SF06P194,SF06:SF06P194,Sampson et al. (2016) Ecology and Evolution 6:5867- 5880,,2016,,Hakea_oldfieldii,,materialized SF04/SF05/SF06 cross-frame canonical identity,citation_resolution_pending,pending,pending,2026-09-18,pending_uniform_CF01_bibliographic_expansion,no
CF01S0297,SF06:SF06P195,SF06:SF06P195,Scaccabarozzi et al. (2020) Botanical Journal of the Linnean Society 194:253- 269,,2020,,Diuris_magnifica,,materialized SF04/SF05/SF06 cross-frame canonical identity,citation_resolution_pending,pending,pending,2026-09-18,pending_uniform_CF01_bibliographic_expansion,no
CF01S0298,SF06:SF06P196,SF06:SF06P196,Schmidt & Jensen (2000) Am J Bot 87:678- 689,,2000,,Pedicularis_palustris,,materialized SF04/SF05/SF06 cross-frame canonical identity,citation_resolution_pending,pending,pending,2026-09-18,pending_uniform_CF01_bibliographic_expansion,no
CF01S0299,SF06:SF06P197,SF06:SF06P197,Schmucki & De Blois (2009) Oecologia 160:721- 733,,2009,,Trillium_grandiflorum,,materialized SF04/SF05/SF06 cross-frame canonical identity,citation_resolution_pending,pending,pending,2026-09-18,pending_uniform_CF01_bibliographic_expansion,no
CF01S0300,SF06:SF06P198,SF06:SF06P198,Seoane et al. (2005) Scientia Forestalis 69:13- 24,,2005,,Euterpe_edulis,,materialized SF04/SF05/SF06 cross-frame canonical identity,citation_resolution_pending,pending,pending,2026-09-18,pending_uniform_CF01_bibliographic_expansion,no
CF01S0301,SF06:SF06P199,SF06:SF06P199,Severns (2003) Biol Conserv 110:221- 229,,2003,,Lupinus_sulphureus,,materialized SF04/SF05/SF06 cross-frame canonical identity,citation_resolution_pending,pending,pending,2026-09-18,pending_uniform_CF01_bibliographic_expansion,no
CF01S0302,SF06:SF06P200,SF06:SF06P200,Shao et al. (2008) Journal of Integrative Plant Biology 50:1151- 1160,,2008,,Primula_merrilliana,,materialized SF04/SF05/SF06 cross-frame canonical identity,citation_resolution_pending,pending,pending,2026-09-18,pending_uniform_CF01_bibliographic_expansion,no
CF01S0303,SF06:SF06P201,SF06:SF06P201,Silva et al. (2014) Revista de Biología Tropical 62:369- 380,,2014,,Psychotria_hastisepala,,materialized SF04/SF05/SF06 cross-frame canonical identity,citation_resolution_pending,pending,pending,2026-09-18,pending_uniform_CF01_bibliographic_expansion,no
CF01S0304,SF06:SF06P202,SF06:SF06P202,Smith-Ramirez & Armesto (2003) Aus Ecol 28:53- 60,,2003,,Embothrium_coccineum,,materialized SF04/SF05/SF06 cross-frame canonical identity,citation_resolution_pending,pending,pending,2026-09-18,pending_uniform_CF01_bibliographic_expansion,no
CF01S0305,SF06:SF06P203,SF06:SF06P203,Smith-Ramírez et al. (2007) Biodiversity Loss & Conservation 102- 119,,2007,,Embothrium_coccineum,,materialized SF04/SF05/SF06 cross-frame canonical identity,citation_resolution_pending,pending,pending,2026-09-18,pending_uniform_CF01_bibliographic_expansion,no
CF01S0306,SF06:SF06P204,SF06:SF06P204,Somanathan & Borges (2000) Biol Conserv 94:243- 256,,2000,,Dyospyros_montana,,materialized SF04/SF05/SF06 cross-frame canonical identity,citation_resolution_pending,pending,pending,2026-09-18,pending_uniform_CF01_bibliographic_expansion,no
CF01S0307,SF06:SF06P205,SF06:SF06P205,Sonne & Hauser (2014) Annales Botanici Fennici 51:375- 386,,2014,,Dactylorhiza_sambucina,,materialized SF04/SF05/SF06 cross-frame canonical identity,citation_resolution_pending,pending,pending,2026-09-18,pending_uniform_CF01_bibliographic_expansion,no
CF01S0308,SF06:SF06P206,SF06:SF06P206,Spigler (2018) Annals of Botany 121:513- 524,,2018,,Sabatia_angularis,,materialized SF04/SF05/SF06 cross-frame canonical identity,citation_resolution_pending,pending,pending,2026-09-18,pending_uniform_CF01_bibliographic_expansion,no
CF01S0309,SF06:SF06P207,SF06:SF06P207,Steffan-Dewenter & Tscharntke (1996) VII International Symposium on Pollination 437 (pp. 231- 234),,1996,,Raphanus_raphanistrum,,materialized SF04/SF05/SF06 cross-frame canonical identity,citation_resolution_pending,pending,pending,2026-09-18,pending_uniform_CF01_bibliographic_expansion,no
CF01S0310,SF06:SF06P208,SF06:SF06P208,Steffan-Dewenter & Tscharntke (1999) Oecologia 121:432- 440,,1999,,Raphanus_raphanistrum; Raphanus_raphanistrum_subsp._sativus,,materialized SF04/SF05/SF06 cross-frame canonical identity,citation_resolution_pending,pending,pending,2026-09-18,pending_uniform_CF01_bibliographic_expansion,no
CF01S0311,SF06:SF06P209,SF06:SF06P209,Steffan-Dewenter et al. (2001) Proc Royal Soc London S B: Biol Sci 268:1685- 1690,,2001,,Centaurea_jacea,,materialized SF04/SF05/SF06 cross-frame canonical identity,citation_resolution_pending,pending,pending,2026-09-18,pending_uniform_CF01_bibliographic_expansion,no
CF01S0312,SF06:SF06P210,SF06:SF06P210;PRIMARY:PS012,Sáyago et al. (2018) AoB Plants 10: ply038,Consequences of habitat fragmentation on the reproductive success of two Tillandsia species with contrasting life history strategies,2018,10.1093/aobpla/ply038,Tillandsia_intermedia; Tillandsia_makoyana; Tillandsia intermedia; Tillandsia makoyana,ML008,materialized SF04/SF05/SF06 cross-frame canonical identity,doi_present,pending,pending,2026-09-18,pending_uniform_CF01_bibliographic_expansion,no
CF01S0313,SF06:SF06P211,SF06:SF06P211,Sõber et al. (2009) Basic and Applied Ecology 10:737- 744,,2009,,Verbascum_nigrum,,materialized SF04/SF05/SF06 cross-frame canonical identity,citation_resolution_pending,pending,pending,2026-09-18,pending_uniform_CF01_bibliographic_expansion,no
CF01S0314,SF06:SF06P212,SF06:SF06P212,Tamaki et al. (2009) Molecular Ecology 18: 2365- 2374,,2009,,Magnolia_stellata,,materialized SF04/SF05/SF06 cross-frame canonical identity,citation_resolution_pending,pending,pending,2026-09-18,pending_uniform_CF01_bibliographic_expansion,no
CF01S0315,SF06:SF06P213,SF06:SF06P213,Tambarussi et al. (2016) International Forestry Review 18:502- 510,,2016,,Cariniana_legalis,,materialized SF04/SF05/SF06 cross-frame canonical identity,citation_resolution_pending,pending,pending,2026-09-18,pending_uniform_CF01_bibliographic_expansion,no
CF01S0316,SF06:SF06P214,SF06:SF06P214,Tewksbury et al. (2002) PNAS 99:12923- 12926,,2002,,Ilex_verticillata,,materialized SF04/SF05/SF06 cross-frame canonical identity,citation_resolution_pending,pending,pending,2026-09-18,pending_uniform_CF01_bibliographic_expansion,no
CF01S0317,SF06:SF06P215,SF06:SF06P215,Tomimatsu & Ohara (2002) Conserv Biol 16:1277- 1285,,2002,,Trillium_camschatcense,,materialized SF04/SF05/SF06 cross-frame canonical identity,citation_resolution_pending,pending,pending,2026-09-18,pending_uniform_CF01_bibliographic_expansion,no
CF01S0318,SF06:SF06P216,SF06:SF06P216,Tsaliki & Diekmann (2010) Plant Biology 12:622- 629,,2010,,Genista_albida; Genista_anglica,,materialized SF04/SF05/SF06 cross-frame canonical identity,citation_resolution_pending,pending,pending,2026-09-18,pending_uniform_CF01_bibliographic_expansion,no
CF01S0319,SF06:SF06P217,SF06:SF06P217,Tscheulin & Petanidou (2011) Apidologie 42:67- 77,,2011,,Thymbra_capitata,,materialized SF04/SF05/SF06 cross-frame canonical identity,citation_resolution_pending,pending,pending,2026-09-18,pending_uniform_CF01_bibliographic_expansion,no
CF01S0320,SF06:SF06P218,SF06:SF06P218,Valdivia et al. (2005) Biodiversity & Conservation 15:1845- 1856,,2005,,Lapageria_rosea,,materialized SF04/SF05/SF06 cross-frame canonical identity,citation_resolution_pending,pending,pending,2026-09-18,pending_uniform_CF01_bibliographic_expansion,no
CF01S0321,SF06:SF06P219,SF06:SF06P219,Valdés & García (2011) Journal of Applied Ecology 48:1422- 1431,,2011,,Primula_vulgaris,,materialized SF04/SF05/SF06 cross-frame canonical identity,citation_resolution_pending,pending,pending,2026-09-18,pending_uniform_CF01_bibliographic_expansion,no
CF01S0322,SF06:SF06P220,SF06:SF06P220,Vallius et al. (2007) Nordic Journal of Botany 25:183- 189,,2007,,Dactylorhiza_incarnata,,materialized SF04/SF05/SF06 cross-frame canonical identity,citation_resolution_pending,pending,pending,2026-09-18,pending_uniform_CF01_bibliographic_expansion,no
CF01S0323,SF06:SF06P221,SF06:SF06P221,van Kleulen & Johnson (2005) American Journal of Botany 92:1124- 1130,,2005,,Senna_didymobotrya,,materialized SF04/SF05/SF06 cross-frame canonical identity,citation_resolution_pending,pending,pending,2026-09-18,pending_uniform_CF01_bibliographic_expansion,no
CF01S0324,SF06:SF06P222,SF06:SF06P222,Van Rossum (2002) Conserv Biol 16:1286- 1295,,2002,,Primula_elatior,,materialized SF04/SF05/SF06 cross-frame canonical identity,citation_resolution_pending,pending,pending,2026-09-18,pending_uniform_CF01_bibliographic_expansion,no
CF01S0325,SF06:SF06P223,SF06:SF06P223,Van Rossum (2009) Belgian Journal of Botany 98- 110,,2009,,Lychnis_flos- cuculi,,materialized SF04/SF05/SF06 cross-frame canonical identity,citation_resolution_pending,pending,pending,2026-09-18,pending_uniform_CF01_bibliographic_expansion,no
CF01S0326,SF06:SF06P224,SF06:SF06P224,"Van Rossum (2010) Perspective in Plant Ecology, Evolution and Systematics 12:21- 29",,2010,,Centaurea_jacea,,materialized SF04/SF05/SF06 cross-frame canonical identity,citation_resolution_pending,pending,pending,2026-09-18,pending_uniform_CF01_bibliographic_expansion,no
CF01S0327,SF06:SF06P225,SF06:SF06P225,Van Rossum et al. (2006) Acta Oecologica 30:426- 433,,2006,,Primula_veris,,materialized SF04/SF05/SF06 cross-frame canonical identity,citation_resolution_pending,pending,pending,2026-09-18,pending_uniform_CF01_bibliographic_expansion,no
CF01S0328,SF06:SF06P226,SF06:SF06P226,Vivarelli et al. (2011) Botanical Journal of the Linnean Society 165:267- 277,,2011,,Ononis_spinosa_subsp._masquillierii,,materialized SF04/SF05/SF06 cross-frame canonical identity,citation_resolution_pending,pending,pending,2026-09-18,pending_uniform_CF01_bibliographic_expansion,no
CF01S0329,SF06:SF06P227,SF06:SF06P227,Vranckx et al. (2014) Forest Ecology and Management 312:19- 27,,2014,,Quercus_robur,,materialized SF04/SF05/SF06 cross-frame canonical identity,citation_resolution_pending,pending,pending,2026-09-18,pending_uniform_CF01_bibliographic_expansion,no
CF01S0330,SF06:SF06P228,SF06:SF06P228,Vranckx et al. (2014) Forest Ecology and Management 328:254- 261,,2014,,Quercus_robur,,materialized SF04/SF05/SF06 cross-frame canonical identity,citation_resolution_pending,pending,pending,2026-09-18,pending_uniform_CF01_bibliographic_expansion,no
CF01S0331,SF06:SF06P229,SF06:SF06P229,Wagenius & Lyon (2010) Ecology 91:733- 742,,2010,,Echinacea_angustifolia,,materialized SF04/SF05/SF06 cross-frame canonical identity,citation_resolution_pending,pending,pending,2026-09-18,pending_uniform_CF01_bibliographic_expansion,no
CF01S0332,SF06:SF06P230,SF06:SF06P230,Wagenius (2006) Ecology 87:931- 941,,2006,,Echinacea_angustifolia,,materialized SF04/SF05/SF06 cross-frame canonical identity,citation_resolution_pending,pending,pending,2026-09-18,pending_uniform_CF01_bibliographic_expansion,no
CF01S0333,SF06:SF06P231,SF06:SF06P231,Waites & Agren (2004) Journal of Ecology 92:512- 526,,2004,,Lythrum_salicaria,,materialized SF04/SF05/SF06 cross-frame canonical identity,citation_resolution_pending,pending,pending,2026-09-18,pending_uniform_CF01_bibliographic_expansion,no
CF01S0334,SF06:SF06P232,SF06:SF06P232,Waites & Ågren (2004) Journal of ecology 92:512- 526,,2004,,Lythrum_salicaria,,materialized SF04/SF05/SF06 cross-frame canonical identity,citation_resolution_pending,pending,pending,2026-09-18,pending_uniform_CF01_bibliographic_expansion,no
CF01S0335,SF06:SF06P233,SF06:SF06P233,Wang et al. (2010) Forest Ecology and Management 260:2180- 2188,,2010,,Eurycorymbus_cavaleriei; Pinus_tabulaeformis,,materialized SF04/SF05/SF06 cross-frame canonical identity,citation_resolution_pending,pending,pending,2026-09-18,pending_uniform_CF01_bibliographic_expansion,no
CF01S0336,SF06:SF06P234,SF06:SF06P234,Wang et al. (2012) PloS One 7:e48731,,2012,,Sagittaria_graminea; Sagittaria_trifolia,,materialized SF04/SF05/SF06 cross-frame canonical identity,citation_resolution_pending,pending,pending,2026-09-18,pending_uniform_CF01_bibliographic_expansion,no
CF01S0337,SF06:SF06P235,SF06:SF06P235,Warburton et al. (2000) Conserv Biol 96:45- 54,,2000,,Santalum_acuminatum,,materialized SF04/SF05/SF06 cross-frame canonical identity,citation_resolution_pending,pending,pending,2026-09-18,pending_uniform_CF01_bibliographic_expansion,no
CF01S0338,SF06:SF06P236,SF06:SF06P236,Ward et al. (2013) Oecologia 171:883- 891,,2013,,Gomphocarpus_fruticosus; Gomphocarpus_physocarpus,,materialized SF04/SF05/SF06 cross-frame canonical identity,citation_resolution_pending,pending,pending,2026-09-18,pending_uniform_CF01_bibliographic_expansion,no
CF01S0339,SF06:SF06P237,SF06:SF06P237,Watanabe et al. (2003) Pl Sp Biol 18:107- 121,,2003,,Primula_sieboldii,,materialized SF04/SF05/SF06 cross-frame canonical identity,citation_resolution_pending,pending,pending,2026-09-18,pending_uniform_CF01_bibliographic_expansion,no
CF01S0340,SF06:SF06P238,SF06:SF06P238,Weber & Kolb (2011) Evolutionary Ecology 25:417- 428,,2011,,Phyteuma_spicatum,,materialized SF04/SF05/SF06 cross-frame canonical identity,citation_resolution_pending,pending,pending,2026-09-18,pending_uniform_CF01_bibliographic_expansion,no
CF01S0341,SF06:SF06P239,SF06:SF06P239,Winter et al. (2008) Biological conservation 141:1095- 1104,,2008,,Euphorbia_palustris; Jacobaea_paludosa; Lathyrus_clymenum; Sanguisorba_officinalis; Veronica_longifolia,,materialized SF04/SF05/SF06 cross-frame canonical identity,citation_resolution_pending,pending,pending,2026-09-18,pending_uniform_CF01_bibliographic_expansion,no
CF01S0342,SF06:SF06P240,SF06:SF06P240,Wolf et al. (2000) Conservation Biology 14:454- 463,,2000,,Calystegia_collina,,materialized SF04/SF05/SF06 cross-frame canonical identity,citation_resolution_pending,pending,pending,2026-09-18,pending_uniform_CF01_bibliographic_expansion,no
CF01S0343,SF06:SF06P241,SF06:SF06P241,Woods et al. (2022) Landscape Ecology 37:1059- 1073,,2022,,Heliconia_tortuosa,,materialized SF04/SF05/SF06 cross-frame canonical identity,citation_resolution_pending,pending,pending,2026-09-18,pending_uniform_CF01_bibliographic_expansion,no
CF01S0344,SF06:SF06P242,SF06:SF06P242,Yates & Ladd (2004) Austral Ecology 29:189- 200,,2004,,Verticordia_staminosa,,materialized SF04/SF05/SF06 cross-frame canonical identity,citation_resolution_pending,pending,pending,2026-09-18,pending_uniform_CF01_bibliographic_expansion,no
CF01S0345,SF06:SF06P243,SF06:SF06P243,Yates & Ladd (2005) Conserv Biol 19:239- 249,,2005,,Verticordia_fimbrilepis,,materialized SF04/SF05/SF06 cross-frame canonical identity,citation_resolution_pending,pending,pending,2026-09-18,pending_uniform_CF01_bibliographic_expansion,no
CF01S0346,SF06:SF06P244,SF06:SF06P244,Yates et al. (2007) Biodiversity and Conservation 16:1379- 1395,,2007,,Melaleuca_quadrifida,,materialized SF04/SF05/SF06 cross-frame canonical identity,citation_resolution_pending,pending,pending,2026-09-18,pending_uniform_CF01_bibliographic_expansion,no
CF01S0347,SF06:SF06P245,SF06:SF06P245,Yates et al. (2007) Biological Conservation 136:306- 314.,,2007,,Melaleuca_quadrifida,,materialized SF04/SF05/SF06 cross-frame canonical identity,citation_resolution_pending,pending,pending,2026-09-18,pending_uniform_CF01_bibliographic_expansion,no
CF01S0348,SF06:SF06P246,SF06:SF06P246,Yezzi et al. (2020) Plant Ecology 221:1275- 1291,,2020,,Margyricarpus_pinnatus; Senecio_pampeanus,,materialized SF04/SF05/SF06 cross-frame canonical identity,citation_resolution_pending,pending,pending,2026-09-18,pending_uniform_CF01_bibliographic_expansion,no
CF01S0349,SF06:SF06P247,SF06:SF06P247,Young & Brown (1999) Genetics Research 73:111- 117,,1999,,Rutidosis_leptorrhynchoides,,materialized SF04/SF05/SF06 cross-frame canonical identity,citation_resolution_pending,pending,pending,2026-09-18,pending_uniform_CF01_bibliographic_expansion,no
CF01S0350,SF06:SF06P248,SF06:SF06P248,Young & Pickup (2010) Journal of Applied Ecology 47:541- 548,,2010,,Rutidosis_leptorrhynchoides,,materialized SF04/SF05/SF06 cross-frame canonical identity,citation_resolution_pending,pending,pending,2026-09-18,pending_uniform_CF01_bibliographic_expansion,no
CF01S0351,SF06:SF06P249,SF06:SF06P249,Yuan et al. (2021) Tropical Ecology 62:27- 33,,2021,,Pterospermum_kingtungense,,materialized SF04/SF05/SF06 cross-frame canonical identity,citation_resolution_pending,pending,pending,2026-09-18,pending_uniform_CF01_bibliographic_expansion,no
CF01S0352,SF06:SF06P250,SF06:SF06P250,Zhang & Lou (2015) Journal of Plant Ecology 8:154- 158,,2015,,Solanum_rostratum,,materialized SF04/SF05/SF06 cross-frame canonical identity,citation_resolution_pending,pending,pending,2026-09-18,pending_uniform_CF01_bibliographic_expansion,no
CF01S0353,SF06:SF06P252,SF06:SF06P252,Zhao et al. (2014) Botanical Studies 56:1- 9,,2014,,Circaeaster_agristis,,materialized SF04/SF05/SF06 cross-frame canonical identity,citation_resolution_pending,pending,pending,2026-09-18,pending_uniform_CF01_bibliographic_expansion,no
CF01S0354,SF06:SF06P253,SF06:SF06P253,Zhou et al. (2016) Scientific Reports 6:21435,,2016,,Cleisostoma_linearilobatum,,materialized SF04/SF05/SF06 cross-frame canonical identity,citation_resolution_pending,pending,pending,2026-09-18,pending_uniform_CF01_bibliographic_expansion,no
CF01S0355,SF06:SF06P254,SF06:SF06P254,Ågren (1996) Ecology 77:1779- 1790,,1996,,Lythrum_salicaria,,materialized SF04/SF05/SF06 cross-frame canonical identity,citation_resolution_pending,pending,pending,2026-09-18,pending_uniform_CF01_bibliographic_expansion,no
CF01S0356,SF06:SF06P255,SF06:SF06P255,Ågren et al. (2008) Journal of Ecology 96:334- 345,,2008,,Vincetoxicum_hirundinaria,,materialized SF04/SF05/SF06 cross-frame canonical identity,citation_resolution_pending,pending,pending,2026-09-18,pending_uniform_CF01_bibliographic_expansion,no
CF01S0357,duplicate:bartlewicz|2015,SF04:SF04R01;SF06:SF06P013,Bartlewicz et al. (2015) Biological Journal of the Linnean Society 116: 603-613,,2015,,Linaria vulgaris; Linaria_vulgaris,,materialized SF04/SF05/SF06 cross-frame canonical identity,citation_resolution_pending,pending,pending,2026-09-18,pending_uniform_CF01_bibliographic_expansion,no
CF01S0358,duplicate:browne|2015,SF04:SF04R18;SF05:53,Browne et al. (2015) Heredity 115: 389-395,,2015,10.1038/hdy.2015.35,Oenocarpus batawa; Oenocarpus bataua,,materialized SF04/SF05/SF06 cross-frame canonical identity,doi_present,pending,pending,2026-09-18,pending_uniform_CF01_bibliographic_expansion,no
CF01S0359,duplicate:collevatti|2014,SF04:SF04R03;SF05:62,Collevatti et al. (2014) Plant Systematics and Evolution 300: 1719-172,,2014,10.1007/s00606-014-0997-9,Annona crassiflora,,materialized SF04/SF05/SF06 cross-frame canonical identity,doi_present,pending,pending,2026-09-18,pending_uniform_CF01_bibliographic_expansion,no
CF01S0360,duplicate:giombini|2017,SF04:SF04R20;SF05:75,Giombini et al. (2017) Heredity 118: 568-577,,2017,10.1038/hdy.2016.130,Syagrus romanzoffiana,,materialized SF04/SF05/SF06 cross-frame canonical identity,doi_present,pending,pending,2026-09-18,pending_uniform_CF01_bibliographic_expansion,no
CF01S0361,duplicate:lompo|2020,SF05:93;SF06:SF06P138,"Lompo, D., Vinceti, B., Konrad, H., Duminil, J., Geburek, T., 2020. Fine-scale spatial genetic structure, mating, and gene dispersal patterns in Parkia biglobosa populations with different levels of habitat fragmentation. Appl. Plant Sci. 107, 1041–1053. https://doi.org/10.1002/ajb2.1504",,2020,10.1002/ajb2.1504,Parkia biglobosa; Parkia_biglobosa,P2_SF05_93,materialized SF04/SF05/SF06 cross-frame canonical identity,doi_present,pending,pending,2026-09-18,pending_uniform_CF01_bibliographic_expansion,no
CF01S0362,duplicate:pellegrino|2015,SF04:SF04R35;SF06:SF06P175;PRIMARY:PS003,Pellegrino et al. (2015) BMC Plant Biology 15: art222,"Effects of population structure on pollen flow, clonality rates and reproductive success in fragmented Serapias lingua populations",2015,10.1186/s12870-015-0600-8,Serapias lingua; Serapias_lingua,ML001,materialized SF04/SF05/SF06 cross-frame canonical identity,doi_present,pending,pending,2026-09-18,pending_uniform_CF01_bibliographic_expansion,no
CF01S0363,duplicate:zhao|2009,SF05:81;SF06:SF06P251,"Zhao, R., Xia, H., Lu, B.R., 2009. Fine-scale genetic structure enhances biparental inbreeding by promoting mating events between more related individuals in wild soybean (Glycine soja; Fabaceae) populations. Am. J. Bot. 96, 1138–1147. https://doi.org/10.3732/ajb.0800173",,2009,10.3732/ajb.0800173,Glycine soja; Glycine_max,,materialized SF04/SF05/SF06 cross-frame canonical identity,doi_present,pending,pending,2026-09-18,pending_uniform_CF01_bibliographic_expansion,no
