source_frame,sf06_publication_id,source_publication,n_source_rows,responses,n_species,species,families,land_use_factors,compatibility_systems,sexual_expressions,pollination_contexts,life_forms,ecosystem_types,countries,multilayer_screen_status,screening_note,outcome_opened
SF06,SF06P001,Abrahamczyk et al. (2021) Plant Ecology 222:613- 623,2,Female fitness; Pollination,1,Centaurea_scabiosa,Asteraceae,Habitat Fragmentation; Habitat fragmentation,SI,hermaphrodite,invertebrate generalist,herb,extratropical,Germany,pending_title_abstract_methods_screen,DOCX source identity/trait metadata materialized before new numerical EGWEE effects; Hedges-d and V(d) cells were parsed only as excluded positions and are not stored.,no
SF06,SF06P002,Adriaens et al. (2009) Acta Oecologica 35:69- 82,2,Female fitness,1,Colchicum_autumnale,Colchicaceae,Habitat Fragmentation,SC,hermaphrodite,invertebrate generalist,herb,extratropical,Belgium,pending_title_abstract_methods_screen,DOCX source identity/trait metadata materialized before new numerical EGWEE effects; Hedges-d and V(d) cells were parsed only as excluded positions and are not stored.,no
SF06,SF06P003,Aguilar & Galetto (2004) Oecologia 138:513- 520,2,Female fitness; Male fitness,1,Cestrum_parqui,Solanaceae,Habitat Fragmentation; Habitat fragmentation,SI,hermaphrodite,invertebrate specialist,shrub,extratropical,Argentina,pending_title_abstract_methods_screen,DOCX source identity/trait metadata materialized before new numerical EGWEE effects; Hedges-d and V(d) cells were parsed only as excluded positions and are not stored.,no
SF06,SF06P004,"Aguilar (2005) PhD Thesis, National University of Córdoba Pp. 1- 169",32,Female fitness; Male fitness; Pollination,12,Cestrum_parqui; Dicliptera_squarrosa; Geoffroea_decorticans; Heimia_salicifolia; Ipomoea_purpurea; Lycium_cestroides; Mandevilla_laxa; Mandevilla_pentlandiana; Porlieria_microphylla; Solanum_chenopodioides; Talinum_paniculatum; Vachellia_caven,Solanaceae; Acanthaceae; Fabaceae; Lythraceae; Convolvulace; Apocynaceae; Zygophyllace; Portulacacea,Habitat fragmentation; Habitat Fragmentation,SI; SC,hermaphrodite,invertebrate specialist; vertebrate generalist; invertebrate generalist; both generalist; invertebrate; specialist; invertebrate; generalist,shrub; herb; tree; vine,extratropical,Argentina; China,pending_title_abstract_methods_screen,DOCX source identity/trait metadata materialized before new numerical EGWEE effects; Hedges-d and V(d) cells were parsed only as excluded positions and are not stored.,no
SF06,SF06P005,Aguilar et al. (2012) Biological Conservation 152:81- 89,1,Female fitness,1,Neltuma_caldenia,Fabaceae,Habitat Fragmentation,SI,hermaphrodite,invertebrate generalist,tree,extratropical,Argentina,pending_title_abstract_methods_screen,DOCX source identity/trait metadata materialized before new numerical EGWEE effects; Hedges-d and V(d) cells were parsed only as excluded positions and are not stored.,no
SF06,SF06P006,Ahmed et al. (2009) PNAS 106:20342- 20347,1,Male fitness,1,Ficus_sycomorus,Moraceae,Habitat fragmentation,NA,monoecious,invertebrate specialist,tree,extratropical,Namibia,pending_title_abstract_methods_screen,DOCX source identity/trait metadata materialized before new numerical EGWEE effects; Hedges-d and V(d) cells were parsed only as excluded positions and are not stored.,no
SF06,SF06P007,Aizen & Feinsinger (1994) Ecology 75:330- 351,31,Female fitness; Pollination,16,Erythrostemon_gilliesii; Justicia_squarrosa; Lepismium_lumbricoides; Ligaria_cuneifolia; Mimosa_detinens; Neltuma_nigra; Opuntia_quimilo; Parkinsonia_praecox; Portulaca_umbraticola; Senegalia_praecox; Senna_aphylla; Tillandsia_ixioides; Vachellia_aroma; Vachellia_atramentaria; Vachellia_furcatispina; Vachellia_praecox,Fabaceae; Acanthaceae; Cactaceae; Loranthaceae; Portulacacea; Bromeliaceae,Habitat Fragmentation; Habitat fragmentation,SC; SI,hermaphrodite,invertebrate specialist; invertebrate generalist; vertebrate specialist; invertebrate; generalist; invertebrate; specialist; vertebrate; specialist,shrub; herb; epiphyte; epifite; hemiparasite; tree,extratropical,Argentina,pending_title_abstract_methods_screen,DOCX source identity/trait metadata materialized before new numerical EGWEE effects; Hedges-d and V(d) cells were parsed only as excluded positions and are not stored.,no
SF06,SF06P008,Albrecht et al. (2007) Journal of Applied Ecology 44:813- 822,5,Female fitness; Pollination,4,Campanula_glomerata; Hypochaeris_radicata; Raphanus_raphanistrum; Raphanus_raphanistrum_subsp._sativus,Campanulace; Asteraceae; Brassicaceae,Agriculture,SI,hermaphrodite,invertebrate generalist; invertebrate; generalist,herb,extratropical,Switzerland,pending_title_abstract_methods_screen,DOCX source identity/trait metadata materialized before new numerical EGWEE effects; Hedges-d and V(d) cells were parsed only as excluded positions and are not stored.,no
SF06,SF06P009,Albrecht et al. (2009) PLoS One 4:e6751,1,Female fitness,1,Centaurea_jacea,Asteraceae,Habitat Fragmentation,SI,hermaphrodite,invertebrate generalist,herb,extratropical,Germany,pending_title_abstract_methods_screen,DOCX source identity/trait metadata materialized before new numerical EGWEE effects; Hedges-d and V(d) cells were parsed only as excluded positions and are not stored.,no
SF06,SF06P010,Angoh et al. (2021) South African Journal of Botany 141:196- 199,2,Female fitness; Pollination,1,Erica_discolor,Ericaceae,Habitat Fragmentation; Habitat fragmentation,SI,hermaphrodite,vertebrate specialist,shrub,extratropical,South Africa,pending_title_abstract_methods_screen,DOCX source identity/trait metadata materialized before new numerical EGWEE effects; Hedges-d and V(d) cells were parsed only as excluded positions and are not stored.,no
SF06,SF06P011,Ballesteros et al. (2013) Oryx 47:199- 202,1,Female fitness,1,Ononis_tridentata,Fabaceae,Grazing,NA,hermaphrodite,invertebrate NA,shrub,extratropical,Spain,pending_title_abstract_methods_screen,DOCX source identity/trait metadata materialized before new numerical EGWEE effects; Hedges-d and V(d) cells were parsed only as excluded positions and are not stored.,no
SF06,SF06P012,Barreto et al. (2018) Botanical Journal of the Linnean Society 187:319- 326,2,Female fitness; Pollination,1,Justicia_aequilabris,Acanthaceae,Habitat Fragmentation; Habitat fragmentation,NA,hermaphrodite,vertebrate specialist,shrub,extratropical,Brazil,pending_title_abstract_methods_screen,DOCX source identity/trait metadata materialized before new numerical EGWEE effects; Hedges-d and V(d) cells were parsed only as excluded positions and are not stored.,no
SF06,SF06P013,Bartlewicz et al. (2015) Biological Journal of the Linnean Society 116:603- 613,1,Female fitness,1,Linaria_vulgaris,Plantaginacea,Urbanization,SI,hermaphrodite,invertebrate specialist,herb,extratropical,Belgium,pending_title_abstract_methods_screen,DOCX source identity/trait metadata materialized before new numerical EGWEE effects; Hedges-d and V(d) cells were parsed only as excluded positions and are not stored.,no
SF06,SF06P014,Berjano et al. (2013) Journal for Nature Conservation 21:334- 341,1,Female fitness,1,Convolvulus_lineatus,Convolvulace,Habitat Fragmentation,SI,hermaphrodite,invertebrate generalist,herb,extratropical,France,pending_title_abstract_methods_screen,DOCX source identity/trait metadata materialized before new numerical EGWEE effects; Hedges-d and V(d) cells were parsed only as excluded positions and are not stored.,no
SF06,SF06P015,Bigger (1999) Nat Areas Journal 19:239- 244,1,Female fitness,1,Sericocarpus_rigidus,Asteraceae,Habitat Fragmentation,SI,hermaphrodite,invertebrate; generalist,herb,NA,NA,pending_title_abstract_methods_screen,DOCX source identity/trait metadata materialized before new numerical EGWEE effects; Hedges-d and V(d) cells were parsed only as excluded positions and are not stored.,no
SF06,SF06P016,Bizoux et al. (2008) Plant Biology 10:684- 693,2,Female fitness,1,Viola_lutea_subsp._calaminaria,Violaceae,Habitat Fragmentation,SI,hermaphrodite,invertebrate generalist,herb,extratropical,Belgium,pending_title_abstract_methods_screen,DOCX source identity/trait metadata materialized before new numerical EGWEE effects; Hedges-d and V(d) cells were parsed only as excluded positions and are not stored.,no
SF06,SF06P017,Bosch et al. (2002) Biol J Linn Soc 76:79- 90,1,Female fitness,1,Petrocoptis_montsicciana,Caryophyllac,Habitat Fragmentation,SC,hermaphrodite,invertebrate generalist,herb,extratropical,Spain,pending_title_abstract_methods_screen,DOCX source identity/trait metadata materialized before new numerical EGWEE effects; Hedges-d and V(d) cells were parsed only as excluded positions and are not stored.,no
SF06,SF06P018,Bossuyt (2007) Conservation Biology 21:832- 841,1,Female fitness,1,Parnassia_palustris,Saxifragaceae,Habitat Fragmentation,SC,hermaphrodite,invertebrate generalist,herb,extratropical,Belgium,pending_title_abstract_methods_screen,DOCX source identity/trait metadata materialized before new numerical EGWEE effects; Hedges-d and V(d) cells were parsed only as excluded positions and are not stored.,no
SF06,SF06P019,Braun et al. (2012) Journal of Tropical Ecology 28:353- 359,1,Female fitness,1,Paypayrola_blanchetiana,Violaceae,Habitat Fragmentation,SI,hermaphrodite,invertebrate generalist,tree,extratropical,Brazil,pending_title_abstract_methods_screen,DOCX source identity/trait metadata materialized before new numerical EGWEE effects; Hedges-d and V(d) cells were parsed only as excluded positions and are not stored.,no
SF06,SF06P020,Breed et al. (2012) Ecology Letters 15:444- 452,1,Male fitness,1,Swietenia_macrophylla,Meliaceae,Habitat fragmentation,SC,monoecious,invertebrate; generalist,tree,tropical,Costa Rica,pending_title_abstract_methods_screen,DOCX source identity/trait metadata materialized before new numerical EGWEE effects; Hedges-d and V(d) cells were parsed only as excluded positions and are not stored.,no
SF06,SF06P021,Breed et al. (2012) Molecular Ecology 21:5955- 5968,1,Male fitness,1,Eucalyptus_socialis,Myrtaceae,Habitat fragmentation,SC,hermaphrodite,invertebrate NA,tree,extratropical,Australia,pending_title_abstract_methods_screen,DOCX source identity/trait metadata materialized before new numerical EGWEE effects; Hedges-d and V(d) cells were parsed only as excluded positions and are not stored.,no
SF06,SF06P022,Breed et al. (2013) Heredity 115:108- 114,3,Male fitness,2,Eucalyptus_gracilis; Eucalyptus_incrassata,Myrtaceae,Habitat fragmentation,SC,hermaphrodite,invertebrate generalist; vertebrate specialist,tree,extratropical,Australia,pending_title_abstract_methods_screen,DOCX source identity/trait metadata materialized before new numerical EGWEE effects; Hedges-d and V(d) cells were parsed only as excluded positions and are not stored.,no
SF06,SF06P023,Bruna & Kress (2002) Cons Biol 16:1256- 1266,1,Female fitness,1,Heliconia_acuminata,Heliconiacea,Habitat Fragmentation,SI,hermaphrodite,vertebrate specialist,herb,tropical,Brazil,pending_title_abstract_methods_screen,DOCX source identity/trait metadata materialized before new numerical EGWEE effects; Hedges-d and V(d) cells were parsed only as excluded positions and are not stored.,no
SF06,SF06P024,Brys et al. (2003) Acta Oecologica 24:247- 253,1,Female fitness,1,Primula_veris,Primulaceae,Habitat Fragmentation,SI,hermaphrodite,invertebrate generalist,herb,extratropical,Belgium,pending_title_abstract_methods_screen,DOCX source identity/trait metadata materialized before new numerical EGWEE effects; Hedges-d and V(d) cells were parsed only as excluded positions and are not stored.,no
SF06,SF06P025,Brys et al. (2004) Journal of Ecology 92: 5- 14,1,Female fitness,1,Primula_vulgaris,Primulaceae,Habitat Fragmentation,SI,hermaphrodite,invertebrate generalist,herb,extratropical,Belgium,pending_title_abstract_methods_screen,DOCX source identity/trait metadata materialized before new numerical EGWEE effects; Hedges-d and V(d) cells were parsed only as excluded positions and are not stored.,no
SF06,SF06P026,Brys et al. (2008) Botanical Journal of the Linnean Society 157:713- 721,2,Female fitness; Male fitness,2,Listera_ovata; Neottia_ovata,Orchideaceae; Orchidaceae,Habitat Fragmentation; Habitat fragmentation,SC,hermaphrodite,invertebrate specialist,herb,extratropical,Belgium,pending_title_abstract_methods_screen,DOCX source identity/trait metadata materialized before new numerical EGWEE effects; Hedges-d and V(d) cells were parsed only as excluded positions and are not stored.,no
SF06,SF06P027,Brys et al. (2008) Journal of Evolutionary Biology 21:1281- 1289,1,Female fitness,1,Pulmonaria_officinalis,Boraginaceae,Habitat Fragmentation,SI,hermaphrodite,invertebrate generalist,herb,extratropical,Belgium,pending_title_abstract_methods_screen,DOCX source identity/trait metadata materialized before new numerical EGWEE effects; Hedges-d and V(d) cells were parsed only as excluded positions and are not stored.,no
SF06,SF06P028,Brys et al. (2011) American Journal of Botany 98:1834- 1840,1,Female fitness,1,Centaurium_erythraea,Gentianaceae,Habitat Fragmentation,SC,hermaphrodite,invertebrate specialist,herb,extratropical,Belgium,pending_title_abstract_methods_screen,DOCX source identity/trait metadata materialized before new numerical EGWEE effects; Hedges-d and V(d) cells were parsed only as excluded positions and are not stored.,no
SF06,SF06P029,Brzosko et al. (2017) Acta Agrobotanica 70.1,1,Female fitness,1,Cypripedium_calceolus,Orchideaceae,Habitat Fragmentation,NA,hermaphrodite,invertebrate specialist,herb,extratropical,Poland,pending_title_abstract_methods_screen,DOCX source identity/trait metadata materialized before new numerical EGWEE effects; Hedges-d and V(d) cells were parsed only as excluded positions and are not stored.,no
SF06,SF06P030,Burgess et al. (2006) New Zealand Journal of Ecology 179- 190,1,Pollination,1,Peraxilla_tetrapetala,Loranthaceae,Habitat fragmentation,SC,hermaphrodite,invertebrate specialist,vine,extratropical,Mexico,pending_title_abstract_methods_screen,DOCX source identity/trait metadata materialized before new numerical EGWEE effects; Hedges-d and V(d) cells were parsed only as excluded positions and are not stored.,no
SF06,SF06P031,Burgos et al. (2008) Forest Ecology and Management 255:1226- 1233,1,Female fitness,1,Nothofagus_glauca,Nothofagacea,Habitat Fragmentation,SI,dioecious,wind NA,tree,extratropical,Chile,pending_title_abstract_methods_screen,DOCX source identity/trait metadata materialized before new numerical EGWEE effects; Hedges-d and V(d) cells were parsed only as excluded positions and are not stored.,no
SF06,SF06P032,Butcher et al. (2005) Conservation Genetics 6:213- 226,1,Male fitness,1,Eucalyptus_benthamii,Myrtaceae,Habitat fragmentation,SC,hermaphrodite,invertebrate NA,tree,extratropical,Australia,pending_title_abstract_methods_screen,DOCX source identity/trait metadata materialized before new numerical EGWEE effects; Hedges-d and V(d) cells were parsed only as excluded positions and are not stored.,no
SF06,SF06P033,Butcher et al. (2011) Conservation Genetics 12:1603- 1618,1,Male fitness,1,Tetratheca_paynterae,Elaocarpacea,Habitat fragmentation,SC,hermaphrodite,invertebrate; generalist,shrub,extratropical,Australia,pending_title_abstract_methods_screen,DOCX source identity/trait metadata materialized before new numerical EGWEE effects; Hedges-d and V(d) cells were parsed only as excluded positions and are not stored.,no
SF06,SF06P034,Byers (2020) Plant Biology 22:137- 145,2,Female fitness,1,Lobelia_fenestralis,Campanulace,Habitat Fragmentation,NA,gynodioecious,invertebrate generalist,herb,extratropical,EEUU,pending_title_abstract_methods_screen,DOCX source identity/trait metadata materialized before new numerical EGWEE effects; Hedges-d and V(d) cells were parsed only as excluded positions and are not stored.,no
SF06,SF06P035,Byrne et al. (2007) Molecular Ecology 16:1303- 1314,1,Male fitness,1,Melaleuca_quadrifida,Myrtaceae,Habitat fragmentation,SC,hermaphrodite,vertebrate specialist,shrub,extratropical,Australia,pending_title_abstract_methods_screen,DOCX source identity/trait metadata materialized before new numerical EGWEE effects; Hedges-d and V(d) cells were parsed only as excluded positions and are not stored.,no
SF06,SF06P036,Byrne et al. (2008) Conservation Genetics 9:97- 105,1,Male fitness,1,Eucalyptus_wandoo,Myrtaceae,Habitat fragmentation,SC,hermaphrodite,invertebrate generalist,tree,extratropical,Australia,pending_title_abstract_methods_screen,DOCX source identity/trait metadata materialized before new numerical EGWEE effects; Hedges-d and V(d) cells were parsed only as excluded positions and are not stored.,no
SF06,SF06P037,Capó et al. (2021) Plant Biology 23:121- 129,1,Female fitness,1,Orchis_palustris_subsp._robusta,Orchidaceae,Urbanization,SI,hermaphrodite,invertebrate specialist,herb,extratropical,Spain,pending_title_abstract_methods_screen,DOCX source identity/trait metadata materialized before new numerical EGWEE effects; Hedges-d and V(d) cells were parsed only as excluded positions and are not stored.,no
SF06,SF06P038,Cascante et al. (2002) Conservation Biology 16:137- 147,3,Female fitness; Male fitness; Pollination,1,Samanea_saman,Fabaceae,Habitat fragmentation; Habitat Fragmentation,SI,hermaphrodite,invertebrate; generalist; invertebrate; specialist,tree,tropical,Costa Rica,pending_title_abstract_methods_screen,DOCX source identity/trait metadata materialized before new numerical EGWEE effects; Hedges-d and V(d) cells were parsed only as excluded positions and are not stored.,no
SF06,SF06P039,Chanyenga et al. (2011) Journal of Tropical Ecology 27:515- 520,1,Female fitness,1,Widdringtonia_whytei,Cupressaceae,Habitat Fragmentation,NA,dioecious,wind NA,tree,extratropical,Malawi,pending_title_abstract_methods_screen,DOCX source identity/trait metadata materialized before new numerical EGWEE effects; Hedges-d and V(d) cells were parsed only as excluded positions and are not stored.,no
SF06,SF06P040,Chen & Zuo (2019) Frontiers in Plant Science 10:327,2,Female fitness; Pollination,1,Haloxylon_ammodendron,Amaranthace,Habitat Fragmentation; Habitat fragmentation,SC,gynodioecious,invertebrate generalist,shrub,extratropical,Mongolia,pending_title_abstract_methods_screen,DOCX source identity/trait metadata materialized before new numerical EGWEE effects; Hedges-d and V(d) cells were parsed only as excluded positions and are not stored.,no
SF06,SF06P041,Chen et al. (2019) Science of the Total Environment 654:1056- 1063,2,Female fitness; Pollination,1,Caragana_korshinskii,Fabaceae,Habitat Fragmentation; Habitat fragmentation,SC,hermaphrodite,invertebrate generalist,shrub,extratropical,Mongolia,pending_title_abstract_methods_screen,DOCX source identity/trait metadata materialized before new numerical EGWEE effects; Hedges-d and V(d) cells were parsed only as excluded positions and are not stored.,no
SF06,SF06P042,Chiapero et al. (2021) Forest Ecology and Management 492:119215,2,Female fitness; Pollination,1,Lithraea_molleoides,Anacardiacea,Habitat Fragmentation; Habitat fragmentation,SI,dioecious,invertebrate generalist,tree,extratropical,Argentina,pending_title_abstract_methods_screen,DOCX source identity/trait metadata materialized before new numerical EGWEE effects; Hedges-d and V(d) cells were parsed only as excluded positions and are not stored.,no
SF06,SF06P043,Coates et al. (2007) Australian Journal of Botany 55:239- 249,3,Male fitness,3,Eucalyptus_rameliana; Lambertia_orbifolia; Verticordia_fimbrilepis,Myrtaceae; Proteaceae,Habitat fragmentation,SC,hermaphrodite,vertebrate NA; vertebrate specialist; invertebrate NA,tree; shrub,extratropical,Australia,pending_title_abstract_methods_screen,DOCX source identity/trait metadata materialized before new numerical EGWEE effects; Hedges-d and V(d) cells were parsed only as excluded positions and are not stored.,no
SF06,SF06P044,Collevati et al. (2001) Heredity 86:60- 67,1,Male fitness,1,Caryocar_brasiliense,Caryocaracea,Habitat fragmentation,SI,hermaphrodite,vertebrate specialist,tree,extratropical,Brazil,pending_title_abstract_methods_screen,DOCX source identity/trait metadata materialized before new numerical EGWEE effects; Hedges-d and V(d) cells were parsed only as excluded positions and are not stored.,no
SF06,SF06P045,Colling & Matthies (2004) Oikos 105:71- 78,1,Female fitness,1,Scorzonera_humilis,Asteraceae,Habitat Fragmentation,SC,hermaphrodite,invertebrate; generalist,herb,extratropical,Belgium,pending_title_abstract_methods_screen,DOCX source identity/trait metadata materialized before new numerical EGWEE effects; Hedges-d and V(d) cells were parsed only as excluded positions and are not stored.,no
SF06,SF06P046,Coombs et al. (2009) Austral Ecology 34:688- 697,3,Female fitness; Male fitness; Pollination,1,Gomphocarpus_physocarpus,Apocynaceae,Habitat fragmentation; Habitat Fragmentation,SI,hermaphrodite,invertebrate generalist,herb,tropical,South Africa; Australia,pending_title_abstract_methods_screen,DOCX source identity/trait metadata materialized before new numerical EGWEE effects; Hedges-d and V(d) cells were parsed only as excluded positions and are not stored.,no
SF06,SF06P047,Costin et al. (2001) Biol Conserv 98:273- 284,1,Female fitness,1,Leucochrysum_albicans,Asteraceae,Habitat Fragmentation,SI,hermaphrodite,invertebrate generalist,herb,extratropical,Australia,pending_title_abstract_methods_screen,DOCX source identity/trait metadata materialized before new numerical EGWEE effects; Hedges-d and V(d) cells were parsed only as excluded positions and are not stored.,no
SF06,SF06P048,Craft & Ashley (2010) American Journal of Botany 97:1999- 2006,2,Female fitness; Male fitness,1,Quercus_macrocarpa,Fagaceae,Habitat fragmentation; Habitat Fragmentation,SC; NA,monoecious; hermaphrodite,wind NA,tree,extratropical,Estados Unidos,pending_title_abstract_methods_screen,DOCX source identity/trait metadata materialized before new numerical EGWEE effects; Hedges-d and V(d) cells were parsed only as excluded positions and are not stored.,no
SF06,SF06P049,Cristobal-Pérez et al. (2021) Biological Conservation 256:109007,3,Female fitness; Male fitness; Pollination,1,Spondias_purpurea,Anacardiacea,Habitat fragmentation; Habitat Fragmentation,SI,dioecious,invertebrate; generalist; invertebrate; specialist,tree,tropical,Mexico,pending_title_abstract_methods_screen,DOCX source identity/trait metadata materialized before new numerical EGWEE effects; Hedges-d and V(d) cells were parsed only as excluded positions and are not stored.,no
SF06,SF06P050,Cuevas et al. (2017) Botanical Sciences 95: 401- 408,1,Female fitness,1,Fuchsia_parviflora,Onagraceae,Habitat Fragmentation,SI,dioecious,both generalist,shrub,tropical,Mexico,pending_title_abstract_methods_screen,DOCX source identity/trait metadata materialized before new numerical EGWEE effects; Hedges-d and V(d) cells were parsed only as excluded positions and are not stored.,no
SF06,SF06P051,Cunningham (2000) Conserv Biol 14:758- 768,2,Female fitness,2,Eremophila_glabra; Senna_artemisioides,Scrophulariac; Caesalpiniace,Habitat Fragmentation,SC,hermaphrodite,vertebrate specialist; invertebrate; specialist,herb; shrub,extratropical,Australia,pending_title_abstract_methods_screen,DOCX source identity/trait metadata materialized before new numerical EGWEE effects; Hedges-d and V(d) cells were parsed only as excluded positions and are not stored.,no
SF06,SF06P052,Cunningham (2000) Conservation Biology 14:758- 768,1,Female fitness,1,Dianella_revoluta,Phormiaceae,Habitat Fragmentation,SI,hermaphrodite,invertebrate specialist,herb,extratropical,Australia,pending_title_abstract_methods_screen,DOCX source identity/trait metadata materialized before new numerical EGWEE effects; Hedges-d and V(d) cells were parsed only as excluded positions and are not stored.,no
SF06,SF06P053,Cunningham (2000) Proc R Soc B: Biol Sci 267:1149- 1152,1,Pollination,1,Eremophila_glabra,Scrophulariac,Habitat fragmentation,NA,NA,vertebrate specialist,shrub,extratropical,Australia,pending_title_abstract_methods_screen,DOCX source identity/trait metadata materialized before new numerical EGWEE effects; Hedges-d and V(d) cells were parsed only as excluded positions and are not stored.,no
SF06,SF06P054,Cuéllar-Rodríguez et al. (2016) The Journal of the Torrey Botanical Society 144:58- 62,1,Female fitness,1,Neltuma_laevigate,Fabaceae,Habitat Fragmentation,SI,hermaphrodite,invertebrate generalist,tree,extratropical,Mexico,pending_title_abstract_methods_screen,DOCX source identity/trait metadata materialized before new numerical EGWEE effects; Hedges-d and V(d) cells were parsed only as excluded positions and are not stored.,no
SF06,SF06P055,da Silva Elias et al. (2012) Journal of Tropical Ecology 28:317- 320,2,Female fitness; Pollination,1,Cardiopetalum_calophyllum,Annonaceae,Habitat Fragmentation; Habitat fragmentation,SI,hermaphrodite; dicogamia,invertebrate specialist,shrub,extratropical,Brazil,pending_title_abstract_methods_screen,DOCX source identity/trait metadata materialized before new numerical EGWEE effects; Hedges-d and V(d) cells were parsed only as excluded positions and are not stored.,no
SF06,SF06P056,Dahlgaard & Warncke (1995) Nordic Journal of Botany 15:337- 341,1,Female fitness,1,Saxifraga_hirculus,Saxifragaceae,Habitat Fragmentation,SC,hermaphrodite,invertebrate; NA,herb,extratropical,Alemania,pending_title_abstract_methods_screen,DOCX source identity/trait metadata materialized before new numerical EGWEE effects; Hedges-d and V(d) cells were parsed only as excluded positions and are not stored.,no
SF06,SF06P057,Dainese (2011) Plant Ecology 212:651- 661,1,Female fitness,1,Dactylis_glomerata,Poaceae,Habitat Fragmentation,NA,hermaphrodite,wind NA,herb,extratropical,Italy,pending_title_abstract_methods_screen,DOCX source identity/trait metadata materialized before new numerical EGWEE effects; Hedges-d and V(d) cells were parsed only as excluded positions and are not stored.,no
SF06,SF06P058,Davies et al. (2015) Heredity 115:125- 129,1,Male fitness,1,Vochysia_ferruginea,Vochysiaceae,Habitat fragmentation,SI,hermaphrodite,invertebrate NA,tree,tropical,Costa Rica,pending_title_abstract_methods_screen,DOCX source identity/trait metadata materialized before new numerical EGWEE effects; Hedges-d and V(d) cells were parsed only as excluded positions and are not stored.,no
SF06,SF06P059,Dayanandan et al. (1999) Molecular Ecology 8:2585- 1592,1,Male fitness,1,Carapa_guianensis,Meliaceae,Habitat fragmentation,SI,hermaphrodite,invertebrate NA,tree,tropical,Costa Rica,pending_title_abstract_methods_screen,DOCX source identity/trait metadata materialized before new numerical EGWEE effects; Hedges-d and V(d) cells were parsed only as excluded positions and are not stored.,no
SF06,SF06P060,de Moraes & Sebbenn (2011) Biotropica 43:192- 199,1,Male fitness,1,Hymenaea_stigonocarpa,Fabaceae,Habitat Fragmentation,SC,hermaphrodite,vertebrate specialist,tree,tropical,Brazil,pending_title_abstract_methods_screen,DOCX source identity/trait metadata materialized before new numerical EGWEE effects; Hedges-d and V(d) cells were parsed only as excluded positions and are not stored.,no
SF06,SF06P061,de Moraes et al. (2007) Scientia Forestalis/Forest Sciences 74:75- 86,1,Male fitness,1,Hymenaea_stigonocarpa,Fabaceae,Habitat fragmentation,SC,hermaphrodite,vertebrate specialist,tree,tropical,Brazil,pending_title_abstract_methods_screen,DOCX source identity/trait metadata materialized before new numerical EGWEE effects; Hedges-d and V(d) cells were parsed only as excluded positions and are not stored.,no
SF06,SF06P062,Delnevo et al. (2019) Ecology and Evolution 9:11494- 11503,2,Female fitness,1,Conospermum_undulatum,Protaceae,Habitat Fragmentation,SI,hermaphrodite,invertebrate specialist,shrub,extratropical,Australia,pending_title_abstract_methods_screen,DOCX source identity/trait metadata materialized before new numerical EGWEE effects; Hedges-d and V(d) cells were parsed only as excluded positions and are not stored.,no
SF06,SF06P063,Dick (2001) Proc R Soc Lond Series B: Biol Sci 268:2391- 2396,1,Female fitness,1,Dinizia_excelsa,Fabaceae,Habitat Fragmentation,SC,hermaphrodite,invertebrate generalist,tree,extratropical,Brazil,pending_title_abstract_methods_screen,DOCX source identity/trait metadata materialized before new numerical EGWEE effects; Hedges-d and V(d) cells were parsed only as excluded positions and are not stored.,no
SF06,SF06P064,Donaldson et al. (2002) Conserv Biol 16:1267- 1276,2,Female fitness,2,Pterygodium_catholicum; Trachyandra_hirsuta,Orchidaceae; Asphodelacea,Habitat Fragmentation,SC; SI,hermaphrodite,invertebrate specialist; invertebrate; generalist,herb,extratropical,South Africa,pending_title_abstract_methods_screen,DOCX source identity/trait metadata materialized before new numerical EGWEE effects; Hedges-d and V(d) cells were parsed only as excluded positions and are not stored.,no
SF06,SF06P065,Donaldson et al. (2002) Conservation Biology 16:1267- 1276,3,Female fitness,3,Cyanella_lutea; Gladiolus_liliaceus; Ornithogalum_thyrsoides,Tecophyllace; Iridaceae; Hyacinthacea,Habitat Fragmentation,SC,hermaphrodite,invertebrate specialist; invertebrate generalist,herb,extratropical,South Africa,pending_title_abstract_methods_screen,DOCX source identity/trait metadata materialized before new numerical EGWEE effects; Hedges-d and V(d) cells were parsed only as excluded positions and are not stored.,no
SF06,SF06P066,Dostálek et al. (2010) Conservation Genetics 11:773- 783,1,Female fitness,1,Dracocephalum_austriacum,Lamiaceae,Habitat Fragmentation,SC,hermaphrodite,vertebrate specialist,herb,extratropical,Czech Repubilic,pending_title_abstract_methods_screen,DOCX source identity/trait metadata materialized before new numerical EGWEE effects; Hedges-d and V(d) cells were parsed only as excluded positions and are not stored.,no
SF06,SF06P067,Duffy et al. (2013) Journal of Ecology 101:953- 962,3,Female fitness; Pollination,1,Kniphofia_linearifolia,Xanthorrhoea,Habitat Fragmentation; Habitat fragmentation,NA,hermaphrodite,both generalist; vertebrate generalist,herb,extratropical,South Africa,pending_title_abstract_methods_screen,DOCX source identity/trait metadata materialized before new numerical EGWEE effects; Hedges-d and V(d) cells were parsed only as excluded positions and are not stored.,no
SF06,SF06P068,Ehlers (1999) Nordic Journal of Botany 19:653- 663,3,Female fitness; Male fitness; Pollination,1,Centaurea_scabiosa,Asteraceae,Habitat Fragmentation; Habitat fragmentation,SI,hermaphrodite,invertebrate generalist,herb,extratropical,Denmark,pending_title_abstract_methods_screen,DOCX source identity/trait metadata materialized before new numerical EGWEE effects; Hedges-d and V(d) cells were parsed only as excluded positions and are not stored.,no
SF06,SF06P069,Ehlers et al. (2002) Plant Systematics and Evolution 236:19- 32,2,Female fitness; Male fitness,1,Epipactis_helleborine,Orchidaceae,Habitat Fragmentation; Habitat fragmentation,NA,hermaphrodite,invertebrate specialist,herb,extratropical,Sweden,pending_title_abstract_methods_screen,DOCX source identity/trait metadata materialized before new numerical EGWEE effects; Hedges-d and V(d) cells were parsed only as excluded positions and are not stored.,no
SF06,SF06P070,Ewedje et al. (2017) Conservation Genetics 18:799- 811,1,Male fitness,1,Pentadesma_butyraceae,Clusiaceae,Habitat fragmentation,SC,hermaphrodite,both generalist,tree,tropical,Benin,pending_title_abstract_methods_screen,DOCX source identity/trait metadata materialized before new numerical EGWEE effects; Hedges-d and V(d) cells were parsed only as excluded positions and are not stored.,no
SF06,SF06P071,Favarin et al. (2022) Flora 296:152165,2,Female fitness; Pollination,1,Limonium_narbonense,Plumbaginac,Habitat Fragmentation; Habitat fragmentation,SI,hermaphrodite,invertebrate generalist,herb,extratropical,Italy,pending_title_abstract_methods_screen,DOCX source identity/trait metadata materialized before new numerical EGWEE effects; Hedges-d and V(d) cells were parsed only as excluded positions and are not stored.,no
SF06,SF06P072,Feres et al. (2012) Conservation Genetics 13:393- 405,1,Male fitness,1,Tabebuia_roseoalba,Bignoniaceae,Habitat fragmentation,SI,hermaphrodite,invertebrate; generalist,tree,tropical,Brazil,pending_title_abstract_methods_screen,DOCX source identity/trait metadata materialized before new numerical EGWEE effects; Hedges-d and V(d) cells were parsed only as excluded positions and are not stored.,no
SF06,SF06P073,Fernández et al. (2012) Oecologia 170:421- 431,1,Female fitness,1,Erysimum_popovii,Brassicaceae,Habitat Fragmentation,SC,hermaphrodite,invertebrate generalist,herb,extratropical,Spain,pending_title_abstract_methods_screen,DOCX source identity/trait metadata materialized before new numerical EGWEE effects; Hedges-d and V(d) cells were parsed only as excluded positions and are not stored.,no
SF06,SF06P074,Fernández et al. (2015) Basic and Applied Ecology 16:375- 385,1,Female fitness,1,Erysimum_popovii,Brassicaceae,Habitat Fragmentation,SC,hermaphrodite,invertebrate generalist,herb,extratropical,Spain,pending_title_abstract_methods_screen,DOCX source identity/trait metadata materialized before new numerical EGWEE effects; Hedges-d and V(d) cells were parsed only as excluded positions and are not stored.,no
SF06,SF06P075,Fischer & Matthies (1998) American Journal of Botany 85:811- 819,1,Female fitness,1,Gentianella_germanica,Gentianaceae,Habitat Fragmentation,SC,hermaphrodite,invertebrate generalist,herb,extratropical,Germany,pending_title_abstract_methods_screen,DOCX source identity/trait metadata materialized before new numerical EGWEE effects; Hedges-d and V(d) cells were parsed only as excluded positions and are not stored.,no
SF06,SF06P076,Fritz & Nilsson (1994) Oecologia 100:451- 462,2,Female fitness; Male fitness,1,Orchis_spitzelii,Orchidaceae,Habitat Fragmentation; Habitat fragmentation,NA,hermaphrodite,invertebrate specialist,herb,extratropical,Sweden,pending_title_abstract_methods_screen,DOCX source identity/trait metadata materialized before new numerical EGWEE effects; Hedges-d and V(d) cells were parsed only as excluded positions and are not stored.,no
SF06,SF06P077,Frye & Neel (2017) Evolutionary Applications 10:551- 562,1,Female fitness,1,Trifolium_virginicum,Fabaceae,Habitat Fragmentation,SC,hermaphrodite,invertebrate; NA,herb,extratropical,USA,pending_title_abstract_methods_screen,DOCX source identity/trait metadata materialized before new numerical EGWEE effects; Hedges-d and V(d) cells were parsed only as excluded positions and are not stored.,no
SF06,SF06P078,Gao et al. (2010) Australian Journal of Botany 58:214- 223,1,Female fitness,1,Craigia_yunnanensis,Tiliaceae,Habitat Fragmentation,SC,hermaphrodite,invertebrate generalist,tree,tropical,China,pending_title_abstract_methods_screen,DOCX source identity/trait metadata materialized before new numerical EGWEE effects; Hedges-d and V(d) cells were parsed only as excluded positions and are not stored.,no
SF06,SF06P079,García & Chacoff (2007) Conservation Biology 21:400- 411,2,Female fitness; Pollination,1,Crataegus_monogyna,Rosaceae,Habitat Fragmentation; Habitat fragmentation,SC; SI,hermaphrodite,invertebrate generalist,tree,extratropical,Spain,pending_title_abstract_methods_screen,DOCX source identity/trait metadata materialized before new numerical EGWEE effects; Hedges-d and V(d) cells were parsed only as excluded positions and are not stored.,no
SF06,SF06P080,García-Robledo (2010) Restoration Ecology 18:94- 102,2,Female fitness; Pollination,1,Xanthosoma_daguense,Araceae,Agriculture,SI,monoecious,invertebrate specialist,herb,tropical,Colombia,pending_title_abstract_methods_screen,DOCX source identity/trait metadata materialized before new numerical EGWEE effects; Hedges-d and V(d) cells were parsed only as excluded positions and are not stored.,no
SF06,SF06P081,Gauli et al. (2014) Australian Journal of Botany 61:622- 632,1,Male fitness,1,Eucalyptus_pauciflora,Myrtaceae,Habitat fragmentation,SC,hermaphrodite,invertebrate NA,tree,extratropical,Australia,pending_title_abstract_methods_screen,DOCX source identity/trait metadata materialized before new numerical EGWEE effects; Hedges-d and V(d) cells were parsed only as excluded positions and are not stored.,no
SF06,SF06P082,Ghazoul et al. (1998) Journal of Ecology 86:462- 473,1,Female fitness,1,Pentacme_siamensis,Dipterocarpa,disturbance intensity,SI,hermaphrodite,invertebrate specialist,tree,tropical,Thailand,pending_title_abstract_methods_screen,DOCX source identity/trait metadata materialized before new numerical EGWEE effects; Hedges-d and V(d) cells were parsed only as excluded positions and are not stored.,no
SF06,SF06P083,Gigord et al. (1999) Biological Conservation 88:43- 51,1,Female fitness,1,Dombeya_acutangula,Sterculiaceae,Habitat Fragmentation,SI,hermaphrodite,invertebrate generalist,tree,tropical,Mauritius,pending_title_abstract_methods_screen,DOCX source identity/trait metadata materialized before new numerical EGWEE effects; Hedges-d and V(d) cells were parsed only as excluded positions and are not stored.,no
SF06,SF06P084,Gonzalez Varo et al. (2010) Journal of Applied Ecology 47:1242- 1252,1,Male fitness,1,Myrtus_communis,Myrtaceae,Habitat fragmentation,SC,hermaphrodite,invertebrate generalist,shrub,extratropical,Spain,pending_title_abstract_methods_screen,DOCX source identity/trait metadata materialized before new numerical EGWEE effects; Hedges-d and V(d) cells were parsed only as excluded positions and are not stored.,no
SF06,SF06P085,González-Robles et al. (2021) Molecular Ecology 30:3408- 3421,1,Pollination,1,Ziziphus_lotus,Rhamnaceae,Habitat fragmentation,SI,hermaphrodite,invertebrate generalist,shrub,extratropical,Spain,pending_title_abstract_methods_screen,DOCX source identity/trait metadata materialized before new numerical EGWEE effects; Hedges-d and V(d) cells were parsed only as excluded positions and are not stored.,no
SF06,SF06P086,González-Varo et al. (2009) Biological Conservation 142:1058- 1065,2,Female fitness; Pollination,1,Myrtus_communis,Myrtaceae,Habitat Fragmentation; Habitat fragmentation,SC,hermaphrodite,invertebrate generalist,shrub,extratropical,Spain,pending_title_abstract_methods_screen,DOCX source identity/trait metadata materialized before new numerical EGWEE effects; Hedges-d and V(d) cells were parsed only as excluded positions and are not stored.,no
SF06,SF06P087,Grilli et al. (2013) Forest ecology and management 310:442- 449,2,Female fitness,2,Euphorbia_acerensis; Euphorbia_dentata,Euphorbiacea,Habitat Fragmentation,NA,monoecious,invertebrate NA,herb,extratropical,Argentina,pending_title_abstract_methods_screen,DOCX source identity/trait metadata materialized before new numerical EGWEE effects; Hedges-d and V(d) cells were parsed only as excluded positions and are not stored.,no
SF06,SF06P088,Groom (2001) Biol Conserv 100:55- 63,1,Female fitness,1,Clarkia_concinna,Onagraceae,Habitat Fragmentation,SC,hermaphrodite,invertebrate generalist,herb,extratropical,USA,pending_title_abstract_methods_screen,DOCX source identity/trait metadata materialized before new numerical EGWEE effects; Hedges-d and V(d) cells were parsed only as excluded positions and are not stored.,no
SF06,SF06P089,Hadley et al. (2014) Ecology 95:2202- 2212,2,Female fitness; Pollination,1,Heliconia_tortuosa,Heliconiacea,Habitat Fragmentation; Habitat fragmentation,SC,hermaphrodite,vertebrate specialist,herb,tropical,Costa Rica,pending_title_abstract_methods_screen,DOCX source identity/trait metadata materialized before new numerical EGWEE effects; Hedges-d and V(d) cells were parsed only as excluded positions and are not stored.,no
SF06,SF06P090,Hansen & Olesen (1999) Nordic Journal of Botany 19:665- 671,3,Female fitness; Male fitness,2,Dactylorhiza_majalis; Gymnadenia_conopsea,Orchidaceae,Habitat Fragmentation; Habitat fragmentation,SC,hermaphrodite,invertebrate specialist,herb,extratropical,Denmark; Sweden,pending_title_abstract_methods_screen,DOCX source identity/trait metadata materialized before new numerical EGWEE effects; Hedges-d and V(d) cells were parsed only as excluded positions and are not stored.,no
SF06,SF06P091,Hauber et al. (2022) South African Journal of Botany 146:48- 57,2,Female fitness; Pollination,1,Trichodiadema_strumosum,Aizoaceae,Habitat Fragmentation; Habitat fragmentation,NA,hermaphrodite,invertebrate; generalist,herb,extratropical,South Africa,pending_title_abstract_methods_screen,DOCX source identity/trait metadata materialized before new numerical EGWEE effects; Hedges-d and V(d) cells were parsed only as excluded positions and are not stored.,no
SF06,SF06P092,Hendrix & Kyhl (2000) Conservation Biology 14:304- 313,2,Female fitness; Pollination,1,Phlox_pilosa,Polemoniace,Habitat Fragmentation; Habitat fragmentation,SI,hermaphrodite,invertebrate specialist,herb,extratropical,USA,pending_title_abstract_methods_screen,DOCX source identity/trait metadata materialized before new numerical EGWEE effects; Hedges-d and V(d) cells were parsed only as excluded positions and are not stored.,no
SF06,SF06P093,Hensen & Oberprieler (2005) Conservation Genetics 6:63- 73,1,Female fitness,1,Dictamnus_albus,Rutaceae,Habitat Fragmentation,SC,hermaphrodite,invertebrate specialist,herb,extratropical,Germany,pending_title_abstract_methods_screen,DOCX source identity/trait metadata materialized before new numerical EGWEE effects; Hedges-d and V(d) cells were parsed only as excluded positions and are not stored.,no
SF06,SF06P094,Hensen et al. (2005) Flora 200:3- 14,1,Female fitness,1,Pulsatilla_vulgaris,Ranunculacea,Habitat Fragmentation,SC,hermaphrodite,invertebrate specialist,herb,extratropical,Germany,pending_title_abstract_methods_screen,DOCX source identity/trait metadata materialized before new numerical EGWEE effects; Hedges-d and V(d) cells were parsed only as excluded positions and are not stored.,no
SF06,SF06P095,Herrerías-Diego et al. (2006) Conservation Biology 20:1111- 1120,1,Female fitness,1,Ceiba_aesculifolia,Malvaceae,Habitat Fragmentation,SI,hermaphrodite,vertebrate specialist,tree,tropical,Mexico,pending_title_abstract_methods_screen,DOCX source identity/trait metadata materialized before new numerical EGWEE effects; Hedges-d and V(d) cells were parsed only as excluded positions and are not stored.,no
SF06,SF06P096,Hirayama et al. (2007) Biological Conservation 136:315- 323,1,Female fitness,1,Magnolia_stellata,Magnoliaceae,Habitat Fragmentation,SC,hermaphrodite,invertebrate NA,tree,extratropical,Japan,pending_title_abstract_methods_screen,DOCX source identity/trait metadata materialized before new numerical EGWEE effects; Hedges-d and V(d) cells were parsed only as excluded positions and are not stored.,no
SF06,SF06P097,Hoebee & Young (2001) Heredity 86:489- 496,1,Male fitness,1,Grevillea_iaspicula,Proteaceae,Habitat fragmentation,SI,hermaphrodite,vertebrate specialist,shrub,extratropical,Australia,pending_title_abstract_methods_screen,DOCX source identity/trait metadata materialized before new numerical EGWEE effects; Hedges-d and V(d) cells were parsed only as excluded positions and are not stored.,no
SF06,SF06P098,Hornemann et al. (2012) Flora 207:736- 743,1,Female fitness,1,Muscari_tenuiflorum,Hyacinthacea,Habitat Fragmentation,SC,hermaphrodite,invertebrate specialist,herb,extratropical,Germany,pending_title_abstract_methods_screen,DOCX source identity/trait metadata materialized before new numerical EGWEE effects; Hedges-d and V(d) cells were parsed only as excluded positions and are not stored.,no
SF06,SF06P099,Ilves et al. (2013) Conservation Genetics 14:661- 669,1,Female fitness,1,Ligularia_sibirica,Asteraceae,Habitat Fragmentation,SC,hermaphrodite,invertebrate generalist,herb,extratropical,Estonia,pending_title_abstract_methods_screen,DOCX source identity/trait metadata materialized before new numerical EGWEE effects; Hedges-d and V(d) cells were parsed only as excluded positions and are not stored.,no
SF06,SF06P100,Isagi et al. (2007) Sustainability and Diversity of Forest Ecosystems: An Interdisciplinary Approach 382- 389,1,Female fitness,1,Magnolia_grandiflora,Magnoliaceae,Habitat Fragmentation,SC,hermaphrodite,invertebrate generalist,tree,extratropical,Japan,pending_title_abstract_methods_screen,DOCX source identity/trait metadata materialized before new numerical EGWEE effects; Hedges-d and V(d) cells were parsed only as excluded positions and are not stored.,no
SF06,SF06P101,Jacquemyn et al. (2001) Plant Biology 3:561- 568,1,Female fitness,1,Primula_elatior,Primulaceae,Habitat Fragmentation,SI,hermaphrodite,invertebrate generalist,herb,extratropical,Belgium,pending_title_abstract_methods_screen,DOCX source identity/trait metadata materialized before new numerical EGWEE effects; Hedges-d and V(d) cells were parsed only as excluded positions and are not stored.,no
SF06,SF06P102,Jacquemyn et al. (2002) Oecologia 130:617- 625,1,Female fitness,1,Primula_elatior,Primulaceae,Habitat Fragmentation,SI,hermaphrodite,invertebrate generalist,herb,extratropical,Belgium,pending_title_abstract_methods_screen,DOCX source identity/trait metadata materialized before new numerical EGWEE effects; Hedges-d and V(d) cells were parsed only as excluded positions and are not stored.,no
SF06,SF06P103,Jacquemyn et al. (2006) Oecologia 147:434- 444,1,Female fitness,1,Paris_quadrifolia,Trilliaceae,Habitat Fragmentation,SC,hermaphrodite,invertebrate NA,herb,extratropical,Belgium,pending_title_abstract_methods_screen,DOCX source identity/trait metadata materialized before new numerical EGWEE effects; Hedges-d and V(d) cells were parsed only as excluded positions and are not stored.,no
SF06,SF06P104,Jacquemyn et al. (2008) Basic and Applied Ecology 9:392- 400,1,Female fitness,1,Orchis_mascula,Orchidaceae,Habitat Fragmentation,NA,hermaphrodite,invertebrate specialist,herb,extratropical,Belgium,pending_title_abstract_methods_screen,DOCX source identity/trait metadata materialized before new numerical EGWEE effects; Hedges-d and V(d) cells were parsed only as excluded positions and are not stored.,no
SF06,SF06P105,Jacquemyn et al. (2009) Biology Letters 5:495- 498,2,Female fitness,2,Neottia_ovata; Orchis_purpurea,Orchidaceae,Habitat Fragmentation,NA; SI,hermaphrodite,invertebrate specialist; invertebrate NA,herb,extratropical,Belgium,pending_title_abstract_methods_screen,DOCX source identity/trait metadata materialized before new numerical EGWEE effects; Hedges-d and V(d) cells were parsed only as excluded positions and are not stored.,no
SF06,SF06P106,Jennersten (1988) Conservation Biology 2:359- 366,1,Female fitness,1,Dianthus_deltoides,Caryophyllac,Habitat Fragmentation,SC,hermaphrodite,invertebrate generalist,herb,extratropical,Sweden,pending_title_abstract_methods_screen,DOCX source identity/trait metadata materialized before new numerical EGWEE effects; Hedges-d and V(d) cells were parsed only as excluded positions and are not stored.,no
SF06,SF06P107,Jha & Dick (2010) PNAS 107:13760- 13764,2,Female fitness; Pollination,1,Miconia_affinis,Melastomata,Agriculture,SI,hermaphrodite,invertebrate specialist,tree,tropical,Mexico,pending_title_abstract_methods_screen,DOCX source identity/trait metadata materialized before new numerical EGWEE effects; Hedges-d and V(d) cells were parsed only as excluded positions and are not stored.,no
SF06,SF06P108,Johnson et al. (2004) Biol Conserv 120:31- 39,1,Female fitness,1,Oxyanthus_pyriformis,Rubiaceae,Habitat Fragmentation,SI,hermaphrodite,invertebrate specialist,tree,extratropical,South Africa,pending_title_abstract_methods_screen,DOCX source identity/trait metadata materialized before new numerical EGWEE effects; Hedges-d and V(d) cells were parsed only as excluded positions and are not stored.,no
SF06,SF06P109,Johnson et al. (2004) Biotropica 36:148- 155,1,Female fitness,1,Gerbera_aurantiaca,Asteraceae,Habitat Fragmentation,SI,hermaphrodite,invertebrate specialist,herb,extratropical,South Africa,pending_title_abstract_methods_screen,DOCX source identity/trait metadata materialized before new numerical EGWEE effects; Hedges-d and V(d) cells were parsed only as excluded positions and are not stored.,no
SF06,SF06P110,Johnson et al. (2009) Biology Letters 5:282- 285,3,Female fitness; Pollination,1,Satyrium_longicauda,Orchidaceae,Habitat Fragmentation; Habitat fragmentation,SC,hermaphrodite,invertebrate; specialist,herb,tropical,South Africa,pending_title_abstract_methods_screen,DOCX source identity/trait metadata materialized before new numerical EGWEE effects; Hedges-d and V(d) cells were parsed only as excluded positions and are not stored.,no
SF06,SF06P111,Jolivet et al. (2012) European Journal of Forest Research 131:1055- 1069,1,Male fitness,1,Prunus_avium,Rosaceae,Habitat fragmentation,SI,hermaphrodite,both generalist,tree,extratropical,Germany,pending_title_abstract_methods_screen,DOCX source identity/trait metadata materialized before new numerical EGWEE effects; Hedges-d and V(d) cells were parsed only as excluded positions and are not stored.,no
SF06,SF06P112,Jones & Gliddon (1999) Plant Ecology 141:151- 161,1,Female fitness,1,Lloydia_serotina,Liliaceae,Habitat Fragmentation,SC,androdioecious,invertebrate NA,herb,extratropical,USA,pending_title_abstract_methods_screen,DOCX source identity/trait metadata materialized before new numerical EGWEE effects; Hedges-d and V(d) cells were parsed only as excluded positions and are not stored.,no
SF06,SF06P113,Jules & Rathcke (1999) Conserv Biol 13:784- 793,1,Female fitness,1,Trillium_ovatum,Liliaceae,Habitat Fragmentation,NA,hermaphrodite,invertebrate; generalist,herb,extratropical,USA,pending_title_abstract_methods_screen,DOCX source identity/trait metadata materialized before new numerical EGWEE effects; Hedges-d and V(d) cells were parsed only as excluded positions and are not stored.,no
SF06,SF06P114,Kahmen & Jules (2005) Forest Ecology and Management 210:107- 116,1,Female fitness,1,Trillium_ovatum,Liliaceae,Habitat Fragmentation,SI,hermaphrodite,invertebrate; generalist,herb,extratropical,USA,pending_title_abstract_methods_screen,DOCX source identity/trait metadata materialized before new numerical EGWEE effects; Hedges-d and V(d) cells were parsed only as excluded positions and are not stored.,no
SF06,SF06P115,Kamm et al. (2011) Forest Ecology and Management 262:1047- 1053,1,Male fitness,1,Cormus_domestica,Rosaceae,Habitat fragmentation,SI,hermaphrodite,invertebrate specialist,tree,extratropical,Switzerland,pending_title_abstract_methods_screen,DOCX source identity/trait metadata materialized before new numerical EGWEE effects; Hedges-d and V(d) cells were parsed only as excluded positions and are not stored.,no
SF06,SF06P116,Karrenberg & Jensen (2000) Folia Geobot 35:191- 202,1,Female fitness,1,Pedicularis_palustris,Scrophulariac,Habitat Fragmentation,SC,hermaphrodite,invertebrate specialist,herb,extratropical,Germany,pending_title_abstract_methods_screen,DOCX source identity/trait metadata materialized before new numerical EGWEE effects; Hedges-d and V(d) cells were parsed only as excluded positions and are not stored.,no
SF06,SF06P117,"Kelly et al. (2000) In: Genetics, Demography and Viability of Fragmented Populations.",1,Female fitness,1,Peraxilla_tetrapetala,Loranthaceae,Habitat Fragmentation,SC,hermaphrodite,both generalist,hemiparasite,extratropical,Argentina,pending_title_abstract_methods_screen,DOCX source identity/trait metadata materialized before new numerical EGWEE effects; Hedges-d and V(d) cells were parsed only as excluded positions and are not stored.,no
SF06,SF06P118,Kirchner et al. (2005) Oikos 111:130- 142,1,Female fitness,1,Centaurea_corymbosa,Asteraceae,Habitat Fragmentation,SC,hermaphrodite,invertebrate generalist,herb,extratropical,France,pending_title_abstract_methods_screen,DOCX source identity/trait metadata materialized before new numerical EGWEE effects; Hedges-d and V(d) cells were parsed only as excluded positions and are not stored.,no
SF06,SF06P119,Klank et al. (2010) Journal of Ecology 98:1389- 1397,1,Female fitness,1,Trollius_europaeus,Ranunculacea,Habitat Fragmentation,SI,hermaphrodite,invertebrate; specialist,herb,extratropical,Switzerland,pending_title_abstract_methods_screen,DOCX source identity/trait metadata materialized before new numerical EGWEE effects; Hedges-d and V(d) cells were parsed only as excluded positions and are not stored.,no
SF06,SF06P120,Kleizen et al. (2009) South African Journal of Botany 75:739- 743,1,Female fitness,1,Colchicum_burchellii_subsp._pulchrum,Colchicaceae,Habitat Fragmentation,SC,hermaphrodite,vertebrate specialist,shrub,extratropical,South Africa,pending_title_abstract_methods_screen,DOCX source identity/trait metadata materialized before new numerical EGWEE effects; Hedges-d and V(d) cells were parsed only as excluded positions and are not stored.,no
SF06,SF06P121,Kleunen et al. (2007) Oikos 116:1400- 1412,1,Female fitness,1,Datura_stramonium,Solanaceae,Habitat Fragmentation,SC,hermaphrodite,invertebrate generalist,herb,extratropical,South Africa,pending_title_abstract_methods_screen,DOCX source identity/trait metadata materialized before new numerical EGWEE effects; Hedges-d and V(d) cells were parsed only as excluded positions and are not stored.,no
SF06,SF06P122,Knapp et al. (2001) Oecologia 128:48- 55,1,Female fitness,1,Quercus_douglasii,Fagaceae,Habitat Fragmentation,SI,monoecious,wind NA,tree,extratropical,USA,pending_title_abstract_methods_screen,DOCX source identity/trait metadata materialized before new numerical EGWEE effects; Hedges-d and V(d) cells were parsed only as excluded positions and are not stored.,no
SF06,SF06P123,Kolb & Lindhorst (2006) Plant Ecology 185:209- 220,2,Female fitness,2,Carex_sylvatica; Sanicula_europaea,Cyperaceae; Apiaceae,Habitat Fragmentation,SC,monoecious; hermaphrodite,wind NA; invertebrate; generalist,herb,extratropical,Germany,pending_title_abstract_methods_screen,DOCX source identity/trait metadata materialized before new numerical EGWEE effects; Hedges-d and V(d) cells were parsed only as excluded positions and are not stored.,no
SF06,SF06P124,Kolb (2005) J Ecol 93: 1226- 1237,1,Female fitness,1,Phyteuma_spicatum,Campanulace,Habitat Fragmentation,SI,hermaphrodite,invertebrate specialist,herb,extratropical,Germany,pending_title_abstract_methods_screen,DOCX source identity/trait metadata materialized before new numerical EGWEE effects; Hedges-d and V(d) cells were parsed only as excluded positions and are not stored.,no
SF06,SF06P125,Kolb (2008) Biological Conservation 141:2540- 2549,2,Female fitness; Pollination,1,Phyteuma_spicatum,Campanulace,Habitat Fragmentation; Habitat fragmentation,SI,hermaphrodite,invertebrate generalist,herb,extratropical,Germany,pending_title_abstract_methods_screen,DOCX source identity/trait metadata materialized before new numerical EGWEE effects; Hedges-d and V(d) cells were parsed only as excluded positions and are not stored.,no
SF06,SF06P126,Kolb et al. (2010) Ecology 91:3210- 3217,1,Female fitness,1,Phyteuma_spicatum,Campanulace,Habitat Fragmentation,SI,hermaphrodite,invertebrate generalist,herb,extratropical,Germany,pending_title_abstract_methods_screen,DOCX source identity/trait metadata materialized before new numerical EGWEE effects; Hedges-d and V(d) cells were parsed only as excluded positions and are not stored.,no
SF06,SF06P127,Krauss et al. (2007) Australian Journal of Botany 55:390- 399,2,Female fitness,2,Eucalyptus_salmonophloia; Eucalyptus_salubris,Myrtaceae,Habitat Fragmentation,SC,hermaphrodite,vertebrate generalist,tree,extratropical,Australia,pending_title_abstract_methods_screen,DOCX source identity/trait metadata materialized before new numerical EGWEE effects; Hedges-d and V(d) cells were parsed only as excluded positions and are not stored.,no
SF06,SF06P128,Kunin (1997) Journal of Ecology 225- 234,2,Female fitness; Pollination,1,Sinapis_arvensis,Brassicaceae,Habitat Fragmentation; Habitat fragmentation,SI,hermaphrodite,invertebrate; generalist,herb,extratropical,USA,pending_title_abstract_methods_screen,DOCX source identity/trait metadata materialized before new numerical EGWEE effects; Hedges-d and V(d) cells were parsed only as excluded positions and are not stored.,no
SF06,SF06P129,Kéry et al. (2000) Journal of Ecology 88:17- 30,2,Female fitness,2,Gentiana_lutea; Primula_veris,Gentianaceae; Primulaceae,Habitat Fragmentation,SI,hermaphrodite,invertebrate generalist; invertebrate specialist,herb,extratropical,Switzerland,pending_title_abstract_methods_screen,DOCX source identity/trait metadata materialized before new numerical EGWEE effects; Hedges-d and V(d) cells were parsed only as excluded positions and are not stored.,no
SF06,SF06P130,Lander et al. (2010) Biological Conservation 143:2583- 2590,1,Male fitness,1,Gomortega_keule,Gomortegace,Habitat Fragmentation,SC,hermaphrodite,invertebrate generalist,tree,extratropical,Chile,pending_title_abstract_methods_screen,DOCX source identity/trait metadata materialized before new numerical EGWEE effects; Hedges-d and V(d) cells were parsed only as excluded positions and are not stored.,no
SF06,SF06P131,Lauterbach et al. (2012) Plant Systematics and Evolution 298:155- 164,1,Female fitness,1,Silene_otites,Caryophyllac,Habitat Fragmentation,SI,dioecious,invertebrate; generalist,herb,extratropical,Germany,pending_title_abstract_methods_screen,DOCX source identity/trait metadata materialized before new numerical EGWEE effects; Hedges-d and V(d) cells were parsed only as excluded positions and are not stored.,no
SF06,SF06P132,Lee (2000) Heredity 85:338- 345,1,Male fitness,1,Dryobalanops_aromatica,Dipterocarpa,Logging,SC,hermaphrodite,invertebrate NA,tree,tropical,Malasya,pending_title_abstract_methods_screen,DOCX source identity/trait metadata materialized before new numerical EGWEE effects; Hedges-d and V(d) cells were parsed only as excluded positions and are not stored.,no
SF06,SF06P133,Leimu & Syrjänen (2002) Oikos 98:229- 238,2,Female fitness; Male fitness,1,Vincetoxicum_hirundinaria,Asclepiadacea,Habitat Fragmentation; Habitat fragmentation,SI,hermaphrodite,invertebrate generalist,herb,extratropical,Sweden; Finland,pending_title_abstract_methods_screen,DOCX source identity/trait metadata materialized before new numerical EGWEE effects; Hedges-d and V(d) cells were parsed only as excluded positions and are not stored.,no
SF06,SF06P134,Lennartsson (2002) Ecology 83:3060- 3072,1,Female fitness,1,Gentianella_campestris,Gentianaceae,Habitat Fragmentation,SC,hermaphrodite,invertebrate specialist,herb,extratropical,Sweden,pending_title_abstract_methods_screen,DOCX source identity/trait metadata materialized before new numerical EGWEE effects; Hedges-d and V(d) cells were parsed only as excluded positions and are not stored.,no
SF06,SF06P135,Leong et al. (2014) PLoS One 9: e86357,2,Female fitness; Pollination,1,Centaurea_solstitialis,Asteraceae,Urbanization,SI,hermaphrodite,invertebrate generalist,herb,extratropical,USA,pending_title_abstract_methods_screen,DOCX source identity/trait metadata materialized before new numerical EGWEE effects; Hedges-d and V(d) cells were parsed only as excluded positions and are not stored.,no
SF06,SF06P136,Lienert & Fischer (2003) J Ecol 91:587- 599,1,Female fitness,1,Primula_farinosa,Primulaceae,Habitat Fragmentation,SI,hermaphrodite,invertebrate generalist,herb,extratropical,Switzerland,pending_title_abstract_methods_screen,DOCX source identity/trait metadata materialized before new numerical EGWEE effects; Hedges-d and V(d) cells were parsed only as excluded positions and are not stored.,no
SF06,SF06P137,Llorens et al. (2018) Frontiers in Ecology and Evolution 6: 39,1,Female fitness,1,Eucalyptus_wandoo,Myrtaceae,Habitat Fragmentation,SC,hermaphrodite,both generalist,tree,extratropical,Australia,pending_title_abstract_methods_screen,DOCX source identity/trait metadata materialized before new numerical EGWEE effects; Hedges-d and V(d) cells were parsed only as excluded positions and are not stored.,no
SF06,SF06P138,Lompo et al. (2020) American Journal of Botany 107:1041- 1053,1,Male fitness,1,Parkia_biglobosa,Fabaceae,Habitat fragmentation,SI,monoecious,both generalist,tree,tropical,Burkina Faso,pending_title_abstract_methods_screen,DOCX source identity/trait metadata materialized before new numerical EGWEE effects; Hedges-d and V(d) cells were parsed only as excluded positions and are not stored.,no
SF06,SF06P139,Lopes & Buzato (2007) Oecologia 154:305- 314,2,Female fitness; Pollination,1,Psychotria_suterella,Rubiaceae,Habitat Fragmentation; Habitat fragmentation,SI,hermaphrodite,invertebrate generalist; vertebrate generalist,shrub,tropical,Brazil,pending_title_abstract_methods_screen,DOCX source identity/trait metadata materialized before new numerical EGWEE effects; Hedges-d and V(d) cells were parsed only as excluded positions and are not stored.,no
SF06,SF06P140,Lundell et al. (2015) Folia Geobotanica 50:13- 23,1,Female fitness,1,Chimaphila_umbellata,Ericaceae,Habitat Fragmentation,NA,hermaphrodite,invertebrate generalist,shrub,extratropical,Sweden,pending_title_abstract_methods_screen,DOCX source identity/trait metadata materialized before new numerical EGWEE effects; Hedges-d and V(d) cells were parsed only as excluded positions and are not stored.,no
SF06,SF06P141,Lázaro et al. (2020) Ecological Applications 30:e02099,2,Female fitness,2,Geum_urbanum; Ranunculus_acris,Rosaceae; Ranunculacea,Habitat Fragmentation,SC; SI,hermaphrodite,invertebrate generalist; invertebrate; generalist,herb,extratropical,Norway,pending_title_abstract_methods_screen,DOCX source identity/trait metadata materialized before new numerical EGWEE effects; Hedges-d and V(d) cells were parsed only as excluded positions and are not stored.,no
SF06,SF06P142,Magrach et al. (2012) Austral Ecology 37:600- 609,1,Female fitness,1,Mitraria_coccinea,Gesneriaceae,Habitat Fragmentation,SI,hermaphrodite,invertebrate generalist,hemiparasite,extratropical,Chile,pending_title_abstract_methods_screen,DOCX source identity/trait metadata materialized before new numerical EGWEE effects; Hedges-d and V(d) cells were parsed only as excluded positions and are not stored.,no
SF06,SF06P143,Magrach et al. (2013) Journal of Ecology 101:713- 721,2,Female fitness; Pollination,1,Tristerix_corymbosus,Loranthaceae,Habitat Fragmentation; Habitat fragmentation,SC; SI,hermaphrodite,vertebrate; specialist; vertebrate; generalist,epiphyte; hemiparasite,extratropical,Chile,pending_title_abstract_methods_screen,DOCX source identity/trait metadata materialized before new numerical EGWEE effects; Hedges-d and V(d) cells were parsed only as excluded positions and are not stored.,no
SF06,SF06P144,Manoel et al. (2012) Scientia Forestalis/Forest Sciences 40:145- 155,1,Male fitness,1,Copaifera_langsdorffii,Fabaceae,Habitat fragmentation,SC,hermaphrodite,invertebrate specialist,tree,tropical,Brazil,pending_title_abstract_methods_screen,DOCX source identity/trait metadata materialized before new numerical EGWEE effects; Hedges-d and V(d) cells were parsed only as excluded positions and are not stored.,no
SF06,SF06P145,Matesanz et al. (2015) Plant Biology 17:1047- 1056,3,Female fitness,3,Centaurea_hypssopifolia; Helianthemum_squamatum; Lepidium_subulatum,Asteraceae; Cistaceae; Brassicaceae,Habitat Fragmentation,SC,hermaphrodite,invertebrate generalist,shrub,extratropical,Spain,pending_title_abstract_methods_screen,DOCX source identity/trait metadata materialized before new numerical EGWEE effects; Hedges-d and V(d) cells were parsed only as excluded positions and are not stored.,no
SF06,SF06P146,Mathiasen et al. (2007) Conservation Biology 21:232- 240,2,Male fitness,1,Embothrium_coccineum,Proteaceae,Habitat fragmentation,SI,hermaphrodite,vertebrate specialist,tree,extratropical,Argentina,pending_title_abstract_methods_screen,DOCX source identity/trait metadata materialized before new numerical EGWEE effects; Hedges-d and V(d) cells were parsed only as excluded positions and are not stored.,no
SF06,SF06P147,Matos et al. (2015) Flora 211:1- 10,1,Male fitness,1,Vriesea_gigantea,Bromeliaceae,Habitat fragmentation,SC,hermaphrodite,vertebrate specialist,epifita,tropical,Brazil,pending_title_abstract_methods_screen,DOCX source identity/trait metadata materialized before new numerical EGWEE effects; Hedges-d and V(d) cells were parsed only as excluded positions and are not stored.,no
SF06,SF06P148,Matsumura & Washitani (2000) Ecological Research 15:307- 322,1,Female fitness,1,Primula_sieboldii,Primulaceae,Habitat Fragmentation,SI,hermaphrodite,invertebrate specialist,herb,extratropical,Japan,pending_title_abstract_methods_screen,DOCX source identity/trait metadata materialized before new numerical EGWEE effects; Hedges-d and V(d) cells were parsed only as excluded positions and are not stored.,no
SF06,SF06P149,Medan & Devoto (2017) Plant Systematics and Evolution 303:841- 851,1,Female fitness,1,Ochetophila_trinervis,Rhamnaceae,Habitat Fragmentation,SI,hermaphrodite,invertebrate generalist,shrub,extratropical,Argentina,pending_title_abstract_methods_screen,DOCX source identity/trait metadata materialized before new numerical EGWEE effects; Hedges-d and V(d) cells were parsed only as excluded positions and are not stored.,no
SF06,SF06P150,Meekers & Honnay (2011) Plant Ecology 212:1791- 1801,2,Female fitness,2,Gymnadenia_conopsea; Orchis_mascula,Orchidaceae,Habitat Fragmentation,SC,hermaphrodite,invertebrate generalist,herb,extratropical,Belgium,pending_title_abstract_methods_screen,DOCX source identity/trait metadata materialized before new numerical EGWEE effects; Hedges-d and V(d) cells were parsed only as excluded positions and are not stored.,no
SF06,SF06P151,Michaels et al. (2019) The American Midland Naturalist 182:160- 180,1,Female fitness,1,Lupinus_perennis,Fabaceae,Habitat Fragmentation,SC,hermaphrodite,invertebrate specialist,herb,extratropical,USA,pending_title_abstract_methods_screen,DOCX source identity/trait metadata materialized before new numerical EGWEE effects; Hedges-d and V(d) cells were parsed only as excluded positions and are not stored.,no
SF06,SF06P152,Milberg & Bertilsson (1997) Flora 192:361- 367,1,Female fitness,1,Dracocephalum_ryuschiana,Lamiaceae,Habitat Fragmentation,SC,hermaphrodite,invertebrate specialist,herb,extratropical,Sweden,pending_title_abstract_methods_screen,DOCX source identity/trait metadata materialized before new numerical EGWEE effects; Hedges-d and V(d) cells were parsed only as excluded positions and are not stored.,no
SF06,SF06P153,Millar et al. (2000) Australian Journal of Botany 48:475- 479,1,Male fitness,1,Eucalyptus_marginata,Myrtaceae,Habitat fragmentation,SC,hermaphrodite,invertebrate NA,tree,extratropical,Australia,pending_title_abstract_methods_screen,DOCX source identity/trait metadata materialized before new numerical EGWEE effects; Hedges-d and V(d) cells were parsed only as excluded positions and are not stored.,no
SF06,SF06P154,Mimura et al. (2009) 18:4180- 4192,1,Male fitness,1,Eucalyptus_globulus,Myrtaceae,Habitat Fragmentation,SC,hermaphrodite,invertebrate generalist,tree,extratropical,Australia,pending_title_abstract_methods_screen,DOCX source identity/trait metadata materialized before new numerical EGWEE effects; Hedges-d and V(d) cells were parsed only as excluded positions and are not stored.,no
SF06,SF06P155,Montgomery et al. (2003) New Zealand Journal of Botany 41:277- 286,1,Female fitness,1,Peraxilla_tetrapetala,Loranthaceae,Habitat Fragmentation,SI,hermaphrodite,both generalist,hemiparasite,extratropical,New Zealand,pending_title_abstract_methods_screen,DOCX source identity/trait metadata materialized before new numerical EGWEE effects; Hedges-d and V(d) cells were parsed only as excluded positions and are not stored.,no
SF06,SF06P156,Moody-Weis & Heywood (2001) Am J Bot 88:1615- 1622,1,Female fitness,1,Oenothera_macrocarpa,Onagraceae,Habitat Fragmentation,SI,hermaphrodite,invertebrate specialist,herb,extratropical,USA,pending_title_abstract_methods_screen,DOCX source identity/trait metadata materialized before new numerical EGWEE effects; Hedges-d and V(d) cells were parsed only as excluded positions and are not stored.,no
SF06,SF06P157,Morgan (1999) Conserv Biol 13:266- 273,1,Female fitness,1,Rutidosis_leptorrhynchoides,Asteraceae,Habitat Fragmentation,SI,hermaphrodite,invertebrate; generalist,herb,extratropical,Australia,pending_title_abstract_methods_screen,DOCX source identity/trait metadata materialized before new numerical EGWEE effects; Hedges-d and V(d) cells were parsed only as excluded positions and are not stored.,no
SF06,SF06P158,Morgan et al. (2013) International Journal of Plant Sciences 174:1209- 1218,1,Female fitness,1,Leucochrysum_albicans,Asteraceae,Habitat Fragmentation,SI,hermaphrodite,invertebrate generalist,herb,extratropical,Australia,pending_title_abstract_methods_screen,DOCX source identity/trait metadata materialized before new numerical EGWEE effects; Hedges-d and V(d) cells were parsed only as excluded positions and are not stored.,no
SF06,SF06P159,Mustajarvi et al. (2001) J Ecol 89:80- 87,1,Female fitness,1,Viscaria_vulgaris,Caryophyllac,Habitat Fragmentation,SC,hermaphrodite,invertebrate generalist,herb,extratropical,Finland,pending_title_abstract_methods_screen,DOCX source identity/trait metadata materialized before new numerical EGWEE effects; Hedges-d and V(d) cells were parsed only as excluded positions and are not stored.,no
SF06,SF06P160,Nagamitsu et al. (2016) Ecological Research 31:239- 250,1,Male fitness,1,Prunus_leveilleana,Rosaceae,Habitat fragmentation,SI,hermaphrodite,both generalist,tree,extratropical,Japan,pending_title_abstract_methods_screen,DOCX source identity/trait metadata materialized before new numerical EGWEE effects; Hedges-d and V(d) cells were parsed only as excluded positions and are not stored.,no
SF06,SF06P161,Nielsen & Ims (2000) Ecoscience 7:157- 165,1,Female fitness,1,Viscaria_vulgaris,Caryophyllac,Habitat Fragmentation,SC,hermaphrodite,invertebrate generalist,herb,extratropical,Norway,pending_title_abstract_methods_screen,DOCX source identity/trait metadata materialized before new numerical EGWEE effects; Hedges-d and V(d) cells were parsed only as excluded positions and are not stored.,no
SF06,SF06P162,O'Connell et al. (2006) Heredity 97:418- 426,1,Male fitness,1,Picea_laxa,Pinaceae,Habitat fragmentation,SC,hermaphrodite,wind NA,tree,extratropical,Canada,pending_title_abstract_methods_screen,DOCX source identity/trait metadata materialized before new numerical EGWEE effects; Hedges-d and V(d) cells were parsed only as excluded positions and are not stored.,no
SF06,SF06P163,Olotu et al. (2012) African Journal of Ecology 50:109- 116,1,Female fitness,1,Mesogyne_insignis,Moraceae,Habitat Fragmentation,NA,monoecious,invertebrate generalist,tree,extratropical,Tanzania,pending_title_abstract_methods_screen,DOCX source identity/trait metadata materialized before new numerical EGWEE effects; Hedges-d and V(d) cells were parsed only as excluded positions and are not stored.,no
SF06,SF06P164,Omondi et al. (2018) New Forests 49:53- 65,1,Male fitness,1,Senegalia_senegal,Fabaceae,Habitat fragmentation,SI,hermaphrodite,NA; generalist,tree,tropical,Kenya,pending_title_abstract_methods_screen,DOCX source identity/trait metadata materialized before new numerical EGWEE effects; Hedges-d and V(d) cells were parsed only as excluded positions and are not stored.,no
SF06,SF06P165,Oostermeijer et al. (1998) Conservation Biology 12:1042- 1053,1,Female fitness,1,Gentiana_pneumonanthe,Gentianaceae,Habitat Fragmentation,SC,hermaphrodite,invertebrate specialist,herb,extratropical,Netherland,pending_title_abstract_methods_screen,DOCX source identity/trait metadata materialized before new numerical EGWEE effects; Hedges-d and V(d) cells were parsed only as excluded positions and are not stored.,no
SF06,SF06P166,Ortego et al. (2014) Journal of Plant Ecology 7:384- 395,2,Female fitness; Male fitness,1,Quercus_ilex,Fagaceae,Habitat Fragmentation; Habitat fragmentation,SI,monoecious,wind NA,tree,extratropical,Spain,pending_title_abstract_methods_screen,DOCX source identity/trait metadata materialized before new numerical EGWEE effects; Hedges-d and V(d) cells were parsed only as excluded positions and are not stored.,no
SF06,SF06P167,Oyama et al. (2017) Forest Ecology and Management 390:27- 35,2,Male fitness,1,Quercus_castanea,Fagaceae,Habitat fragmentation,SI,monoecious,wind NA,tree,tropical,Mexico,pending_title_abstract_methods_screen,DOCX source identity/trait metadata materialized before new numerical EGWEE effects; Hedges-d and V(d) cells were parsed only as excluded positions and are not stored.,no
SF06,SF06P168,Parra-Tabla et al. (2011) Biotropica 43:640- 647,1,Female fitness,1,Myrmecophila_christinae,Orchidaceae,Habitat Fragmentation,SC,hermaphrodite,invertebrate specialist,epiphyte,tropical,Mexico,pending_title_abstract_methods_screen,DOCX source identity/trait metadata materialized before new numerical EGWEE effects; Hedges-d and V(d) cells were parsed only as excluded positions and are not stored.,no
SF06,SF06P169,Parraguirre-Lezama et al. (2004) Agrociencia 38:107- 119,1,Male fitness,1,Pinus_greggii,Pinaceae,Habitat fragmentation,SI,monoecious,wind NA,tree,extratropical,Mexico,pending_title_abstract_methods_screen,DOCX source identity/trait metadata materialized before new numerical EGWEE effects; Hedges-d and V(d) cells were parsed only as excluded positions and are not stored.,no
SF06,SF06P170,ParraTabla et al. (2000) Biol Conserv 94:335- 340,1,Female fitness,1,Trichocentrum_ascendens,Orchidaceae,Habitat Fragmentation,SI,hermaphrodite,invertebrate; specialist,epiphyte,tropical,Mexico,pending_title_abstract_methods_screen,DOCX source identity/trait metadata materialized before new numerical EGWEE effects; Hedges-d and V(d) cells were parsed only as excluded positions and are not stored.,no
SF06,SF06P171,Paschke et al. (2002) Am J Bot 89:1250- 1259,1,Female fitness,1,Cochlearia_bavarica,Brassicaceae,Habitat Fragmentation,SI,hermaphrodite,invertebrate generalist,herb,extratropical,Germany,pending_title_abstract_methods_screen,DOCX source identity/trait metadata materialized before new numerical EGWEE effects; Hedges-d and V(d) cells were parsed only as excluded positions and are not stored.,no
SF06,SF06P172,Pauw (2007) Ecology 88:1759- 1769,1,Female fitness,1,Pterygodium_catholicum,Orchidaceae,Habitat Fragmentation,SC,hermaphrodite,invertebrate specialist,herb,extratropical,South Africa,pending_title_abstract_methods_screen,DOCX source identity/trait metadata materialized before new numerical EGWEE effects; Hedges-d and V(d) cells were parsed only as excluded positions and are not stored.,no
SF06,SF06P173,Pearion (2015) The Journal of the Torrey Botanical Society 142:38- 50,1,Female fitness,1,Mononeuria_patula,Caryophyllac,Habitat Fragmentation,SC,hermaphrodite,invertebrate generalist,herb,extratropical,USA,pending_title_abstract_methods_screen,DOCX source identity/trait metadata materialized before new numerical EGWEE effects; Hedges-d and V(d) cells were parsed only as excluded positions and are not stored.,no
SF06,SF06P174,Pellegrino & Bellusci (2014) Botanical Journal of the Linnean Society 176:408- 420,1,Female fitness,1,Serapias_cordigera,Ochidaceae,Habitat Fragmentation,SC,hermaphrodite,invertebrate; specialist,epiphyte,extratropical,Italy,pending_title_abstract_methods_screen,DOCX source identity/trait metadata materialized before new numerical EGWEE effects; Hedges-d and V(d) cells were parsed only as excluded positions and are not stored.,no
SF06,SF06P175,Pellegrino et al. (2015) BMC Plant Biology 15:1- 10,1,Female fitness,1,Serapias_lingua,Ochidaceae,Habitat Fragmentation,SC,hermaphrodite,invertebrate; specialist,epiphyte,extratropical,Italy,pending_title_abstract_methods_screen,DOCX source identity/trait metadata materialized before new numerical EGWEE effects; Hedges-d and V(d) cells were parsed only as excluded positions and are not stored.,no
SF06,SF06P176,Pereyra et al. (2015) Arthropod-Plant Interactions 9:175- 186,1,Female fitness,1,Croton_lachnostachyus,Euphorbiacea,Habitat Fragmentation,SI,monoecious,invertebrate generalist,shrub,extratropical,Argentina,pending_title_abstract_methods_screen,DOCX source identity/trait metadata materialized before new numerical EGWEE effects; Hedges-d and V(d) cells were parsed only as excluded positions and are not stored.,no
SF06,SF06P177,Pierce et al. (2018) Biodiversity and Conservation 27:891- 905,2,Female fitness; Pollination,1,Gentiana_pneumonanthe,Gentianaceae,Habitat Fragmentation; Habitat fragmentation,SC,hermaphrodite,invertebrate specialist,herb,extratropical,Italy,pending_title_abstract_methods_screen,DOCX source identity/trait metadata materialized before new numerical EGWEE effects; Hedges-d and V(d) cells were parsed only as excluded positions and are not stored.,no
SF06,SF06P178,Pires et al. (2014) Austral Ecology 39: 328- 336,1,Female fitness,1,Senefeldera_verticillata,Euphorbiacea,Habitat Fragmentation,SI,andromonoico,invertebrate; generalist,tree,tropical,Brazil,pending_title_abstract_methods_screen,DOCX source identity/trait metadata materialized before new numerical EGWEE effects; Hedges-d and V(d) cells were parsed only as excluded positions and are not stored.,no
SF06,SF06P179,Pol et al. (2019) Tropical Ecology 60:462- 471,1,Female fitness,1,Ficus_adhantodifolia,Moraceae,Habitat Fragmentation,SI,monoecious,invertebrate specialist,tree,tropical,Brazil,pending_title_abstract_methods_screen,DOCX source identity/trait metadata materialized before new numerical EGWEE effects; Hedges-d and V(d) cells were parsed only as excluded positions and are not stored.,no
SF06,SF06P180,Quesada et al. (2003) Oecologia 135:400- 406,1,Female fitness,1,Ceiba_grandiflora,Bombacaceae,Habitat Fragmentation,SI,hermaphrodite,vertebrate specialist,tree,tropical,Mexico,pending_title_abstract_methods_screen,DOCX source identity/trait metadata materialized before new numerical EGWEE effects; Hedges-d and V(d) cells were parsed only as excluded positions and are not stored.,no
SF06,SF06P181,Quesada et al. (2004) Biotropica 36:131- 138,2,Female fitness,2,Ceiba_aesculifolia; Ceiba_grandiflora,Bombacaceae,Habitat Fragmentation,SI,hermaphrodite,vertebrate specialist,tree,tropical,Mexico and Costa Rica,pending_title_abstract_methods_screen,DOCX source identity/trait metadata materialized before new numerical EGWEE effects; Hedges-d and V(d) cells were parsed only as excluded positions and are not stored.,no
SF06,SF06P182,Quesada et al. (2013) American Journal of Botany 100:1095- 1101,1,Male fitness,1,Ceiba_aesculifolia,Bombacaceae,Habitat fragmentation,SI,hermaphrodite,vertebrate specialist,tree,tropical,Mexico,pending_title_abstract_methods_screen,DOCX source identity/trait metadata materialized before new numerical EGWEE effects; Hedges-d and V(d) cells were parsed only as excluded positions and are not stored.,no
SF06,SF06P183,Rabasa et al. (2009) Plant Ecology 200:241- 254,1,Female fitness,1,Colutea_arborescens_subsp._hispanica,Fabaceae,Habitat Fragmentation,SC,hermaphrodite,invertebrate generalist,shrub,extratropical,Spain,pending_title_abstract_methods_screen,DOCX source identity/trait metadata materialized before new numerical EGWEE effects; Hedges-d and V(d) cells were parsed only as excluded positions and are not stored.,no
SF06,SF06P184,Ramos & Santos (2006) Biotropica 38:383- 389,1,Female fitness,1,Psychotria_tenuinervis,Rubiaceae,Habitat Fragmentation,SI,hermaphrodite,invertebrate generalist,shrub,tropical,Brazil,pending_title_abstract_methods_screen,DOCX source identity/trait metadata materialized before new numerical EGWEE effects; Hedges-d and V(d) cells were parsed only as excluded positions and are not stored.,no
SF06,SF06P185,Ramos et al. (2008) Biochemical Genetics 46:88- 100,1,Male fitness,1,Psychotria_tenuinervis,Rubiaceae,Habitat fragmentation,SI,hermaphrodite,invertebrate NA,shrub,tropical,Brazil,pending_title_abstract_methods_screen,DOCX source identity/trait metadata materialized before new numerical EGWEE effects; Hedges-d and V(d) cells were parsed only as excluded positions and are not stored.,no
SF06,SF06P186,Rey et al. (2018) Plant Biology 20:1083- 1092,1,Female fitness,1,Ziziphus_lotus,Rhamnaceae,Habitat Fragmentation,NA,hermaphrodite,invertebrate generalist,tree,extratropical,Spain,pending_title_abstract_methods_screen,DOCX source identity/trait metadata materialized before new numerical EGWEE effects; Hedges-d and V(d) cells were parsed only as excluded positions and are not stored.,no
SF06,SF06P187,Ribeiro & Lovato (2004) Genetics and Molecular Biology 27: 418- 424,1,Male fitness,1,Senna_multijuga,Fabaceae,Habitat fragmentation,SC,hermaphrodite,invertebrate; NA,tree,tropical,Brazil,pending_title_abstract_methods_screen,DOCX source identity/trait metadata materialized before new numerical EGWEE effects; Hedges-d and V(d) cells were parsed only as excluded positions and are not stored.,no
SF06,SF06P188,Robledo-Arnuncio et al. (2004) Molecular Ecology 13:2567- 2577,1,Male fitness,1,Pinus_sylvestris,Pinaceae,Habitat fragmentation,SI,monoecious,wind NA,tree,extratropical,Spain,pending_title_abstract_methods_screen,DOCX source identity/trait metadata materialized before new numerical EGWEE effects; Hedges-d and V(d) cells were parsed only as excluded positions and are not stored.,no
SF06,SF06P189,Rocha & Aguilar (2001) Am J Bot 88:1607- 1614,2,Female fitness; Male fitness,1,Enterolobium_cyclocarpum,Fabaceae,Habitat fragmentation; Habitat Fragmentation,SI,hermaphrodite,invertebrate generalist,tree,tropical,Costa Rica,pending_title_abstract_methods_screen,DOCX source identity/trait metadata materialized before new numerical EGWEE effects; Hedges-d and V(d) cells were parsed only as excluded positions and are not stored.,no
SF06,SF06P190,Rosas et al. (2011) Biological Conservation 144:3082- 3088,2,Male fitness,1,Swietenia_humilis,Meliaceae,Habitat fragmentation,SI,monoecious,invertebrate; generalist,tree,tropical,Mexico,pending_title_abstract_methods_screen,DOCX source identity/trait metadata materialized before new numerical EGWEE effects; Hedges-d and V(d) cells were parsed only as excluded positions and are not stored.,no
SF06,SF06P191,Rossetto et al. (2004) Biol Conserv 117:33- 39,1,Female fitness,1,Elaeocarpus_williamsianus,Elaeocarpace,Habitat Fragmentation,SI,hermaphrodite,invertebrate generalist,tree,extratropical,Australia,pending_title_abstract_methods_screen,DOCX source identity/trait metadata materialized before new numerical EGWEE effects; Hedges-d and V(d) cells were parsed only as excluded positions and are not stored.,no
SF06,SF06P192,Sampson & Byrne (2008) Molecular Ecology 17:2769- 2781,1,Male fitness,1,Eucalyptus_loxophleba,Myrtaceae,Habiat fragmentation,SC,hermaphrodite,invertebrate NA,tree,extratropical,Australia,pending_title_abstract_methods_screen,DOCX source identity/trait metadata materialized before new numerical EGWEE effects; Hedges-d and V(d) cells were parsed only as excluded positions and are not stored.,no
SF06,SF06P193,Sampson et al. (2014) Heredity 112:172- 181,1,Male fitness,1,Melaleuca_quadrifida,Myrtaceae,Habiat fragmentation,SC,hermaphrodite,vertebrate specialist,shrub,extratropical,Australia,pending_title_abstract_methods_screen,DOCX source identity/trait metadata materialized before new numerical EGWEE effects; Hedges-d and V(d) cells were parsed only as excluded positions and are not stored.,no
SF06,SF06P194,Sampson et al. (2016) Ecology and Evolution 6:5867- 5880,2,Female fitness; Male fitness,1,Hakea_oldfieldii,Proteaceae,Habitat fragmentation; Habitat Fragmentation,NA; SI,monoecious; hermaphrodite,invertebrate NA,shrub,extratropical,Australia,pending_title_abstract_methods_screen,DOCX source identity/trait metadata materialized before new numerical EGWEE effects; Hedges-d and V(d) cells were parsed only as excluded positions and are not stored.,no
SF06,SF06P195,Scaccabarozzi et al. (2020) Botanical Journal of the Linnean Society 194:253- 269,2,Female fitness; Male fitness,1,Diuris_magnifica,Orchidaceae,Habitat Fragmentation; Habitat fragmentation,SC,hermaphrodite,invertebrate generalist,herb,extratropical,Australia,pending_title_abstract_methods_screen,DOCX source identity/trait metadata materialized before new numerical EGWEE effects; Hedges-d and V(d) cells were parsed only as excluded positions and are not stored.,no
SF06,SF06P196,Schmidt & Jensen (2000) Am J Bot 87:678- 689,1,Female fitness,1,Pedicularis_palustris,Scrophulariac,Habitat Fragmentation,SC,hermaphrodite,invertebrate specialist,herb,extratropical,Germany,pending_title_abstract_methods_screen,DOCX source identity/trait metadata materialized before new numerical EGWEE effects; Hedges-d and V(d) cells were parsed only as excluded positions and are not stored.,no
SF06,SF06P197,Schmucki & De Blois (2009) Oecologia 160:721- 733,1,Female fitness,1,Trillium_grandiflorum,Liliaceae,Habitat Fragmentation,SI,hermaphrodite,invertebrate; generalist,herb,extratropical,Canada,pending_title_abstract_methods_screen,DOCX source identity/trait metadata materialized before new numerical EGWEE effects; Hedges-d and V(d) cells were parsed only as excluded positions and are not stored.,no
SF06,SF06P198,Seoane et al. (2005) Scientia Forestalis 69:13- 24,1,Male fitness,1,Euterpe_edulis,Arecaceae,Habitat fragmentation,SC,hermaphrodite,invertebrate generalist,tree,tropical,Brazil,pending_title_abstract_methods_screen,DOCX source identity/trait metadata materialized before new numerical EGWEE effects; Hedges-d and V(d) cells were parsed only as excluded positions and are not stored.,no
SF06,SF06P199,Severns (2003) Biol Conserv 110:221- 229,1,Female fitness,1,Lupinus_sulphureus,Fabaceae,Habitat Fragmentation,SI,hermaphrodite,invertebrate specialist,herb,extratropical,USA,pending_title_abstract_methods_screen,DOCX source identity/trait metadata materialized before new numerical EGWEE effects; Hedges-d and V(d) cells were parsed only as excluded positions and are not stored.,no
SF06,SF06P200,Shao et al. (2008) Journal of Integrative Plant Biology 50:1151- 1160,1,Female fitness,1,Primula_merrilliana,Primulaceae,Habitat Fragmentation,SC,hermaphrodite,invertebrate specialist,herb,tropical,China,pending_title_abstract_methods_screen,DOCX source identity/trait metadata materialized before new numerical EGWEE effects; Hedges-d and V(d) cells were parsed only as excluded positions and are not stored.,no
SF06,SF06P201,Silva et al. (2014) Revista de Biología Tropical 62:369- 380,1,Female fitness,1,Psychotria_hastisepala,Rubiaceae,Habitat Fragmentation,SI,hermaphrodite,invertebrate NA,shrub,tropical,Brazil,pending_title_abstract_methods_screen,DOCX source identity/trait metadata materialized before new numerical EGWEE effects; Hedges-d and V(d) cells were parsed only as excluded positions and are not stored.,no
SF06,SF06P202,Smith-Ramirez & Armesto (2003) Aus Ecol 28:53- 60,1,Female fitness,1,Embothrium_coccineum,Proteaceae,Habitat Fragmentation,SI,hermaphrodite,both generalist,tree,extratropical,Chile,pending_title_abstract_methods_screen,DOCX source identity/trait metadata materialized before new numerical EGWEE effects; Hedges-d and V(d) cells were parsed only as excluded positions and are not stored.,no
SF06,SF06P203,Smith-Ramírez et al. (2007) Biodiversity Loss & Conservation 102- 119,1,Female fitness,1,Embothrium_coccineum,Proteaceae,Habitat Fragmentation,SI,hermaphrodite,both generalist,tree,extratropical,Chile,pending_title_abstract_methods_screen,DOCX source identity/trait metadata materialized before new numerical EGWEE effects; Hedges-d and V(d) cells were parsed only as excluded positions and are not stored.,no
SF06,SF06P204,Somanathan & Borges (2000) Biol Conserv 94:243- 256,1,Female fitness,1,Dyospyros_montana,Ebenaceae,Habitat Fragmentation,SI,hermaphrodite,invertebrate generalist,tree,tropical,India,pending_title_abstract_methods_screen,DOCX source identity/trait metadata materialized before new numerical EGWEE effects; Hedges-d and V(d) cells were parsed only as excluded positions and are not stored.,no
SF06,SF06P205,Sonne & Hauser (2014) Annales Botanici Fennici 51:375- 386,1,Female fitness,1,Dactylorhiza_sambucina,Orchidaceae,Habitat Fragmentation,SC,hermaphrodite,invertebrate specialist,herb,extratropical,Denmark,pending_title_abstract_methods_screen,DOCX source identity/trait metadata materialized before new numerical EGWEE effects; Hedges-d and V(d) cells were parsed only as excluded positions and are not stored.,no
SF06,SF06P206,Spigler (2018) Annals of Botany 121:513- 524,1,Female fitness,1,Sabatia_angularis,Gentianaceae,Habitat Fragmentation,SC,hermaphrodite,invertebrate; generalist,herb,extratropical,USA,pending_title_abstract_methods_screen,DOCX source identity/trait metadata materialized before new numerical EGWEE effects; Hedges-d and V(d) cells were parsed only as excluded positions and are not stored.,no
SF06,SF06P207,Steffan-Dewenter & Tscharntke (1996) VII International Symposium on Pollination 437 (pp. 231- 234),1,Female fitness,1,Raphanus_raphanistrum,Brassicaceae,Habitat Fragmentation,SI,hermaphrodite,invertebrate; generalist,herb,extratropical,Germany,pending_title_abstract_methods_screen,DOCX source identity/trait metadata materialized before new numerical EGWEE effects; Hedges-d and V(d) cells were parsed only as excluded positions and are not stored.,no
SF06,SF06P208,Steffan-Dewenter & Tscharntke (1999) Oecologia 121:432- 440,3,Female fitness,2,Raphanus_raphanistrum; Raphanus_raphanistrum_subsp._sativus,Brassicaceae,Habitat Fragmentation,SI,hermaphrodite,invertebrate; generalist; invertebrate; NA,herb,extratropical,Germany,pending_title_abstract_methods_screen,DOCX source identity/trait metadata materialized before new numerical EGWEE effects; Hedges-d and V(d) cells were parsed only as excluded positions and are not stored.,no
SF06,SF06P209,Steffan-Dewenter et al. (2001) Proc Royal Soc London S B: Biol Sci 268:1685- 1690,1,Female fitness,1,Centaurea_jacea,Asteraceae,Agriculture,SI,hermaphrodite,invertebrate generalist,herb,extratropical,Switzerland,pending_title_abstract_methods_screen,DOCX source identity/trait metadata materialized before new numerical EGWEE effects; Hedges-d and V(d) cells were parsed only as excluded positions and are not stored.,no
SF06,SF06P210,Sáyago et al. (2018) AoB Plants 10: ply038,2,Female fitness,2,Tillandsia_intermedia; Tillandsia_makoyana,Bromeliaceae,Habitat Fragmentation,SI,hermaphrodite,vertebrate; specialist,epiphyte,tropical,Mexico,pending_title_abstract_methods_screen,DOCX source identity/trait metadata materialized before new numerical EGWEE effects; Hedges-d and V(d) cells were parsed only as excluded positions and are not stored.,no
SF06,SF06P211,Sõber et al. (2009) Basic and Applied Ecology 10:737- 744,1,Female fitness,1,Verbascum_nigrum,Scrophulariac,Habitat Fragmentation,SI,hermaphrodite,invertebrate specialist,herb,extratropical,Estonia,pending_title_abstract_methods_screen,DOCX source identity/trait metadata materialized before new numerical EGWEE effects; Hedges-d and V(d) cells were parsed only as excluded positions and are not stored.,no
SF06,SF06P212,Tamaki et al. (2009) Molecular Ecology 18: 2365- 2374,1,Male fitness,1,Magnolia_stellata,Magnoliaceae,Habitat fragmentation,SC,hermaphrodite,invertebrate generalist,tree,extratropical,Japan,pending_title_abstract_methods_screen,DOCX source identity/trait metadata materialized before new numerical EGWEE effects; Hedges-d and V(d) cells were parsed only as excluded positions and are not stored.,no
SF06,SF06P213,Tambarussi et al. (2016) International Forestry Review 18:502- 510,1,Male fitness,1,Cariniana_legalis,Lecythidacea,Habitat fragmentation,SC,hermaphrodite,vertebrate specialist,tree,tropical,Brazil,pending_title_abstract_methods_screen,DOCX source identity/trait metadata materialized before new numerical EGWEE effects; Hedges-d and V(d) cells were parsed only as excluded positions and are not stored.,no
SF06,SF06P214,Tewksbury et al. (2002) PNAS 99:12923- 12926,1,Female fitness,1,Ilex_verticillata,Aquifoliaceae,Habitat Fragmentation,SI,hermaphrodite,invertebrate generalist,shrub,extratropical,USA,pending_title_abstract_methods_screen,DOCX source identity/trait metadata materialized before new numerical EGWEE effects; Hedges-d and V(d) cells were parsed only as excluded positions and are not stored.,no
SF06,SF06P215,Tomimatsu & Ohara (2002) Conserv Biol 16:1277- 1285,1,Female fitness,1,Trillium_camschatcense,Liliaceae,Habitat Fragmentation,SI,hermaphrodite,invertebrate; generalist,herb,extratropical,Japan,pending_title_abstract_methods_screen,DOCX source identity/trait metadata materialized before new numerical EGWEE effects; Hedges-d and V(d) cells were parsed only as excluded positions and are not stored.,no
SF06,SF06P216,Tsaliki & Diekmann (2010) Plant Biology 12:622- 629,2,Female fitness,2,Genista_albida; Genista_anglica,Fabaceae,Habitat Fragmentation,SI,hermaphrodite,invertebrate specialist,herb,extratropical,Germany,pending_title_abstract_methods_screen,DOCX source identity/trait metadata materialized before new numerical EGWEE effects; Hedges-d and V(d) cells were parsed only as excluded positions and are not stored.,no
SF06,SF06P217,Tscheulin & Petanidou (2011) Apidologie 42:67- 77,1,Female fitness,1,Thymbra_capitata,Lamiaceae,Habitat Fragmentation,SI,hermaphrodite,invertebrate; generalist,shrub,extratropical,Greece,pending_title_abstract_methods_screen,DOCX source identity/trait metadata materialized before new numerical EGWEE effects; Hedges-d and V(d) cells were parsed only as excluded positions and are not stored.,no
SF06,SF06P218,Valdivia et al. (2005) Biodiversity & Conservation 15:1845- 1856,1,Female fitness,1,Lapageria_rosea,Philesiaceae,Habitat Fragmentation,SC,hermaphrodite,invertebrate generalist,herb,extratropical,Chile,pending_title_abstract_methods_screen,DOCX source identity/trait metadata materialized before new numerical EGWEE effects; Hedges-d and V(d) cells were parsed only as excluded positions and are not stored.,no
SF06,SF06P219,Valdés & García (2011) Journal of Applied Ecology 48:1422- 1431,1,Female fitness,1,Primula_vulgaris,Primulaceae,Habitat Fragmentation,SI,hermaphrodite,invertebrate generalist,herb,extratropical,Spain,pending_title_abstract_methods_screen,DOCX source identity/trait metadata materialized before new numerical EGWEE effects; Hedges-d and V(d) cells were parsed only as excluded positions and are not stored.,no
SF06,SF06P220,Vallius et al. (2007) Nordic Journal of Botany 25:183- 189,2,Female fitness; Male fitness,1,Dactylorhiza_incarnata,Orchidaceae,Habitat Fragmentation; Habitat fragmentation,SC,hermaphrodite,invertebrate specialist,herb,extratropical,Finland,pending_title_abstract_methods_screen,DOCX source identity/trait metadata materialized before new numerical EGWEE effects; Hedges-d and V(d) cells were parsed only as excluded positions and are not stored.,no
SF06,SF06P221,van Kleulen & Johnson (2005) American Journal of Botany 92:1124- 1130,2,Female fitness; Pollination,1,Senna_didymobotrya,Fabaceae,Habitat Fragmentation; Habitat fragmentation,SC,hermaphrodite,invertebrate; specialist,shrub,extratropical,South Africa,pending_title_abstract_methods_screen,DOCX source identity/trait metadata materialized before new numerical EGWEE effects; Hedges-d and V(d) cells were parsed only as excluded positions and are not stored.,no
SF06,SF06P222,Van Rossum (2002) Conserv Biol 16:1286- 1295,1,Female fitness,1,Primula_elatior,Primulaceae,Habitat Fragmentation,SI,hermaphrodite,invertebrate specialist,herb,extratropical,Belgium,pending_title_abstract_methods_screen,DOCX source identity/trait metadata materialized before new numerical EGWEE effects; Hedges-d and V(d) cells were parsed only as excluded positions and are not stored.,no
SF06,SF06P223,Van Rossum (2009) Belgian Journal of Botany 98- 110,1,Female fitness,1,Lychnis_flos- cuculi,Caryophyllac,Habitat Fragmentation,SC,hermaphrodite,invertebrate generalist,herb,extratropical,Belgium,pending_title_abstract_methods_screen,DOCX source identity/trait metadata materialized before new numerical EGWEE effects; Hedges-d and V(d) cells were parsed only as excluded positions and are not stored.,no
SF06,SF06P224,"Van Rossum (2010) Perspective in Plant Ecology, Evolution and Systematics 12:21- 29",1,Female fitness,1,Centaurea_jacea,Asteraceae,Habitat Fragmentation,SI,hermaphrodite,invertebrate specialist,herb,extratropical,Belgium,pending_title_abstract_methods_screen,DOCX source identity/trait metadata materialized before new numerical EGWEE effects; Hedges-d and V(d) cells were parsed only as excluded positions and are not stored.,no
SF06,SF06P225,Van Rossum et al. (2006) Acta Oecologica 30:426- 433,1,Female fitness,1,Primula_veris,Primulaceae,Habitat Fragmentation,SI,hermaphrodite,invertebrate generalist,herb,extratropical,Belgium,pending_title_abstract_methods_screen,DOCX source identity/trait metadata materialized before new numerical EGWEE effects; Hedges-d and V(d) cells were parsed only as excluded positions and are not stored.,no
SF06,SF06P226,Vivarelli et al. (2011) Botanical Journal of the Linnean Society 165:267- 277,1,Female fitness,1,Ononis_spinosa_subsp._masquillierii,Fabaceae,Habitat Fragmentation,SI,hermaphrodite,invertebrate specialist,herb,extratropical,Italy,pending_title_abstract_methods_screen,DOCX source identity/trait metadata materialized before new numerical EGWEE effects; Hedges-d and V(d) cells were parsed only as excluded positions and are not stored.,no
SF06,SF06P227,Vranckx et al. (2014) Forest Ecology and Management 312:19- 27,1,Male fitness,1,Quercus_robur,Fagaceae,Habitat fragmentation,SI,monoecious,wind; NA,tree,extratropical,Belgium,pending_title_abstract_methods_screen,DOCX source identity/trait metadata materialized before new numerical EGWEE effects; Hedges-d and V(d) cells were parsed only as excluded positions and are not stored.,no
SF06,SF06P228,Vranckx et al. (2014) Forest Ecology and Management 328:254- 261,2,Male fitness,1,Quercus_robur,Fagaceae,Habitat fragmentation,SI,monoecious,wind; NA,tree,extratropical,Belgium,pending_title_abstract_methods_screen,DOCX source identity/trait metadata materialized before new numerical EGWEE effects; Hedges-d and V(d) cells were parsed only as excluded positions and are not stored.,no
SF06,SF06P229,Wagenius & Lyon (2010) Ecology 91:733- 742,4,Female fitness; Pollination,1,Echinacea_angustifolia,Asteraceae,Habitat Fragmentation; Habitat fragmentation,SI,hermaphrodite,invertebrate generalist,herb,extratropical,USA,pending_title_abstract_methods_screen,DOCX source identity/trait metadata materialized before new numerical EGWEE effects; Hedges-d and V(d) cells were parsed only as excluded positions and are not stored.,no
SF06,SF06P230,Wagenius (2006) Ecology 87:931- 941,4,Female fitness; Pollination,1,Echinacea_angustifolia,Asteraceae,Habitat Fragmentation; Habitat fragmentation,SI,hermaphrodite,invertebrate generalist,herb,extratropical,USA,pending_title_abstract_methods_screen,DOCX source identity/trait metadata materialized before new numerical EGWEE effects; Hedges-d and V(d) cells were parsed only as excluded positions and are not stored.,no
SF06,SF06P231,Waites & Agren (2004) Journal of Ecology 92:512- 526,1,Pollination,1,Lythrum_salicaria,Lythraceae,population size,SI,hermaphrodite,invertebrate generalist,herb,extratropical,Sweden,pending_title_abstract_methods_screen,DOCX source identity/trait metadata materialized before new numerical EGWEE effects; Hedges-d and V(d) cells were parsed only as excluded positions and are not stored.,no
SF06,SF06P232,Waites & Ågren (2004) Journal of ecology 92:512- 526,1,Female fitness,1,Lythrum_salicaria,Lythraceae,Habitat Fragmentation,SI,hermaphrodite,invertebrate generalist,herb,extratropical,Sweden,pending_title_abstract_methods_screen,DOCX source identity/trait metadata materialized before new numerical EGWEE effects; Hedges-d and V(d) cells were parsed only as excluded positions and are not stored.,no
SF06,SF06P233,Wang et al. (2010) Forest Ecology and Management 260:2180- 2188,4,Female fitness; Male fitness,2,Eurycorymbus_cavaleriei; Pinus_tabulaeformis,Sapindaceae; Pinaceae,Habitat fragmentation; Habitat Fragmentation,SC,dioecious; monoecious,invertebrate NA; wind generalist; wind NA,tree,extratropical,China,pending_title_abstract_methods_screen,DOCX source identity/trait metadata materialized before new numerical EGWEE effects; Hedges-d and V(d) cells were parsed only as excluded positions and are not stored.,no
SF06,SF06P234,Wang et al. (2012) PloS One 7:e48731,2,Female fitness,2,Sagittaria_graminea; Sagittaria_trifolia,Alismataceae,Habitat Fragmentation,SC,monoecious,invertebrate; generalist,herb,extratropical,China,pending_title_abstract_methods_screen,DOCX source identity/trait metadata materialized before new numerical EGWEE effects; Hedges-d and V(d) cells were parsed only as excluded positions and are not stored.,no
SF06,SF06P235,Warburton et al. (2000) Conserv Biol 96:45- 54,1,Female fitness,1,Santalum_acuminatum,Santalaceae,Habitat Fragmentation,SI,hermaphrodite,invertebrate; specialist,tree,extratropical,Australia,pending_title_abstract_methods_screen,DOCX source identity/trait metadata materialized before new numerical EGWEE effects; Hedges-d and V(d) cells were parsed only as excluded positions and are not stored.,no
SF06,SF06P236,Ward et al. (2013) Oecologia 171:883- 891,2,Female fitness,2,Gomphocarpus_fruticosus; Gomphocarpus_physocarpus,Asclepiadacea; Apocynaceae,Habitat Fragmentation,SC,hermaphrodite,invertebrate generalist,herb,extratropical; tropical,Australia,pending_title_abstract_methods_screen,DOCX source identity/trait metadata materialized before new numerical EGWEE effects; Hedges-d and V(d) cells were parsed only as excluded positions and are not stored.,no
SF06,SF06P237,Watanabe et al. (2003) Pl Sp Biol 18:107- 121,1,Female fitness,1,Primula_sieboldii,Primulaceae,Habitat Fragmentation,SC,hermaphrodite,invertebrate specialist,herb,extratropical,Japan,pending_title_abstract_methods_screen,DOCX source identity/trait metadata materialized before new numerical EGWEE effects; Hedges-d and V(d) cells were parsed only as excluded positions and are not stored.,no
SF06,SF06P238,Weber & Kolb (2011) Evolutionary Ecology 25:417- 428,1,Female fitness,1,Phyteuma_spicatum,Campanulace,Habitat Fragmentation,SI,hermaphrodite,invertebrate specialist,shrub,extratropical,Germany,pending_title_abstract_methods_screen,DOCX source identity/trait metadata materialized before new numerical EGWEE effects; Hedges-d and V(d) cells were parsed only as excluded positions and are not stored.,no
SF06,SF06P239,Winter et al. (2008) Biological conservation 141:1095- 1104,10,Female fitness,5,Euphorbia_palustris; Jacobaea_paludosa; Lathyrus_clymenum; Sanguisorba_officinalis; Veronica_longifolia,Euphorbiacea; Asteraceae; Fabaceae; Rosaceae; Scrophulariac,Habitat Fragmentation,SI; SC,hermaphrodite,invertebrate generalist; invertebrate; generalist,herb,extratropical,Germany,pending_title_abstract_methods_screen,DOCX source identity/trait metadata materialized before new numerical EGWEE effects; Hedges-d and V(d) cells were parsed only as excluded positions and are not stored.,no
SF06,SF06P240,Wolf et al. (2000) Conservation Biology 14:454- 463,1,Female fitness,1,Calystegia_collina,Convolvulace,Habitat Fragmentation,SI,hermaphrodite,invertebrate generalist,herb,extratropical,USA,pending_title_abstract_methods_screen,DOCX source identity/trait metadata materialized before new numerical EGWEE effects; Hedges-d and V(d) cells were parsed only as excluded positions and are not stored.,no
SF06,SF06P241,Woods et al. (2022) Landscape Ecology 37:1059- 1073,4,Female fitness; Pollination,1,Heliconia_tortuosa,Heliconiacea,Habitat Fragmentation; Habitat fragmentation,SC,hermaphrodite,vertebrate specialist,herb,tropical,Costa Rica,pending_title_abstract_methods_screen,DOCX source identity/trait metadata materialized before new numerical EGWEE effects; Hedges-d and V(d) cells were parsed only as excluded positions and are not stored.,no
SF06,SF06P242,Yates & Ladd (2004) Austral Ecology 29:189- 200,2,Female fitness; Pollination,1,Verticordia_staminosa,Myrtaceae,Habitat Fragmentation; Habitat fragmentation,SC,hermaphrodite,invertebrate generalist,shrub,extratropical,Australia,pending_title_abstract_methods_screen,DOCX source identity/trait metadata materialized before new numerical EGWEE effects; Hedges-d and V(d) cells were parsed only as excluded positions and are not stored.,no
SF06,SF06P243,Yates & Ladd (2005) Conserv Biol 19:239- 249,1,Female fitness,1,Verticordia_fimbrilepis,Myrtaceae,Habitat Fragmentation,SC,hermaphrodite,invertebrate generalist,shrub,extratropical,Australia,pending_title_abstract_methods_screen,DOCX source identity/trait metadata materialized before new numerical EGWEE effects; Hedges-d and V(d) cells were parsed only as excluded positions and are not stored.,no
SF06,SF06P244,Yates et al. (2007) Biodiversity and Conservation 16:1379- 1395,2,Male fitness; Pollination,1,Melaleuca_quadrifida,Myrtaceae,Habiat fragmentation; Habitat fragmentation,SC,hermaphrodite,vertebrate specialist; vertebrate generalist,shrub,extratropical,Australia,pending_title_abstract_methods_screen,DOCX source identity/trait metadata materialized before new numerical EGWEE effects; Hedges-d and V(d) cells were parsed only as excluded positions and are not stored.,no
SF06,SF06P245,Yates et al. (2007) Biological Conservation 136:306- 314.,1,Female fitness,1,Melaleuca_quadrifida,Myrtaceae,Habitat Fragmentation,SC,hermaphrodite,both generalist,shrub,extratropical,Australia,pending_title_abstract_methods_screen,DOCX source identity/trait metadata materialized before new numerical EGWEE effects; Hedges-d and V(d) cells were parsed only as excluded positions and are not stored.,no
SF06,SF06P246,Yezzi et al. (2020) Plant Ecology 221:1275- 1291,2,Female fitness,2,Margyricarpus_pinnatus; Senecio_pampeanus,Rosaceae; Asteraceae,Habitat Fragmentation,SC,hermaphrodite,invertebrate generalist; invertebrate; generalist,shrub,extratropical,Argentina,pending_title_abstract_methods_screen,DOCX source identity/trait metadata materialized before new numerical EGWEE effects; Hedges-d and V(d) cells were parsed only as excluded positions and are not stored.,no
SF06,SF06P247,Young & Brown (1999) Genetics Research 73:111- 117,1,Male fitness,1,Rutidosis_leptorrhynchoides,Asteraceae,Habitat fragmentation,SI,hermaphrodite,invertebrate; generalist,herb,extratropical,Australia,pending_title_abstract_methods_screen,DOCX source identity/trait metadata materialized before new numerical EGWEE effects; Hedges-d and V(d) cells were parsed only as excluded positions and are not stored.,no
SF06,SF06P248,Young & Pickup (2010) Journal of Applied Ecology 47:541- 548,3,Female fitness; Male fitness; Pollination,1,Rutidosis_leptorrhynchoides,Asteraceae,Habitat fragmentation; Habitat Fragmentation,SI,hermaphrodite,invertebrate; generalist,herb,extratropical,Australia,pending_title_abstract_methods_screen,DOCX source identity/trait metadata materialized before new numerical EGWEE effects; Hedges-d and V(d) cells were parsed only as excluded positions and are not stored.,no
SF06,SF06P249,Yuan et al. (2021) Tropical Ecology 62:27- 33,1,Female fitness,1,Pterospermum_kingtungense,Sterculiaceae,Habitat Fragmentation,SC,hermaphrodite,NA NA,tree,extratropical,China,pending_title_abstract_methods_screen,DOCX source identity/trait metadata materialized before new numerical EGWEE effects; Hedges-d and V(d) cells were parsed only as excluded positions and are not stored.,no
SF06,SF06P250,Zhang & Lou (2015) Journal of Plant Ecology 8:154- 158,2,Female fitness; Pollination,1,Solanum_rostratum,Solanaceae,Habitat Fragmentation; Habitat fragmentation,NA,hermaphrodite,invertebrate; specialist,herb,tropical,Mexico,pending_title_abstract_methods_screen,DOCX source identity/trait metadata materialized before new numerical EGWEE effects; Hedges-d and V(d) cells were parsed only as excluded positions and are not stored.,no
SF06,SF06P251,Zhao et al. (2009) American Journal of Botany 96:1138- 1147,1,Male fitness,1,Glycine_max,Fabaceae,Habitat fragmentation,SC,hermaphrodite,invertebrate NA,herb,tropical,China,pending_title_abstract_methods_screen,DOCX source identity/trait metadata materialized before new numerical EGWEE effects; Hedges-d and V(d) cells were parsed only as excluded positions and are not stored.,no
SF06,SF06P252,Zhao et al. (2014) Botanical Studies 56:1- 9,1,Female fitness,1,Circaeaster_agristis,Circaeasterac,Habitat Fragmentation,NA,hermaphrodite,invertebrate NA,herb,extratropical,China,pending_title_abstract_methods_screen,DOCX source identity/trait metadata materialized before new numerical EGWEE effects; Hedges-d and V(d) cells were parsed only as excluded positions and are not stored.,no
SF06,SF06P253,Zhou et al. (2016) Scientific Reports 6:21435,1,Female fitness,1,Cleisostoma_linearilobatum,Orchidaceae,Habitat Fragmentation,SC,hermaphrodite,invertebrate generalist,epiphyte,extratropical,China,pending_title_abstract_methods_screen,DOCX source identity/trait metadata materialized before new numerical EGWEE effects; Hedges-d and V(d) cells were parsed only as excluded positions and are not stored.,no
SF06,SF06P254,Ågren (1996) Ecology 77:1779- 1790,1,Female fitness,1,Lythrum_salicaria,Lythraceae,Habitat Fragmentation,SI,hermaphrodite,invertebrate generalist,herb,extratropical,Sweden,pending_title_abstract_methods_screen,DOCX source identity/trait metadata materialized before new numerical EGWEE effects; Hedges-d and V(d) cells were parsed only as excluded positions and are not stored.,no
SF06,SF06P255,Ågren et al. (2008) Journal of Ecology 96:334- 345,1,Female fitness,1,Vincetoxicum_hirundinaria,Asclepiadacea,Habitat Fragmentation,SC,hermaphrodite,invertebrate generalist,herb,extratropical,Finland,pending_title_abstract_methods_screen,DOCX source identity/trait metadata materialized before new numerical EGWEE effects; Hedges-d and V(d) cells were parsed only as excluded positions and are not stored.,no
