canonical_identity_key,source_frames,source_ids,citation,species,metadata_layers,sf06_responses,land_use_factors,sf05_title_method_hints,existing_egwee_programmes,screen_class,screen_action,screening_status,outcome_opened
SF04:SF04R02,SF04,SF04:SF04R02,Cunha et al. (2011) Genetica 139: 1159-1168,Dalbergia nigra,G_adult,,,,,single_layer_or_no_pair_hint,retain_in_systematic_universe_no_immediate_pair_screen,retained_no_primary_design_screen_yet,no
SF04:SF04R04,SF04,SF04:SF04R04,Chung & Nason (2007) Biological Conservation 137: 125-137,Cymbidium goeringii,G_adult,,,,,single_layer_or_no_pair_hint,retain_in_systematic_universe_no_immediate_pair_screen,retained_no_primary_design_screen_yet,no
SF04:SF04R05,SF04,SF04:SF04R05,Souto & Premoli (2003) Botanical Bulletin Academia Sinica Taipei 44: 329-336,Alstroemeria aurea,G_adult,,,,,single_layer_or_no_pair_hint,retain_in_systematic_universe_no_immediate_pair_screen,retained_no_primary_design_screen_yet,no
SF04:SF04R06,SF04,SF04:SF04R06,Farwig et al. (2008) Conservation Genetics 9: 317-326,Prunus africana,G_adult,,,,P2_CF01_GPAIR_003,existing_egwee_programme,do_not_recruit_as_new,linked_existing_no_new_recruitment,no
SF04:SF04R07,SF04,SF04:SF04R07,Suni & Whiteley (2015) Conservation Genetics 16: 1431-1442,ipomosis aggregata,G_adult,,,,,single_layer_or_no_pair_hint,retain_in_systematic_universe_no_immediate_pair_screen,retained_no_primary_design_screen_yet,no
SF04:SF04R08,SF04,SF04:SF04R08,Korshikov et al. (2015) Cytology and Genetics 49: 102-108,Pinus brutia,G_adult,,,,,single_layer_or_no_pair_hint,retain_in_systematic_universe_no_immediate_pair_screen,retained_no_primary_design_screen_yet,no
SF04:SF04R09,SF04,SF04:SF04R09,Rymer et al. (2015) Heredity 115: 115-124,Pachira quinata,G_adult,,,,,single_layer_or_no_pair_hint,retain_in_systematic_universe_no_immediate_pair_screen,retained_no_primary_design_screen_yet,no
SF04:SF04R10,SF04,SF04:SF04R10,Jump & Peñuelas (2006) Proceedings of the National Academy of Sciences USA 103: 8096-8100,Fagus sylvatica,G_adult,,,,,single_layer_or_no_pair_hint,retain_in_systematic_universe_no_immediate_pair_screen,retained_no_primary_design_screen_yet,no
SF04:SF04R11,SF04,SF04:SF04R11,White & Powell (1997) Molecular Ecology 6: 851-860,Swietenia humilis,G_adult,,,,,single_layer_or_no_pair_hint,retain_in_systematic_universe_no_immediate_pair_screen,retained_no_primary_design_screen_yet,no
SF04:SF04R12,SF04,SF04:SF04R12,Novick et al. (2003) Molecular Ecology 12: 2885-2893,Swietenia macrophylla,G_adult,,,,,single_layer_or_no_pair_hint,retain_in_systematic_universe_no_immediate_pair_screen,retained_no_primary_design_screen_yet,no
SF04:SF04R13,SF04,SF04:SF04R13,Gómez-Fernández et al. (2016) Conservation Genetics 17: 631-641,Lepidium subulatum,G_adult,,,,,single_layer_or_no_pair_hint,retain_in_systematic_universe_no_immediate_pair_screen,retained_no_primary_design_screen_yet,no
SF04:SF04R14,SF04,SF04:SF04R14,Addisalem et al. (2016) Forest Ecology and Management 360: 253-260,Boswellia papyrifera,G_adult,,,,,single_layer_or_no_pair_hint,retain_in_systematic_universe_no_immediate_pair_screen,retained_no_primary_design_screen_yet,no
SF04:SF04R15,SF04,SF04:SF04R15,Li et al. (2015) Pakistan Journal of Botany 47: 2171-2179,Sauvagesia rhodoleuca,G_adult,,,,,single_layer_or_no_pair_hint,retain_in_systematic_universe_no_immediate_pair_screen,retained_no_primary_design_screen_yet,no
SF04:SF04R16,SF04,SF04:SF04R16,Baucom et al. (2005) Conservation Genetics 6: 39-50,Acer saccharum,G_adult,,,,,single_layer_or_no_pair_hint,retain_in_systematic_universe_no_immediate_pair_screen,retained_no_primary_design_screen_yet,no
SF04:SF04R17,SF04,SF04:SF04R17,Peñaloza-Ramírez et al. (2016) Revista Mexicana de Biodiversidad 87: 990-1001,Chamaedorea alternans,G_adult,,,,,single_layer_or_no_pair_hint,retain_in_systematic_universe_no_immediate_pair_screen,retained_no_primary_design_screen_yet,no
SF04:SF04R19,SF04,SF04:SF04R19,Sujii et al. (2017) Biological Conservation 211: 110-116,Centrolobium tomentosum,G_adult,,,,,single_layer_or_no_pair_hint,retain_in_systematic_universe_no_immediate_pair_screen,retained_no_primary_design_screen_yet,no
SF04:SF04R21,SF04,SF04:SF04R21,Millán-Aguilar et al. (2016) Forests 7: art197,Avicennia germinans,G_adult,,,,,single_layer_or_no_pair_hint,retain_in_systematic_universe_no_immediate_pair_screen,retained_no_primary_design_screen_yet,no
SF04:SF04R22,SF04,SF04:SF04R22,Otao et al. (2016) Applications in Plant Sciences 4: art1500110,Indigofera pseudotinctoria,G_adult,,,,,single_layer_or_no_pair_hint,retain_in_systematic_universe_no_immediate_pair_screen,retained_no_primary_design_screen_yet,no
SF04:SF04R23,SF04,SF04:SF04R23,Ahrens & James (2016) Conservation Genetics 17: 891-901,Comesperma polygaloides,G_adult,,,,,single_layer_or_no_pair_hint,retain_in_systematic_universe_no_immediate_pair_screen,retained_no_primary_design_screen_yet,no
SF04:SF04R24,SF04,SF04:SF04R24,Lara-Romero et al. (2016) Heredity 116: 417-423,Silene ciliata,G_adult,,,,,single_layer_or_no_pair_hint,retain_in_systematic_universe_no_immediate_pair_screen,retained_no_primary_design_screen_yet,no
SF04:SF04R25,SF04,SF04:SF04R25,Aavik et al. (2017) Biological Conservation 210: 125-135,Rhinanthus osiliensis,G_adult,,,,,single_layer_or_no_pair_hint,retain_in_systematic_universe_no_immediate_pair_screen,retained_no_primary_design_screen_yet,no
SF04:SF04R26,SF04,SF04:SF04R26,Melo & Franceschinelli (2016) Journal of Tropical Ecology 32: 135-145,Cabralea canjerana,G_adult,,,,,single_layer_or_no_pair_hint,retain_in_systematic_universe_no_immediate_pair_screen,retained_no_primary_design_screen_yet,no
SF04:SF04R27,SF04,SF04:SF04R27,Matesanz et al. (2017) Frontiers in Plant Science 8: art843,Centaurea hyssopifolia,G_adult,,,,,single_layer_or_no_pair_hint,retain_in_systematic_universe_no_immediate_pair_screen,retained_no_primary_design_screen_yet,no
SF04:SF04R28,SF04,SF04:SF04R28,Suárez-Montes et al. (2016) PeerJ 4: e2764,Aphelandra aurantiaca,G_adult,,,,,single_layer_or_no_pair_hint,retain_in_systematic_universe_no_immediate_pair_screen,retained_no_primary_design_screen_yet,no
SF04:SF04R29,SF04,SF04:SF04R29,Astuti et al. (2017) Nature Conservation 22: 169-190,Cistus laurifolius,G_adult,,,,,single_layer_or_no_pair_hint,retain_in_systematic_universe_no_immediate_pair_screen,retained_no_primary_design_screen_yet,no
SF04:SF04R30,SF04,SF04:SF04R30,Bupp et al. (2017) Conservation Genetics 18: 77-88,Lupinus aridorum,G_adult,,,,,single_layer_or_no_pair_hint,retain_in_systematic_universe_no_immediate_pair_screen,retained_no_primary_design_screen_yet,no
SF04:SF04R31,SF04,SF04:SF04R31,Crichton et al. (2016) Conservation Genetics 17: 547-556,Melampyrum sylvaticum,G_adult,,,,,single_layer_or_no_pair_hint,retain_in_systematic_universe_no_immediate_pair_screen,retained_no_primary_design_screen_yet,no
SF04:SF04R32,SF04,SF04:SF04R32,Martínez-Natarén et al. (2017) Journal of Tropical Ecology 33: 285-294,Manikara zapota,G_adult,,,,,single_layer_or_no_pair_hint,retain_in_systematic_universe_no_immediate_pair_screen,retained_no_primary_design_screen_yet,no
SF04:SF04R33,SF04,SF04:SF04R33,Shiga et al. (2017) Journal of Plant Research 130: 83-93,Nuphar submersa,G_adult,,,,,single_layer_or_no_pair_hint,retain_in_systematic_universe_no_immediate_pair_screen,retained_no_primary_design_screen_yet,no
SF04:SF04R34,SF04,SF04:SF04R34,Stevens et al. (2015) New Zealand Journal of Ecology 39: 190-197,Melicytus ramiflorus,G_adult,,,,,single_layer_or_no_pair_hint,retain_in_systematic_universe_no_immediate_pair_screen,retained_no_primary_design_screen_yet,no
SF04:SF04R36,SF04,SF04:SF04R36,White et al. (1999) Molecular Ecology 8: 1899-1909,Swietenia humilis Zucc.,G_adult,,,,,single_layer_or_no_pair_hint,retain_in_systematic_universe_no_immediate_pair_screen,retained_no_primary_design_screen_yet,no
SF04:SF04R37,SF04,SF04:SF04R37,Tunaitiene et al. (2017) Biochemical Systematics and Ecology 70: 294-303,Erigeron annuus,G_adult,,,,,single_layer_or_no_pair_hint,retain_in_systematic_universe_no_immediate_pair_screen,retained_no_primary_design_screen_yet,no
SF04:SF04R38,SF04,SF04:SF04R38,Heinicke et al. (2016) Flora 224: 42-49.,Stipa pennata,G_adult,,,,,single_layer_or_no_pair_hint,retain_in_systematic_universe_no_immediate_pair_screen,retained_no_primary_design_screen_yet,no
SF05:1,SF05,SF05:1,"Beghé, D., Piotti, A., Satovic, Z., De La Rosa, R., Belaj, A., 2017. Pollen-mediated gene flow and fine-scale spatial genetic structure in Olea europaea subsp. europaea var. sylvestris. Ann. Bot. 119, 671–679. https://doi.org/10.1093/aob/mcw246",Olea europaea spp europaea var sylvestris,C;G_adult,,,C_screen;G_adult_FSGS,,other_multilayer_metadata_hint,screen_after_primary_if_queue,pending_outcome_blind_design_screen,no
SF05:10,SF05,SF05:10,"Duminil, J., Mendene Abessolo, D.T., Ndiade Bourobou, D., Doucet, J.L., Loo, J., Hardy, O.J., 2016. High selfing rate, limited pollen dispersal and inbreeding depression in the emblematic African rain forest tree Baillonella toxisperma – Management implications. For. Ecol. Manage. 379, 20–29. https://doi.org/10.1016/j.foreco.2016.08.003",Baillonella toxisperma,C;G_adult,,,C_screen;G_adult_FSGS,,other_multilayer_metadata_hint,screen_after_primary_if_queue,pending_outcome_blind_design_screen,no
SF05:11,SF05,SF05:11,"Duminil, J., Daïnou, K., Kaviriri, D.K., Gillet, P., Loo, J., Doucet, J.L., Hardy, O.J., 2016. Relationships between population density, fine-scale genetic structure, mating system and pollen dispersal in a timber tree from African rainforests. Heredity (Edinb). 116, 295–303. https://doi.org/10.1038/hdy.2015.101",Erythrophleum suaveolens,C;D;G_adult,,,C_screen;D_screen;G_adult_FSGS,,other_multilayer_metadata_hint,screen_after_primary_if_queue,pending_outcome_blind_design_screen,no
SF05:13,SF05,SF05:13,"Ganzhorn, S.M., Thomas, W.W., Gaiotto, F.A., Lewis, J.D., 2015. Spatial genetic structure of Manilkara maxima (Sapotaceae), a tree species from the Brazilian Atlantic forest. J. Trop. Ecol. 31, 437–447. https://doi.org/10.1017/S0266467415000292",Manikara maxima,G_adult,,,G_adult_FSGS,,single_layer_or_no_pair_hint,retain_in_systematic_universe_no_immediate_pair_screen,retained_no_primary_design_screen_yet,no
SF05:15,SF05,SF05:15,"Hardy, O.J., Maggia, L., Bandou, E., Breyne, P., Caron, H., Chevallier, M.H., Doligez, A., Dutech, C., Kremer, A., Latouche-Hallé, C., Troispoux, V., Veron, V., Degen, B., 2006. Fine-scale genetic structure and gene dispersal inferences in 10 Neotropical tree species. Mol. Ecol. 15, 559–571. https://doi.org/10.1111/j.1365-294X.2005.02785.x",Dycorynia guianensis; Moronobea coccinea; Sextonia rubra; Symphonia globulifera; Vouacapoua americana,C;G_adult,,,C_screen;G_adult_FSGS,,other_multilayer_metadata_hint,screen_after_primary_if_queue,pending_outcome_blind_design_screen,no
SF05:16,SF05,SF05:16,"Heer, K., Kalko, E.K.V., Albrecht, L., García-Villacorta, R., Staeps, F.C., Herre, E.A., Dick, C.W., 2015. Spatial scales of genetic structure in free-standing and strangler figs (Ficus, Moraceae) inhabiting neotropical forests. PLoS One 10, 1–18. https://doi.org/10.1371/journal.pone.0133581",Ficus yoponensis,G_adult,,,G_adult_FSGS,,single_layer_or_no_pair_hint,retain_in_systematic_universe_no_immediate_pair_screen,retained_no_primary_design_screen_yet,no
SF05:17,SF05,SF05:17,"Jump, A.S., Rico, L., Coll, M., Peñuelas, J., 2012. Wide variation in spatial genetic structure between natural populations of the European beech (Fagus sylvatica) and its implications for SGS comparability. Heredity (Edinb). 108, 633–639. https://doi.org/10.1038/hdy.2012.1",Fagus sylvatica,G_adult,,,G_adult_FSGS,,single_layer_or_no_pair_hint,retain_in_systematic_universe_no_immediate_pair_screen,retained_no_primary_design_screen_yet,no
SF05:19,SF05,SF05:19,"Kyndt, T., Assogbadjo, A.E., Hardy, O.J., Kaka’Ï, R.G., Sinsin, B., Van Damme, P., Gheysen, G., 2009. Spatial genetic structuring of baobab (Adansonia digitata, Malvaceae) in the traditional agroforestry systems of west africa. Am. J. Bot. 96, 950–957. https://doi.org/10.3732/ajb.0800266",Adansonia digitata,G_adult,,,G_adult_FSGS,,single_layer_or_no_pair_hint,retain_in_systematic_universe_no_immediate_pair_screen,retained_no_primary_design_screen_yet,no
SF05:2,SF05,SF05:2,"Berens, D.G., Braun, C., Gonzalez-Martinez, S.C., Griebeler, E.M., Nathan, R., Böhning-Gaese, K., 2014. Fine-scale spatial genetic dynamics over the life cycle of the tropical tree Prunus africana. Heredity (Edinb). 113, 401–407. https://doi.org/10.1038/hdy.2014.40",Prunus africana,G_adult;G_offspring,,,G_adult_FSGS;G_offspring_screen,,other_multilayer_metadata_hint,screen_after_primary_if_queue,pending_outcome_blind_design_screen,no
SF05:20,SF05,SF05:20,"Lemos, R.P.M., D’Oliveira, C.B., Stefenon, V.M., 2015. Genetic structure and internal gene flow in populations of Schinus molle (Anacardiaceae) in the Brazilian Pampa. Tree Genet. Genomes 11. https://doi.org/10.1007/s11295-015-0885-7",Schinus molle,C;G_adult,,,C_screen;G_adult_FSGS,,other_multilayer_metadata_hint,screen_after_primary_if_queue,pending_outcome_blind_design_screen,no
SF05:21,SF05,SF05:21,"Lind-Riehl, J., Gailing, O., 2015. Fine-scale spatial genetic structure of two red oak species, Quercus rubra and Quercus ellipsoidalis. Plant Syst. Evol. 301, 1601–1612. https://doi.org/10.1007/s00606-014-1173-y",Quercus ellipsoidalis; Quercus rubra,G_adult,,,G_adult_FSGS,,single_layer_or_no_pair_hint,retain_in_systematic_universe_no_immediate_pair_screen,retained_no_primary_design_screen_yet,no
SF05:22,SF05,SF05:22,"Mizuki, I., Ishida, K., Tani, N., Tsumura, Y., 2010. Fine-scale spatial structure of genets and sexes in the dioecious plant Dioscorea japonica, which disperses by both bulbils and seeds. Evol. Ecol. 24, 1399–1415. https://doi.org/10.1007/s10682-010-9396-z.",Dioscorea japonica,G_adult,,,G_adult_FSGS,,single_layer_or_no_pair_hint,retain_in_systematic_universe_no_immediate_pair_screen,retained_no_primary_design_screen_yet,no
SF05:23,SF05,SF05:23,"Nakagawa, M., 2010. Fine-scale genetic structure within plots of Polygala reinii (Polygalaceae) having an ant-dispersal seed. J. Plant Res. 123, 355–362. https://doi.org/10.1007/s10265-009-0276-y",Polygala reinii,G_adult,,,G_adult_FSGS,,single_layer_or_no_pair_hint,retain_in_systematic_universe_no_immediate_pair_screen,retained_no_primary_design_screen_yet,no
SF05:24,SF05,SF05:24,"Oddou-Muratorio, S., Demesure-Musch, B., Pélissier, R., Gouyon, P.H., 2004. Impacts of gene flow and logging history on the local genetic structure of a scattered tree species, Sorbus torminalis L. Crantz. Mol. Ecol. 13, 3689–3702. https://doi.org/10.1111/j.1365-294X.2004.02373.x",Sorbus torminalis,C;G_adult,,,C_screen;G_adult_FSGS,,other_multilayer_metadata_hint,screen_after_primary_if_queue,pending_outcome_blind_design_screen,no
SF05:25,SF05,SF05:25,"Oddou-Muratorio, S., Bontemps, A., Klein, E.K., Chybicki, I., Vendramin, G.G., Suyama, Y., 2010. Comparison of direct and indirect genetic methods for estimating seed and pollen dispersal in Fagus sylvatica and Fagus crenata. For. Ecol. Manage. 259, 2151–2159. https://doi.org/10.1016/j.foreco.2010.03.001",Fagus crenata; Fagus sylvatica,C;G_adult,,,C_screen;G_adult_FSGS,,other_multilayer_metadata_hint,screen_after_primary_if_queue,pending_outcome_blind_design_screen,no
SF05:27,SF05,SF05:27,"Sant’Anna, C.S., Sebbenn, A.M., Klabunde, G.H.F., Bittencourt, R., Nodari, R.O., Mantovani, A., dos Reis, M.S., 2013. Realized pollen and seed dispersal within a continuous population of the dioecious coniferous Brazilian pine [Araucaria angustifolia (Bertol.) Kuntze]. Conserv. Genet. 14, 601–613. https://doi.org/10.1007/s10592-013-0451-5",Araucaria angustifolia,G_adult,,,G_adult_FSGS,,single_layer_or_no_pair_hint,retain_in_systematic_universe_no_immediate_pair_screen,retained_no_primary_design_screen_yet,no
SF05:28,SF05,SF05:28,"Schroeder, J.W., Tran, H.T., Dick, C.W., 2014. Fine scale spatial genetic structure in Pouteria reticulata (Engl.) Eyma (Sapotaceae), a dioecious, vertebrate dispersed tropical rain forest tree species. Glob. Ecol. Conserv. 1, 43–49. https://doi.org/10.1016/j.gecco.2014.07.002",Pouteria reticulata,G_adult,,,G_adult_FSGS,,single_layer_or_no_pair_hint,retain_in_systematic_universe_no_immediate_pair_screen,retained_no_primary_design_screen_yet,no
SF05:29,SF05,SF05:29,"Soto, A., Lorenzo, Z., Gil, L., 2007. Differences in fine-scale genetic structure and dispersal in Quercus ilex L. and Q. suber L.: Consequences for regeneration of mediterranean open woods. Heredity (Edinb). 99, 601–607. https://doi.org/10.1038/sj.hdy.6801007",Quercus ilex; Quercus suber,G_adult,,,G_adult_FSGS,,single_layer_or_no_pair_hint,retain_in_systematic_universe_no_immediate_pair_screen,retained_no_primary_design_screen_yet,no
SF05:30,SF05,SF05:30,"Theim, T.J., Shirk, R.Y., Givnish, T.J., 2014. Spatial genetic structure in four understory Psychotria species (Rubiaceae) and implications for tropical forest diversity. Am. J. Bot. 101, 1189–1199. https://doi.org/10.3732/ajb.1300460",Psychothria horizontalis; Psychothria marginata; Psychotria acuminata; Psychotria hoffmannseggiana,G_adult,,,G_adult_FSGS,,single_layer_or_no_pair_hint,retain_in_systematic_universe_no_immediate_pair_screen,retained_no_primary_design_screen_yet,no
SF05:31,SF05,SF05:31,"Theim, T.J., Shirk, R.Y., Givnish, T.J., 2014. Spatial genetic structure in four understory Psychotria species (Rubiaceae) and implications for tropical forest diversity. Am. J. Bot. 101, 1189–1199. https://doi.org/10.3732/ajb.1300460",Ceratiola ericoides,G_adult,,,G_adult_FSGS,,single_layer_or_no_pair_hint,retain_in_systematic_universe_no_immediate_pair_screen,retained_no_primary_design_screen_yet,no
SF05:32,SF05,SF05:32,"Wang, R., Compton, S.G., Chen, X.Y., 2011. Fragmentation can increase spatial genetic structure without decreasing pollen-mediated gene flow in a wind-pollinated tree. Mol. Ecol. 20, 4421–4432. https://doi.org/10.1111/j.1365-294X.2011.05293.x",Castanopsis sclerophylla,C;G_adult,,,C_screen;G_adult_FSGS,,other_multilayer_metadata_hint,screen_after_primary_if_queue,pending_outcome_blind_design_screen,no
SF05:4,SF05,SF05:4,"Bizoux, J.P., Daïnou, K., Bourland, N., Hardy, O.J., Heuertz, M., Mahy, G., Doucet, J.L., 2009. Spatial genetic structure in Milicia excelsa (Moraceae) indicates extensive gene dispersal in a low-density wind-pollinated tropical tree. Mol. Ecol. 18, 4398–4408. https://doi.org/10.1111/j.1365-294X.2009.04365.x",Milicia excelsa,C;D;G_adult,,,C_screen;D_screen;G_adult_FSGS,,other_multilayer_metadata_hint,screen_after_primary_if_queue,pending_outcome_blind_design_screen,no
SF05:42,SF05,SF05:42,"Van Rossum, F., Triest, L., 2003. Spatial Genetic Structure and Reproductive Success in Fragmented and Continuous Populations of Primula vulgaris. Folia Geobot. 38, 239–254.",Primula vulgaris,F;G_adult,,,F_screen;G_adult_FSGS,,other_multilayer_metadata_hint,screen_after_primary_if_queue,pending_outcome_blind_design_screen,no
SF05:44,SF05,SF05:44,"Van Rossum, F., Triest, L., 2007. Fine-scale spatial genetic structure of the distylous Primula veris in fragmented habitats. Plant Biol. 9, 374–382. https://doi.org/10.1055/s-2006-924632",Primula veris,G_adult,,,G_adult_FSGS,,single_layer_or_no_pair_hint,retain_in_systematic_universe_no_immediate_pair_screen,retained_no_primary_design_screen_yet,no
SF05:46,SF05,SF05:46,"Born, C., Hardy, O.J., Chevallier, M.H., Ossari, S., Attéké, C., Wickings, E.J., Hossaert-Mckey, M., 2008. Small-scale spatial genetic structure in the Central African rainforest tree species Aucoumea klaineana: A stepwise approach to infer the impact of limited gene dispersal, population history and habitat fragmentation. Mol. Ecol. 17, 2041–2050. https://doi.org/10.1111/j.1365-294X.2007.03685.x",Aucoumea klaineana,C;G_adult,,,C_screen;G_adult_FSGS,,other_multilayer_metadata_hint,screen_after_primary_if_queue,pending_outcome_blind_design_screen,no
SF05:48,SF05,SF05:48,"Aizawa, M., Nakayama, C., Ohkubo, T., 2016. Comparison of fine-scale spatial genetic structure of two sympatric Rhododendron shrub species in forest habitat having different seed weights: A case study. Silvae Genet. 65, 39–45. https://doi.org/10.1515/sg-2016-0015",Rhododendron kaempferi; Rhodondendron semibarbatum,G_adult,,,G_adult_FSGS,,single_layer_or_no_pair_hint,retain_in_systematic_universe_no_immediate_pair_screen,retained_no_primary_design_screen_yet,no
SF05:49,SF05,SF05:49,"Albaladejo, R.G., Guzmán, B., González-Martínez, S.C., Aparicio, A., 2012. Extensive pollen flow but few pollen donors and high reproductive variance in an extremely fragmented landscape. PLoS One 7, 1–9. https://doi.org/10.1371/journal.pone.0049012",Pistacia lentiscus,C;G_adult,,,C_screen;G_adult_FSGS,ML009_PS013,existing_egwee_programme,do_not_recruit_as_new,linked_existing_no_new_recruitment,no
SF05:51,SF05,SF05:51,"Araújo, M.R.G., Melo Júnior, A.F. de, Menezes, E.V., Brandão, M.M., Cota, L.G., Oliveira, D.A. de, Royo, V. de A., Vieira, F.A., 2017. Fine-scale spatial genetic structure and gene flow in Acrocomia aculeata (Arecaceae): Analysis in an overlapping generation. Biochem. Syst. Ecol. 71, 147–154. https://doi.org/10.1016/j.bse.2017.02.005",Acrocomia aculeata,C;G_adult,,,C_screen;G_adult_FSGS,,other_multilayer_metadata_hint,screen_after_primary_if_queue,pending_outcome_blind_design_screen,no
SF05:52,SF05,SF05:52,"Bessega, C., Pometti, C.L., Ewens, M., Saidman, B.O., Vilardi, J.C., 2016. Fine-scale spatial genetic structure analysis in two Argentine populations of Prosopis alba (Mimosoideae) with different levels of ecological disturbance. Eur. J. For. Res. 135, 495–505. https://doi.org/10.1007/s10342-016-0948-9",Prosopis alba,G_adult,,,G_adult_FSGS,,single_layer_or_no_pair_hint,retain_in_systematic_universe_no_immediate_pair_screen,retained_no_primary_design_screen_yet,no
SF05:54,SF05,SF05:54,"Budde, K.B., González-Martínez, S.C., Navascués, M., Burgarella, C., Mosca, E., Lorenzo, Z., Zabal-Aguirre, M., Vendramin, G.G., Verdú, M., Pausas, J.G., Heuertz, M., 2017. Increased fire frequency promotes stronger spatial genetic structure and natural selection at regional and local scales in Pinus halepensis Mill. Ann. Bot. 119, 1061–1072. https://doi.org/10.1093/aob/mcw286",Pinus halepensis,G_adult,,,G_adult_FSGS,,single_layer_or_no_pair_hint,retain_in_systematic_universe_no_immediate_pair_screen,retained_no_primary_design_screen_yet,no
SF05:56,SF05,SF05:56,"Buzatti, R.S. de O., Ribeiro, R.A., Filho, J.P. de L., Lovato, M.B., 2012. Fine-scale spatial genetic structure of Dalbergia nigra (Fabaceae), a threatened and endemic tree of the Brazilian Atlantic Forest. Genet. Mol. Biol. 35, 838–846. https://doi.org/10.1590/S1415-47572012005000066",Dalbergia nigra,G_adult,,,G_adult_FSGS,,single_layer_or_no_pair_hint,retain_in_systematic_universe_no_immediate_pair_screen,retained_no_primary_design_screen_yet,no
SF05:57,SF05,SF05:57,"Castilla, A.R., Garrote, P.J., ?ywiec, M., Calvo, G., Suárez-Esteban, A., Delibes, M., Godoy, J.A., Picó, F.X., Fedriani, J.M., 2019. Genetic rescue by distant trees mitigates qualitative pollen limitation imposed by fine-scale spatial genetic structure. Mol. Ecol. 28, 4363–4374. https://doi.org/10.1111/mec.15233",Pyrus bourgaeana,G_adult,,,G_adult_FSGS,,single_layer_or_no_pair_hint,retain_in_systematic_universe_no_immediate_pair_screen,retained_no_primary_design_screen_yet,no
SF05:64,SF05,SF05:64,"Jacquemyn, H., Brys, R., Vandepitte, K., Honnay, O., Roldán-Ruiz, I., 2006. Fine-scale genetic structure of life history stages in the food-deceptive orchid Orchis purpurea. Mol. Ecol. 15, 2801–2808. https://doi.org/10.1111/j.1365-294X.2006.02978.x",Orchis purpurea,G_adult,,,G_adult_FSGS,,single_layer_or_no_pair_hint,retain_in_systematic_universe_no_immediate_pair_screen,retained_no_primary_design_screen_yet,no
SF05:65,SF05,SF05:65,"Jacquemyn, H., Wiegand, T., Vandepitte, K., Brys, R., Roldán-Ruiz, I., Honnay, O., 2009. Multigenerational analysis of spatial structure in the terrestrial, food-deceptive orchid Orchis mascula. J. Ecol. 97, 206–216. https://doi.org/10.1111/j.1365-2745.2008.01464.x",Orchis mascula,G_adult,,,G_adult_FSGS,,single_layer_or_no_pair_hint,retain_in_systematic_universe_no_immediate_pair_screen,retained_no_primary_design_screen_yet,no
SF05:66,SF05,SF05:66,"Jin, Z., Li, J., Liu, L., 2012. Fine-scale spatial genetic structure within age classes of the two fragmented populations of Sinocalycanthus chinensis Cheng et S.Y. Chang, an endangered plant species endemic to China. Biochem. Syst. Ecol. 43, 117–124. https://doi.org/10.1016/j.bse.2012.02.023.",Sinocalucanthus chinensis,G_adult;G_offspring,,,G_adult_FSGS;G_offspring_screen,,other_multilayer_metadata_hint,screen_after_primary_if_queue,pending_outcome_blind_design_screen,no
SF05:67,SF05,SF05:67,"Yamagishi, H., Tomimatsu, H., Ohara, M., 2007. Fine-scale spatial genetic structure within continuous and fragmented populations of Trillium camschatcense. J. Hered. 98, 367–372. https://doi.org/10.1093/jhered/esm040",Trillium camschatcense,G_adult,,,G_adult_FSGS,,single_layer_or_no_pair_hint,retain_in_systematic_universe_no_immediate_pair_screen,retained_no_primary_design_screen_yet,no
SF05:68,SF05,SF05:68,"Yao, X., Zhang, J., Ye, Q., Huang, H., 2011. Fine-scale spatial genetic structure and gene flow in a small, fragmented population of Sinojackia rehderiana (Styracaceae), an endangered tree species endemic to China. Plant Biol. 13, 401–410. https://doi.org/10.1111/j.1438-8677.2010.00361.x",Sinojackia rehderiana,C;G_adult,,,C_screen;G_adult_FSGS,,other_multilayer_metadata_hint,screen_after_primary_if_queue,pending_outcome_blind_design_screen,no
SF05:69,SF05,SF05:69,"Chung, M.Y., Nason, J.D., Chung, M.G., 2007. Effects of population succession on demographic and genetic processes: Predictions and tests in the daylily Hemerocallis thunbergii (Liliaceae). Mol. Ecol. 16, 2816–2829. https://doi.org/10.1111/j.1365-294X.2007.03361.x",Hemerocallis thunbergii,D;G_adult,,,D_screen;G_adult_FSGS,,other_multilayer_metadata_hint,screen_after_primary_if_queue,pending_outcome_blind_design_screen,no
SF05:70,SF05,SF05:70,"Chybicki, I.J., Trojankiewicz, M., Oleksa, A., Dzialuk, A., Burczyk, J., 2009. Isolation-by-distance within naturally established populations of European beech (Fagus sylvatica). Botany 87, 791–798. https://doi.org/10.1139/B09-049.",Fagus sylvatica,G_adult,,,G_adult_FSGS,,single_layer_or_no_pair_hint,retain_in_systematic_universe_no_immediate_pair_screen,retained_no_primary_design_screen_yet,no
SF05:71,SF05,SF05:71,"Côrtes, M.C., Uriarte, M., Lemes, M.R., Gribel, R., John Kress, W., Smouse, P.E., Bruna, E.M., 2013. Low plant density enhances gene dispersal in the Amazonian understory herb Heliconia acuminata. Mol. Ecol. 22, 5716–5729. https://doi.org/10.1111/mec.12495",Heliconia acuminata,C;D;G_adult,,,C_screen;D_screen;G_adult_FSGS,,other_multilayer_metadata_hint,screen_after_primary_if_queue,pending_outcome_blind_design_screen,no
SF05:73,SF05,SF05:73,"Dering, M., Sękiewicz, K., Iszkuło, G., Chojnacka, A., Tomaszewski, D., Pers-Kamczyc, E., Karolewski, P., 2018. Spatial genetic structure and clonal structure of Prunus serotina during invasive spread. Silva Fenn. 52, 1–21. https://doi.org/10.14214/sf.9987",Prunus serotina,G_adult,,,G_adult_FSGS,,single_layer_or_no_pair_hint,retain_in_systematic_universe_no_immediate_pair_screen,retained_no_primary_design_screen_yet,no
SF05:74,SF05,SF05:74,"Gigant, R.L., De Bruyn, A., M’sa, T., Viscardi, G., Gigord, L., Gauvin-Bialecki, A., Pailler, T., Humeau, L., Grisoni, M., Besse, P., 2016. Combining pollination ecology and fine-scale spatial genetic structure analysis to unravel the reproductive strategy of an insular threatened orchid. South African J. Bot. 105, 25–35. https://doi.org/10.1016/j.sajb.2016.02.205",Vanilla humblotii,G_adult,,,G_adult_FSGS,,single_layer_or_no_pair_hint,retain_in_systematic_universe_no_immediate_pair_screen,retained_no_primary_design_screen_yet,no
SF05:76,SF05,SF05:76,"Ismail, S.A., Ghazoul, J., Ravikanth, G., Uma Shaanker, R., Kushalappa, C.G., Kettle, C.J., 2012. Does long-distance pollen dispersal preclude inbreeding in tropical trees? Fragmentation genetics of Dysoxylum malabaricum in an agro-forest landscape. Mol. Ecol. 21, 5484–5496. https://doi.org/10.1111/mec.12054",Dysoxylum malabaricum,C;G_adult,,,C_screen;G_adult_FSGS,,other_multilayer_metadata_hint,screen_after_primary_if_queue,pending_outcome_blind_design_screen,no
SF05:77,SF05,SF05:77,"Pandey, M., Rajora, O.P., 2012. Higher fine-scale genetic structure in peripheral than in core populations of a long-lived and mixed-mating conifer - Eastern white cedar (Thuja occidentalis L.). BMC Evol. Biol. 12. https://doi.org/10.1186/1471-2148-12-48",Thuja occidentalis,G_adult,,,G_adult_FSGS,,single_layer_or_no_pair_hint,retain_in_systematic_universe_no_immediate_pair_screen,retained_no_primary_design_screen_yet,no
SF05:79,SF05,SF05:79,"Pometti, C., Bessega, C., Cialdella, A., Ewens, M., Saidman, B., Vilardi, J., 2018. Spatial genetic structure within populations and management implications of the South American species Acacia aroma (Fabaceae). PLoS One 13, 1–14. https://doi.org/10.1371/journal.pone.0192107",Acacia aroma,G_adult,,,G_adult_FSGS,,single_layer_or_no_pair_hint,retain_in_systematic_universe_no_immediate_pair_screen,retained_no_primary_design_screen_yet,no
SF05:8,SF05,SF05:8,"Cloutier, D., Hardy, O.J., Caron, H., Ciampi, A.Y., Degen, B., Kanashiro, M., Schoen, D.J., 2007. Low Inbreeding and High Pollen Dispersal Distances in Populations of Two Amazonian Forest Tree Species. Biotropica 39, 406–415. https://doi.org/10.1111/j.1744-7429.2007.00266.x",Carapa guianensis; Sextonia rubra,C;G_adult,,,C_screen;G_adult_FSGS,,other_multilayer_metadata_hint,screen_after_primary_if_queue,pending_outcome_blind_design_screen,no
SF05:80,SF05,SF05:80,"Vaughan, S.P., Cottrell, J.E., Moodley, D.J., Connolly, T., Russell, K., 2007. Distribution and fine-scale spatial-genetic structure in British wild cherry (Prunus avium L.). Heredity (Edinb). 98, 274–283. https://doi.org/10.1038/sj.hdy.6800935",Prunus avium,G_adult,,,G_adult_FSGS,,single_layer_or_no_pair_hint,retain_in_systematic_universe_no_immediate_pair_screen,retained_no_primary_design_screen_yet,no
SF05:82,SF05,SF05:82,"Morgan, E.J., Kaiser-Bunbury, C.N., Edwards, P.J., Fleischer-Dogley, F., Kettle, C.J., 2017. Keeping it in the family: strong fine-scale genetic structure and inbreeding in Lodoicea maldivica, the largest-seeded plant in the world. Conserv. Genet. 18, 1317–1329. https://doi.org/10.1007/s10592-017-0982-2 | Morgan, E.J., Kaiser-Bunbury, C.N., Edwards, P.J., Fleischer-Dogley, F., Kettle, C.J., 2017. Keeping it in the family: strong fine-scale genetic structure and inbreeding in Lodoicea maldivica, the largest-seeded plant in the world. Conserv. Genet. 18, 1317–1329. https://doi.org/10.1007/s10592-017-0982-3 | Morgan, E.J., Kaiser-Bunbury, C.N., Edwards, P.J., Fleischer-Dogley, F., Kettle, C.J., 2017. Keeping it in the family: strong fine-scale genetic structure and inbreeding in Lodoicea maldivica, the largest-seeded plant in the world. Conserv. Genet. 18, 1317–1329. https://doi.org/10.1007/s10592-017-0982-4 | Morgan, E.J., Kaiser-Bunbury, C.N., Edwards, P.J., Fleischer-Dogley, F., Kettle, C.J., 2017. Keeping it in the family: strong fine-scale genetic structure and inbreeding in Lodoicea maldivica, the largest-seeded plant in the world. Conserv. Genet. 18, 1317–1329. https://doi.org/10.1007/s10592-017-0982-5",Lodoicea maldivica,G_adult,,,G_adult_FSGS,,single_layer_or_no_pair_hint,retain_in_systematic_universe_no_immediate_pair_screen,retained_no_primary_design_screen_yet,no
SF05:83,SF05,SF05:83,"Browne, L., Karubian, J., 2018. Habitat loss and fragmentation reduce effective gene flow by disrupting seed dispersal in a neotropical palm. Mol. Ecol. 27, 3055–3069. https://doi.org/10.1111/mec.14765",Oenocarpus bataua,C;G_adult,,,C_screen;G_adult_FSGS,,other_multilayer_metadata_hint,screen_after_primary_if_queue,pending_outcome_blind_design_screen,no
SF05:84,SF05,SF05:84,"Mathiasen, P., Premoli, A.C., 2013. Fine-scale genetic structure of Nothofagus pumilio (lenga) at contrasting elevations of the altitudinal gradient. Genetica 141, 95–105. https://doi.org/10.1007/s10709-013-9709-6",Nothofagus pumilio,G_adult,,,G_adult_FSGS,,single_layer_or_no_pair_hint,retain_in_systematic_universe_no_immediate_pair_screen,retained_no_primary_design_screen_yet,no
SF05:85,SF05,SF05:85,"Monthe, F.K., Hardy, O.J., Doucet, J.L., Loo, J., Duminil, J., 2017. Extensive seed and pollen dispersal and assortative mating in the rain forest tree Entandrophragma cylindricum (Meliaceae) inferred from indirect and direct analyses. Mol. Ecol. 26, 5279–5291. https://doi.org/10.1111/mec.14241",Entandrophragma cylindricum,C;G_adult,,,C_screen;G_adult_FSGS,,other_multilayer_metadata_hint,screen_after_primary_if_queue,pending_outcome_blind_design_screen,no
SF05:86,SF05,SF05:86,"Raabová, J., Van Rossum, F., Jacquemart, A.L., Raspé, O., 2015. Population size affects genetic diversity and fine-scale spatial genetic structure in the clonal distylous herb Menyanthes trifoliata. Perspect. Plant Ecol. Evol. Syst. 17, 193–200. https://doi.org/10.1016/j.ppees.2015.02.005",Menyanthes trifoliata,D;G_adult,,,D_screen;G_adult_FSGS,,other_multilayer_metadata_hint,screen_after_primary_if_queue,pending_outcome_blind_design_screen,no
SF05:87,SF05,SF05:87,"Octavio-Aguilar, P., Iglesias-Andreu, L.G., de Cáceres-González, F.F.N., Galván-Hernández, D.M., 2017. Fine-scale genetic structure of Zamia furfuracea: Variation with life-cycle stages. Int. J. Plant Sci. 178, 57–66. https://doi.org/10.1086/689200",Zamia furfuraceae,G_adult,,,G_adult_FSGS,,single_layer_or_no_pair_hint,retain_in_systematic_universe_no_immediate_pair_screen,retained_no_primary_design_screen_yet,no
SF05:88,SF05,SF05:88,"Xu, N., Jiang, K., Biswas, S.R., Tong, X., Wang, R., Chen, X., 2019. Clone Configuration and Spatial Genetic Structure of Two Halophila ovalis Populations With Contrasting Internode Lengths. Front. Ecol. Evol. 7, 1–13. https://doi.org/10.3389/fevo.2019.00170",Halophila ovalis,G_adult,,,G_adult_FSGS,,single_layer_or_no_pair_hint,retain_in_systematic_universe_no_immediate_pair_screen,retained_no_primary_design_screen_yet,no
SF05:9,SF05,SF05:9,"Dodd, R.S., Mayer, W., Nettel, A., Afzal-Rafii, Z., 2013. Clonal growth and fine-scale genetic structure in tanoak (Notholithocarpus densiflorus: Fagaceae). J. Hered. 104, 105–114. https://doi.org/10.1093/jhered/ess080",Notholithocarpus densiflorus,G_adult,,,G_adult_FSGS,,single_layer_or_no_pair_hint,retain_in_systematic_universe_no_immediate_pair_screen,retained_no_primary_design_screen_yet,no
SF05:90,SF05,SF05:90,"Zuo, W., Song, W., Jin, Z., Li, J., 2015. Fine-scale spatial genetic structure of Glechoma longituba. Shengtai Xuebao/ Acta Ecol. Sin. 35, 5761–5768. https://doi.org/10.5846/stxb201312223001",Glechoma longituba,G_adult,,,G_adult_FSGS,,single_layer_or_no_pair_hint,retain_in_systematic_universe_no_immediate_pair_screen,retained_no_primary_design_screen_yet,no
SF05:91,SF05,SF05:91,"Vandepitte, K., Roldán-Ruiz, I., Leus, L., Jacquemyn, H., Honnay, O., 2009. Canopy closure shapes clonal diversity and fine-scale genetic structure in the dioecious understorey perennial Mercurialis perennis. J. Ecol. 97, 404–414. https://doi.org/10.1111/j.1365-2745.2009.01484.x",Mercurialis perennis,G_adult,,,G_adult_FSGS,,single_layer_or_no_pair_hint,retain_in_systematic_universe_no_immediate_pair_screen,retained_no_primary_design_screen_yet,no
SF05:92,SF05,SF05:92,"Jin, Y., He, T., Lu, B.R., 2006. Genetic spatial clustering: Significant implications for conservation of wild soybean (Glycine soja: Fabaceae). Genetica 128, 41–49. https://doi.org/10.1007/s10709-005-4823-8",Glycine soja,G_adult,,,G_adult_FSGS,,single_layer_or_no_pair_hint,retain_in_systematic_universe_no_immediate_pair_screen,retained_no_primary_design_screen_yet,no
SF05:94,SF05,SF05:94,"Kettle, C.J., Hollingsworth, P.M., Burslem, D.F.R.P., Maycock, C.R., Khoo, E., Ghazoul, J., 2011. Determinants of fine-scale spatial genetic structure in three co-occurring rain forest canopy trees in Borneo. Perspect. Plant Ecol. Evol. Syst. 13, 47–56. https://doi.org/10.1016/j.ppees.2010.11.002",Parashorea tomentella; Shorea xanthophylla,G_adult,,,G_adult_FSGS,,single_layer_or_no_pair_hint,retain_in_systematic_universe_no_immediate_pair_screen,retained_no_primary_design_screen_yet,no
SF05:96,SF05,SF05:96,"Ayre, D., Ottewell, K., Krauss, S., Whelan, RJ. 2009. Genetic structure of seedling cohorts following repeated wildfires in the fire-sensitive shrub Persoonia mollis ssp nectens. Journal of Ecology 97(4): 752-760. https://doi.org/10.1111/j.1365-2745.2009.01516.x",Persoonia mollis ssp nectens,G_adult;G_offspring,,,G_adult_FSGS;G_offspring_screen,,other_multilayer_metadata_hint,screen_after_primary_if_queue,pending_outcome_blind_design_screen,no
SF06:SF06P001,SF06,SF06:SF06P001,Abrahamczyk et al. (2021) Plant Ecology 222:613- 623,Centaurea_scabiosa,F;I,Female fitness; Pollination,Habitat Fragmentation; Habitat fragmentation,,,primary_if_fragmentation_design_screen,screen_title_abstract_methods_same_exposure_and_independent_unit,pending_outcome_blind_design_screen,no
SF06:SF06P002,SF06,SF06:SF06P002,Adriaens et al. (2009) Acta Oecologica 35:69- 82,Colchicum_autumnale,F,Female fitness,Habitat Fragmentation,,,single_layer_or_no_pair_hint,retain_in_systematic_universe_no_immediate_pair_screen,retained_no_primary_design_screen_yet,no
SF06:SF06P003,SF06,SF06:SF06P003,Aguilar & Galetto (2004) Oecologia 138:513- 520,Cestrum_parqui,F,Female fitness; Male fitness,Habitat Fragmentation; Habitat fragmentation,,,single_layer_or_no_pair_hint,retain_in_systematic_universe_no_immediate_pair_screen,retained_no_primary_design_screen_yet,no
SF06:SF06P004,SF06,SF06:SF06P004,"Aguilar (2005) PhD Thesis, National University of Córdoba Pp. 1- 169",Cestrum_parqui; Dicliptera_squarrosa; Geoffroea_decorticans; Heimia_salicifolia; Ipomoea_purpurea; Lycium_cestroides; Mandevilla_laxa; Mandevilla_pentlandiana; Porlieria_microphylla; Solanum_chenopodioides; Talinum_paniculatum; Vachellia_caven,F;I,Female fitness; Male fitness; Pollination,Habitat fragmentation; Habitat Fragmentation,,,primary_if_fragmentation_design_screen,screen_title_abstract_methods_same_exposure_and_independent_unit,pending_outcome_blind_design_screen,no
SF06:SF06P005,SF06,SF06:SF06P005,Aguilar et al. (2012) Biological Conservation 152:81- 89,Neltuma_caldenia,F,Female fitness,Habitat Fragmentation,,,single_layer_or_no_pair_hint,retain_in_systematic_universe_no_immediate_pair_screen,retained_no_primary_design_screen_yet,no
SF06:SF06P006,SF06,SF06:SF06P006,Ahmed et al. (2009) PNAS 106:20342- 20347,Ficus_sycomorus,F,Male fitness,Habitat fragmentation,,,single_layer_or_no_pair_hint,retain_in_systematic_universe_no_immediate_pair_screen,retained_no_primary_design_screen_yet,no
SF06:SF06P007,SF06,SF06:SF06P007,Aizen & Feinsinger (1994) Ecology 75:330- 351,Erythrostemon_gilliesii; Justicia_squarrosa; Lepismium_lumbricoides; Ligaria_cuneifolia; Mimosa_detinens; Neltuma_nigra; Opuntia_quimilo; Parkinsonia_praecox; Portulaca_umbraticola; Senegalia_praecox; Senna_aphylla; Tillandsia_ixioides; Vachellia_aroma; Vachellia_atramentaria; Vachellia_furcatispina; Vachellia_praecox,F;I,Female fitness; Pollination,Habitat Fragmentation; Habitat fragmentation,,ML020,existing_egwee_programme,do_not_recruit_as_new,linked_existing_no_new_recruitment,no
SF06:SF06P008,SF06,SF06:SF06P008,Albrecht et al. (2007) Journal of Applied Ecology 44:813- 822,Campanula_glomerata; Hypochaeris_radicata; Raphanus_raphanistrum; Raphanus_raphanistrum_subsp._sativus,F;I,Female fitness; Pollination,Agriculture,,,secondary_if_nonfragmentation_land_use,retain_context_not_primary_if_fragmentation_queue,retained_no_primary_design_screen_yet,no
SF06:SF06P009,SF06,SF06:SF06P009,Albrecht et al. (2009) PLoS One 4:e6751,Centaurea_jacea,F,Female fitness,Habitat Fragmentation,,,single_layer_or_no_pair_hint,retain_in_systematic_universe_no_immediate_pair_screen,retained_no_primary_design_screen_yet,no
SF06:SF06P010,SF06,SF06:SF06P010,Angoh et al. (2021) South African Journal of Botany 141:196- 199,Erica_discolor,F;I,Female fitness; Pollination,Habitat Fragmentation; Habitat fragmentation,,,primary_if_fragmentation_design_screen,screen_title_abstract_methods_same_exposure_and_independent_unit,pending_outcome_blind_design_screen,no
SF06:SF06P011,SF06,SF06:SF06P011,Ballesteros et al. (2013) Oryx 47:199- 202,Ononis_tridentata,F,Female fitness,Grazing,,,single_layer_or_no_pair_hint,retain_in_systematic_universe_no_immediate_pair_screen,retained_no_primary_design_screen_yet,no
SF06:SF06P012,SF06,SF06:SF06P012,Barreto et al. (2018) Botanical Journal of the Linnean Society 187:319- 326,Justicia_aequilabris,F;I,Female fitness; Pollination,Habitat Fragmentation; Habitat fragmentation,,,primary_if_fragmentation_design_screen,screen_title_abstract_methods_same_exposure_and_independent_unit,pending_outcome_blind_design_screen,no
SF06:SF06P014,SF06,SF06:SF06P014,Berjano et al. (2013) Journal for Nature Conservation 21:334- 341,Convolvulus_lineatus,F,Female fitness,Habitat Fragmentation,,,single_layer_or_no_pair_hint,retain_in_systematic_universe_no_immediate_pair_screen,retained_no_primary_design_screen_yet,no
SF06:SF06P015,SF06,SF06:SF06P015,Bigger (1999) Nat Areas Journal 19:239- 244,Sericocarpus_rigidus,F,Female fitness,Habitat Fragmentation,,,single_layer_or_no_pair_hint,retain_in_systematic_universe_no_immediate_pair_screen,retained_no_primary_design_screen_yet,no
SF06:SF06P016,SF06,SF06:SF06P016,Bizoux et al. (2008) Plant Biology 10:684- 693,Viola_lutea_subsp._calaminaria,F,Female fitness,Habitat Fragmentation,,,single_layer_or_no_pair_hint,retain_in_systematic_universe_no_immediate_pair_screen,retained_no_primary_design_screen_yet,no
SF06:SF06P017,SF06,SF06:SF06P017,Bosch et al. (2002) Biol J Linn Soc 76:79- 90,Petrocoptis_montsicciana,F,Female fitness,Habitat Fragmentation,,,single_layer_or_no_pair_hint,retain_in_systematic_universe_no_immediate_pair_screen,retained_no_primary_design_screen_yet,no
SF06:SF06P018,SF06,SF06:SF06P018,Bossuyt (2007) Conservation Biology 21:832- 841,Parnassia_palustris,F,Female fitness,Habitat Fragmentation,,,single_layer_or_no_pair_hint,retain_in_systematic_universe_no_immediate_pair_screen,retained_no_primary_design_screen_yet,no
SF06:SF06P019,SF06,SF06:SF06P019,Braun et al. (2012) Journal of Tropical Ecology 28:353- 359,Paypayrola_blanchetiana,F,Female fitness,Habitat Fragmentation,,,single_layer_or_no_pair_hint,retain_in_systematic_universe_no_immediate_pair_screen,retained_no_primary_design_screen_yet,no
SF06:SF06P020,SF06,SF06:SF06P020,Breed et al. (2012) Ecology Letters 15:444- 452,Swietenia_macrophylla,F,Male fitness,Habitat fragmentation,,,single_layer_or_no_pair_hint,retain_in_systematic_universe_no_immediate_pair_screen,retained_no_primary_design_screen_yet,no
SF06:SF06P021,SF06,SF06:SF06P021,Breed et al. (2012) Molecular Ecology 21:5955- 5968,Eucalyptus_socialis,F,Male fitness,Habitat fragmentation,,ML014,existing_egwee_programme,do_not_recruit_as_new,linked_existing_no_new_recruitment,no
SF06:SF06P022,SF06,SF06:SF06P022,Breed et al. (2013) Heredity 115:108- 114,Eucalyptus_gracilis; Eucalyptus_incrassata,F,Male fitness,Habitat fragmentation,,,single_layer_or_no_pair_hint,retain_in_systematic_universe_no_immediate_pair_screen,retained_no_primary_design_screen_yet,no
SF06:SF06P023,SF06,SF06:SF06P023,Bruna & Kress (2002) Cons Biol 16:1256- 1266,Heliconia_acuminata,F,Female fitness,Habitat Fragmentation,,,single_layer_or_no_pair_hint,retain_in_systematic_universe_no_immediate_pair_screen,retained_no_primary_design_screen_yet,no
SF06:SF06P024,SF06,SF06:SF06P024,Brys et al. (2003) Acta Oecologica 24:247- 253,Primula_veris,F,Female fitness,Habitat Fragmentation,,,single_layer_or_no_pair_hint,retain_in_systematic_universe_no_immediate_pair_screen,retained_no_primary_design_screen_yet,no
SF06:SF06P025,SF06,SF06:SF06P025,Brys et al. (2004) Journal of Ecology 92: 5- 14,Primula_vulgaris,F,Female fitness,Habitat Fragmentation,,,single_layer_or_no_pair_hint,retain_in_systematic_universe_no_immediate_pair_screen,retained_no_primary_design_screen_yet,no
SF06:SF06P026,SF06,SF06:SF06P026,Brys et al. (2008) Botanical Journal of the Linnean Society 157:713- 721,Listera_ovata; Neottia_ovata,F,Female fitness; Male fitness,Habitat Fragmentation; Habitat fragmentation,,,single_layer_or_no_pair_hint,retain_in_systematic_universe_no_immediate_pair_screen,retained_no_primary_design_screen_yet,no
SF06:SF06P027,SF06,SF06:SF06P027,Brys et al. (2008) Journal of Evolutionary Biology 21:1281- 1289,Pulmonaria_officinalis,F,Female fitness,Habitat Fragmentation,,,single_layer_or_no_pair_hint,retain_in_systematic_universe_no_immediate_pair_screen,retained_no_primary_design_screen_yet,no
SF06:SF06P028,SF06,SF06:SF06P028,Brys et al. (2011) American Journal of Botany 98:1834- 1840,Centaurium_erythraea,F,Female fitness,Habitat Fragmentation,,,single_layer_or_no_pair_hint,retain_in_systematic_universe_no_immediate_pair_screen,retained_no_primary_design_screen_yet,no
SF06:SF06P029,SF06,SF06:SF06P029,Brzosko et al. (2017) Acta Agrobotanica 70.1,Cypripedium_calceolus,F,Female fitness,Habitat Fragmentation,,,single_layer_or_no_pair_hint,retain_in_systematic_universe_no_immediate_pair_screen,retained_no_primary_design_screen_yet,no
SF06:SF06P030,SF06,SF06:SF06P030,Burgess et al. (2006) New Zealand Journal of Ecology 179- 190,Peraxilla_tetrapetala,I,Pollination,Habitat fragmentation,,,single_layer_or_no_pair_hint,retain_in_systematic_universe_no_immediate_pair_screen,retained_no_primary_design_screen_yet,no
SF06:SF06P031,SF06,SF06:SF06P031,Burgos et al. (2008) Forest Ecology and Management 255:1226- 1233,Nothofagus_glauca,F,Female fitness,Habitat Fragmentation,,,single_layer_or_no_pair_hint,retain_in_systematic_universe_no_immediate_pair_screen,retained_no_primary_design_screen_yet,no
SF06:SF06P032,SF06,SF06:SF06P032,Butcher et al. (2005) Conservation Genetics 6:213- 226,Eucalyptus_benthamii,F,Male fitness,Habitat fragmentation,,,single_layer_or_no_pair_hint,retain_in_systematic_universe_no_immediate_pair_screen,retained_no_primary_design_screen_yet,no
SF06:SF06P033,SF06,SF06:SF06P033,Butcher et al. (2011) Conservation Genetics 12:1603- 1618,Tetratheca_paynterae,F,Male fitness,Habitat fragmentation,,,single_layer_or_no_pair_hint,retain_in_systematic_universe_no_immediate_pair_screen,retained_no_primary_design_screen_yet,no
SF06:SF06P034,SF06,SF06:SF06P034,Byers (2020) Plant Biology 22:137- 145,Lobelia_fenestralis,F,Female fitness,Habitat Fragmentation,,,single_layer_or_no_pair_hint,retain_in_systematic_universe_no_immediate_pair_screen,retained_no_primary_design_screen_yet,no
SF06:SF06P035,SF06,SF06:SF06P035,Byrne et al. (2007) Molecular Ecology 16:1303- 1314,Melaleuca_quadrifida,F,Male fitness,Habitat fragmentation,,,single_layer_or_no_pair_hint,retain_in_systematic_universe_no_immediate_pair_screen,retained_no_primary_design_screen_yet,no
SF06:SF06P036,SF06,SF06:SF06P036,Byrne et al. (2008) Conservation Genetics 9:97- 105,Eucalyptus_wandoo,F,Male fitness,Habitat fragmentation,,,single_layer_or_no_pair_hint,retain_in_systematic_universe_no_immediate_pair_screen,retained_no_primary_design_screen_yet,no
SF06:SF06P037,SF06,SF06:SF06P037,Capó et al. (2021) Plant Biology 23:121- 129,Orchis_palustris_subsp._robusta,F,Female fitness,Urbanization,,,single_layer_or_no_pair_hint,retain_in_systematic_universe_no_immediate_pair_screen,retained_no_primary_design_screen_yet,no
SF06:SF06P038,SF06,SF06:SF06P038,Cascante et al. (2002) Conservation Biology 16:137- 147,Samanea_saman,F;I,Female fitness; Male fitness; Pollination,Habitat fragmentation; Habitat Fragmentation,,,primary_if_fragmentation_design_screen,screen_title_abstract_methods_same_exposure_and_independent_unit,pending_outcome_blind_design_screen,no
SF06:SF06P039,SF06,SF06:SF06P039,Chanyenga et al. (2011) Journal of Tropical Ecology 27:515- 520,Widdringtonia_whytei,F,Female fitness,Habitat Fragmentation,,,single_layer_or_no_pair_hint,retain_in_systematic_universe_no_immediate_pair_screen,retained_no_primary_design_screen_yet,no
SF06:SF06P040,SF06,SF06:SF06P040,Chen & Zuo (2019) Frontiers in Plant Science 10:327,Haloxylon_ammodendron,F;I,Female fitness; Pollination,Habitat Fragmentation; Habitat fragmentation,,,primary_if_fragmentation_design_screen,screen_title_abstract_methods_same_exposure_and_independent_unit,pending_outcome_blind_design_screen,no
SF06:SF06P041,SF06,SF06:SF06P041,Chen et al. (2019) Science of the Total Environment 654:1056- 1063,Caragana_korshinskii,F;I,Female fitness; Pollination,Habitat Fragmentation; Habitat fragmentation,,,primary_if_fragmentation_design_screen,screen_title_abstract_methods_same_exposure_and_independent_unit,pending_outcome_blind_design_screen,no
SF06:SF06P042,SF06,SF06:SF06P042,Chiapero et al. (2021) Forest Ecology and Management 492:119215,Lithraea_molleoides,F;I,Female fitness; Pollination,Habitat Fragmentation; Habitat fragmentation,,,primary_if_fragmentation_design_screen,screen_title_abstract_methods_same_exposure_and_independent_unit,pending_outcome_blind_design_screen,no
SF06:SF06P043,SF06,SF06:SF06P043,Coates et al. (2007) Australian Journal of Botany 55:239- 249,Eucalyptus_rameliana; Lambertia_orbifolia; Verticordia_fimbrilepis,F,Male fitness,Habitat fragmentation,,,single_layer_or_no_pair_hint,retain_in_systematic_universe_no_immediate_pair_screen,retained_no_primary_design_screen_yet,no
SF06:SF06P044,SF06,SF06:SF06P044,Collevati et al. (2001) Heredity 86:60- 67,Caryocar_brasiliense,F,Male fitness,Habitat fragmentation,,,single_layer_or_no_pair_hint,retain_in_systematic_universe_no_immediate_pair_screen,retained_no_primary_design_screen_yet,no
SF06:SF06P045,SF06,SF06:SF06P045,Colling & Matthies (2004) Oikos 105:71- 78,Scorzonera_humilis,F,Female fitness,Habitat Fragmentation,,,single_layer_or_no_pair_hint,retain_in_systematic_universe_no_immediate_pair_screen,retained_no_primary_design_screen_yet,no
SF06:SF06P046,SF06,SF06:SF06P046,Coombs et al. (2009) Austral Ecology 34:688- 697,Gomphocarpus_physocarpus,F;I,Female fitness; Male fitness; Pollination,Habitat fragmentation; Habitat Fragmentation,,,primary_if_fragmentation_design_screen,screen_title_abstract_methods_same_exposure_and_independent_unit,pending_outcome_blind_design_screen,no
SF06:SF06P047,SF06,SF06:SF06P047,Costin et al. (2001) Biol Conserv 98:273- 284,Leucochrysum_albicans,F,Female fitness,Habitat Fragmentation,,,single_layer_or_no_pair_hint,retain_in_systematic_universe_no_immediate_pair_screen,retained_no_primary_design_screen_yet,no
SF06:SF06P048,SF06,SF06:SF06P048,Craft & Ashley (2010) American Journal of Botany 97:1999- 2006,Quercus_macrocarpa,F,Female fitness; Male fitness,Habitat fragmentation; Habitat Fragmentation,,,single_layer_or_no_pair_hint,retain_in_systematic_universe_no_immediate_pair_screen,retained_no_primary_design_screen_yet,no
SF06:SF06P049,SF06,SF06:SF06P049,Cristobal-Pérez et al. (2021) Biological Conservation 256:109007,Spondias_purpurea,F;I,Female fitness; Male fitness; Pollination,Habitat fragmentation; Habitat Fragmentation,,ML003,existing_egwee_programme,do_not_recruit_as_new,linked_existing_no_new_recruitment,no
SF06:SF06P050,SF06,SF06:SF06P050,Cuevas et al. (2017) Botanical Sciences 95: 401- 408,Fuchsia_parviflora,F,Female fitness,Habitat Fragmentation,,,single_layer_or_no_pair_hint,retain_in_systematic_universe_no_immediate_pair_screen,retained_no_primary_design_screen_yet,no
SF06:SF06P051,SF06,SF06:SF06P051,Cunningham (2000) Conserv Biol 14:758- 768,Eremophila_glabra; Senna_artemisioides,F,Female fitness,Habitat Fragmentation,,,single_layer_or_no_pair_hint,retain_in_systematic_universe_no_immediate_pair_screen,retained_no_primary_design_screen_yet,no
SF06:SF06P052,SF06,SF06:SF06P052,Cunningham (2000) Conservation Biology 14:758- 768,Dianella_revoluta,F,Female fitness,Habitat Fragmentation,,,single_layer_or_no_pair_hint,retain_in_systematic_universe_no_immediate_pair_screen,retained_no_primary_design_screen_yet,no
SF06:SF06P053,SF06,SF06:SF06P053,Cunningham (2000) Proc R Soc B: Biol Sci 267:1149- 1152,Eremophila_glabra,I,Pollination,Habitat fragmentation,,,single_layer_or_no_pair_hint,retain_in_systematic_universe_no_immediate_pair_screen,retained_no_primary_design_screen_yet,no
SF06:SF06P054,SF06,SF06:SF06P054,Cuéllar-Rodríguez et al. (2016) The Journal of the Torrey Botanical Society 144:58- 62,Neltuma_laevigate,F,Female fitness,Habitat Fragmentation,,,single_layer_or_no_pair_hint,retain_in_systematic_universe_no_immediate_pair_screen,retained_no_primary_design_screen_yet,no
SF06:SF06P055,SF06,SF06:SF06P055,da Silva Elias et al. (2012) Journal of Tropical Ecology 28:317- 320,Cardiopetalum_calophyllum,F;I,Female fitness; Pollination,Habitat Fragmentation; Habitat fragmentation,,,primary_if_fragmentation_design_screen,screen_title_abstract_methods_same_exposure_and_independent_unit,pending_outcome_blind_design_screen,no
SF06:SF06P056,SF06,SF06:SF06P056,Dahlgaard & Warncke (1995) Nordic Journal of Botany 15:337- 341,Saxifraga_hirculus,F,Female fitness,Habitat Fragmentation,,,single_layer_or_no_pair_hint,retain_in_systematic_universe_no_immediate_pair_screen,retained_no_primary_design_screen_yet,no
SF06:SF06P057,SF06,SF06:SF06P057,Dainese (2011) Plant Ecology 212:651- 661,Dactylis_glomerata,F,Female fitness,Habitat Fragmentation,,,single_layer_or_no_pair_hint,retain_in_systematic_universe_no_immediate_pair_screen,retained_no_primary_design_screen_yet,no
SF06:SF06P058,SF06,SF06:SF06P058,Davies et al. (2015) Heredity 115:125- 129,Vochysia_ferruginea,F,Male fitness,Habitat fragmentation,,,single_layer_or_no_pair_hint,retain_in_systematic_universe_no_immediate_pair_screen,retained_no_primary_design_screen_yet,no
SF06:SF06P059,SF06,SF06:SF06P059,Dayanandan et al. (1999) Molecular Ecology 8:2585- 1592,Carapa_guianensis,F,Male fitness,Habitat fragmentation,,,single_layer_or_no_pair_hint,retain_in_systematic_universe_no_immediate_pair_screen,retained_no_primary_design_screen_yet,no
SF06:SF06P060,SF06,SF06:SF06P060,de Moraes & Sebbenn (2011) Biotropica 43:192- 199,Hymenaea_stigonocarpa,F,Male fitness,Habitat Fragmentation,,,single_layer_or_no_pair_hint,retain_in_systematic_universe_no_immediate_pair_screen,retained_no_primary_design_screen_yet,no
SF06:SF06P061,SF06,SF06:SF06P061,de Moraes et al. (2007) Scientia Forestalis/Forest Sciences 74:75- 86,Hymenaea_stigonocarpa,F,Male fitness,Habitat fragmentation,,,single_layer_or_no_pair_hint,retain_in_systematic_universe_no_immediate_pair_screen,retained_no_primary_design_screen_yet,no
SF06:SF06P062,SF06,SF06:SF06P062,Delnevo et al. (2019) Ecology and Evolution 9:11494- 11503,Conospermum_undulatum,F,Female fitness,Habitat Fragmentation,,PS009_CONOSPERMUM,existing_egwee_programme,do_not_recruit_as_new,linked_existing_no_new_recruitment,no
SF06:SF06P063,SF06,SF06:SF06P063,Dick (2001) Proc R Soc Lond Series B: Biol Sci 268:2391- 2396,Dinizia_excelsa,F,Female fitness,Habitat Fragmentation,,,single_layer_or_no_pair_hint,retain_in_systematic_universe_no_immediate_pair_screen,retained_no_primary_design_screen_yet,no
SF06:SF06P064,SF06,SF06:SF06P064,Donaldson et al. (2002) Conserv Biol 16:1267- 1276,Pterygodium_catholicum; Trachyandra_hirsuta,F,Female fitness,Habitat Fragmentation,,,single_layer_or_no_pair_hint,retain_in_systematic_universe_no_immediate_pair_screen,retained_no_primary_design_screen_yet,no
SF06:SF06P065,SF06,SF06:SF06P065,Donaldson et al. (2002) Conservation Biology 16:1267- 1276,Cyanella_lutea; Gladiolus_liliaceus; Ornithogalum_thyrsoides,F,Female fitness,Habitat Fragmentation,,,single_layer_or_no_pair_hint,retain_in_systematic_universe_no_immediate_pair_screen,retained_no_primary_design_screen_yet,no
SF06:SF06P066,SF06,SF06:SF06P066,Dostálek et al. (2010) Conservation Genetics 11:773- 783,Dracocephalum_austriacum,F,Female fitness,Habitat Fragmentation,,,single_layer_or_no_pair_hint,retain_in_systematic_universe_no_immediate_pair_screen,retained_no_primary_design_screen_yet,no
SF06:SF06P067,SF06,SF06:SF06P067,Duffy et al. (2013) Journal of Ecology 101:953- 962,Kniphofia_linearifolia,F;I,Female fitness; Pollination,Habitat Fragmentation; Habitat fragmentation,,,primary_if_fragmentation_design_screen,screen_title_abstract_methods_same_exposure_and_independent_unit,pending_outcome_blind_design_screen,no
SF06:SF06P068,SF06,SF06:SF06P068,Ehlers (1999) Nordic Journal of Botany 19:653- 663,Centaurea_scabiosa,F;I,Female fitness; Male fitness; Pollination,Habitat Fragmentation; Habitat fragmentation,,,primary_if_fragmentation_design_screen,screen_title_abstract_methods_same_exposure_and_independent_unit,pending_outcome_blind_design_screen,no
SF06:SF06P069,SF06,SF06:SF06P069,Ehlers et al. (2002) Plant Systematics and Evolution 236:19- 32,Epipactis_helleborine,F,Female fitness; Male fitness,Habitat Fragmentation; Habitat fragmentation,,,single_layer_or_no_pair_hint,retain_in_systematic_universe_no_immediate_pair_screen,retained_no_primary_design_screen_yet,no
SF06:SF06P070,SF06,SF06:SF06P070,Ewedje et al. (2017) Conservation Genetics 18:799- 811,Pentadesma_butyraceae,F,Male fitness,Habitat fragmentation,,,single_layer_or_no_pair_hint,retain_in_systematic_universe_no_immediate_pair_screen,retained_no_primary_design_screen_yet,no
SF06:SF06P071,SF06,SF06:SF06P071,Favarin et al. (2022) Flora 296:152165,Limonium_narbonense,F;I,Female fitness; Pollination,Habitat Fragmentation; Habitat fragmentation,,,primary_if_fragmentation_design_screen,screen_title_abstract_methods_same_exposure_and_independent_unit,pending_outcome_blind_design_screen,no
SF06:SF06P072,SF06,SF06:SF06P072,Feres et al. (2012) Conservation Genetics 13:393- 405,Tabebuia_roseoalba,F,Male fitness,Habitat fragmentation,,,single_layer_or_no_pair_hint,retain_in_systematic_universe_no_immediate_pair_screen,retained_no_primary_design_screen_yet,no
SF06:SF06P073,SF06,SF06:SF06P073,Fernández et al. (2012) Oecologia 170:421- 431,Erysimum_popovii,F,Female fitness,Habitat Fragmentation,,,single_layer_or_no_pair_hint,retain_in_systematic_universe_no_immediate_pair_screen,retained_no_primary_design_screen_yet,no
SF06:SF06P074,SF06,SF06:SF06P074,Fernández et al. (2015) Basic and Applied Ecology 16:375- 385,Erysimum_popovii,F,Female fitness,Habitat Fragmentation,,,single_layer_or_no_pair_hint,retain_in_systematic_universe_no_immediate_pair_screen,retained_no_primary_design_screen_yet,no
SF06:SF06P075,SF06,SF06:SF06P075,Fischer & Matthies (1998) American Journal of Botany 85:811- 819,Gentianella_germanica,F,Female fitness,Habitat Fragmentation,,,single_layer_or_no_pair_hint,retain_in_systematic_universe_no_immediate_pair_screen,retained_no_primary_design_screen_yet,no
SF06:SF06P076,SF06,SF06:SF06P076,Fritz & Nilsson (1994) Oecologia 100:451- 462,Orchis_spitzelii,F,Female fitness; Male fitness,Habitat Fragmentation; Habitat fragmentation,,,single_layer_or_no_pair_hint,retain_in_systematic_universe_no_immediate_pair_screen,retained_no_primary_design_screen_yet,no
SF06:SF06P077,SF06,SF06:SF06P077,Frye & Neel (2017) Evolutionary Applications 10:551- 562,Trifolium_virginicum,F,Female fitness,Habitat Fragmentation,,,single_layer_or_no_pair_hint,retain_in_systematic_universe_no_immediate_pair_screen,retained_no_primary_design_screen_yet,no
SF06:SF06P078,SF06,SF06:SF06P078,Gao et al. (2010) Australian Journal of Botany 58:214- 223,Craigia_yunnanensis,F,Female fitness,Habitat Fragmentation,,,single_layer_or_no_pair_hint,retain_in_systematic_universe_no_immediate_pair_screen,retained_no_primary_design_screen_yet,no
SF06:SF06P079,SF06,SF06:SF06P079,García & Chacoff (2007) Conservation Biology 21:400- 411,Crataegus_monogyna,F;I,Female fitness; Pollination,Habitat Fragmentation; Habitat fragmentation,,,primary_if_fragmentation_design_screen,screen_title_abstract_methods_same_exposure_and_independent_unit,pending_outcome_blind_design_screen,no
SF06:SF06P080,SF06,SF06:SF06P080,García-Robledo (2010) Restoration Ecology 18:94- 102,Xanthosoma_daguense,F;I,Female fitness; Pollination,Agriculture,,,secondary_if_nonfragmentation_land_use,retain_context_not_primary_if_fragmentation_queue,retained_no_primary_design_screen_yet,no
SF06:SF06P081,SF06,SF06:SF06P081,Gauli et al. (2014) Australian Journal of Botany 61:622- 632,Eucalyptus_pauciflora,F,Male fitness,Habitat fragmentation,,,single_layer_or_no_pair_hint,retain_in_systematic_universe_no_immediate_pair_screen,retained_no_primary_design_screen_yet,no
SF06:SF06P082,SF06,SF06:SF06P082,Ghazoul et al. (1998) Journal of Ecology 86:462- 473,Pentacme_siamensis,F,Female fitness,disturbance intensity,,,single_layer_or_no_pair_hint,retain_in_systematic_universe_no_immediate_pair_screen,retained_no_primary_design_screen_yet,no
SF06:SF06P083,SF06,SF06:SF06P083,Gigord et al. (1999) Biological Conservation 88:43- 51,Dombeya_acutangula,F,Female fitness,Habitat Fragmentation,,,single_layer_or_no_pair_hint,retain_in_systematic_universe_no_immediate_pair_screen,retained_no_primary_design_screen_yet,no
SF06:SF06P084,SF06,SF06:SF06P084,Gonzalez Varo et al. (2010) Journal of Applied Ecology 47:1242- 1252,Myrtus_communis,F,Male fitness,Habitat fragmentation,,,single_layer_or_no_pair_hint,retain_in_systematic_universe_no_immediate_pair_screen,retained_no_primary_design_screen_yet,no
SF06:SF06P085,SF06,SF06:SF06P085,González-Robles et al. (2021) Molecular Ecology 30:3408- 3421,Ziziphus_lotus,I,Pollination,Habitat fragmentation,,,single_layer_or_no_pair_hint,retain_in_systematic_universe_no_immediate_pair_screen,retained_no_primary_design_screen_yet,no
SF06:SF06P086,SF06,SF06:SF06P086,González-Varo et al. (2009) Biological Conservation 142:1058- 1065,Myrtus_communis,F;I,Female fitness; Pollination,Habitat Fragmentation; Habitat fragmentation,,,primary_if_fragmentation_design_screen,screen_title_abstract_methods_same_exposure_and_independent_unit,pending_outcome_blind_design_screen,no
SF06:SF06P087,SF06,SF06:SF06P087,Grilli et al. (2013) Forest ecology and management 310:442- 449,Euphorbia_acerensis; Euphorbia_dentata,F,Female fitness,Habitat Fragmentation,,,single_layer_or_no_pair_hint,retain_in_systematic_universe_no_immediate_pair_screen,retained_no_primary_design_screen_yet,no
SF06:SF06P088,SF06,SF06:SF06P088,Groom (2001) Biol Conserv 100:55- 63,Clarkia_concinna,F,Female fitness,Habitat Fragmentation,,,single_layer_or_no_pair_hint,retain_in_systematic_universe_no_immediate_pair_screen,retained_no_primary_design_screen_yet,no
SF06:SF06P089,SF06,SF06:SF06P089,Hadley et al. (2014) Ecology 95:2202- 2212,Heliconia_tortuosa,F;I,Female fitness; Pollination,Habitat Fragmentation; Habitat fragmentation,,,primary_if_fragmentation_design_screen,screen_title_abstract_methods_same_exposure_and_independent_unit,pending_outcome_blind_design_screen,no
SF06:SF06P090,SF06,SF06:SF06P090,Hansen & Olesen (1999) Nordic Journal of Botany 19:665- 671,Dactylorhiza_majalis; Gymnadenia_conopsea,F,Female fitness; Male fitness,Habitat Fragmentation; Habitat fragmentation,,,single_layer_or_no_pair_hint,retain_in_systematic_universe_no_immediate_pair_screen,retained_no_primary_design_screen_yet,no
SF06:SF06P091,SF06,SF06:SF06P091,Hauber et al. (2022) South African Journal of Botany 146:48- 57,Trichodiadema_strumosum,F;I,Female fitness; Pollination,Habitat Fragmentation; Habitat fragmentation,,,primary_if_fragmentation_design_screen,screen_title_abstract_methods_same_exposure_and_independent_unit,pending_outcome_blind_design_screen,no
SF06:SF06P092,SF06,SF06:SF06P092,Hendrix & Kyhl (2000) Conservation Biology 14:304- 313,Phlox_pilosa,F;I,Female fitness; Pollination,Habitat Fragmentation; Habitat fragmentation,,,primary_if_fragmentation_design_screen,screen_title_abstract_methods_same_exposure_and_independent_unit,pending_outcome_blind_design_screen,no
SF06:SF06P093,SF06,SF06:SF06P093,Hensen & Oberprieler (2005) Conservation Genetics 6:63- 73,Dictamnus_albus,F,Female fitness,Habitat Fragmentation,,,single_layer_or_no_pair_hint,retain_in_systematic_universe_no_immediate_pair_screen,retained_no_primary_design_screen_yet,no
SF06:SF06P094,SF06,SF06:SF06P094,Hensen et al. (2005) Flora 200:3- 14,Pulsatilla_vulgaris,F,Female fitness,Habitat Fragmentation,,,single_layer_or_no_pair_hint,retain_in_systematic_universe_no_immediate_pair_screen,retained_no_primary_design_screen_yet,no
SF06:SF06P095,SF06,SF06:SF06P095,Herrerías-Diego et al. (2006) Conservation Biology 20:1111- 1120,Ceiba_aesculifolia,F,Female fitness,Habitat Fragmentation,,,single_layer_or_no_pair_hint,retain_in_systematic_universe_no_immediate_pair_screen,retained_no_primary_design_screen_yet,no
SF06:SF06P096,SF06,SF06:SF06P096,Hirayama et al. (2007) Biological Conservation 136:315- 323,Magnolia_stellata,F,Female fitness,Habitat Fragmentation,,,single_layer_or_no_pair_hint,retain_in_systematic_universe_no_immediate_pair_screen,retained_no_primary_design_screen_yet,no
SF06:SF06P097,SF06,SF06:SF06P097,Hoebee & Young (2001) Heredity 86:489- 496,Grevillea_iaspicula,F,Male fitness,Habitat fragmentation,,,single_layer_or_no_pair_hint,retain_in_systematic_universe_no_immediate_pair_screen,retained_no_primary_design_screen_yet,no
SF06:SF06P098,SF06,SF06:SF06P098,Hornemann et al. (2012) Flora 207:736- 743,Muscari_tenuiflorum,F,Female fitness,Habitat Fragmentation,,,single_layer_or_no_pair_hint,retain_in_systematic_universe_no_immediate_pair_screen,retained_no_primary_design_screen_yet,no
SF06:SF06P099,SF06,SF06:SF06P099,Ilves et al. (2013) Conservation Genetics 14:661- 669,Ligularia_sibirica,F,Female fitness,Habitat Fragmentation,,,single_layer_or_no_pair_hint,retain_in_systematic_universe_no_immediate_pair_screen,retained_no_primary_design_screen_yet,no
SF06:SF06P100,SF06,SF06:SF06P100,Isagi et al. (2007) Sustainability and Diversity of Forest Ecosystems: An Interdisciplinary Approach 382- 389,Magnolia_grandiflora,F,Female fitness,Habitat Fragmentation,,,single_layer_or_no_pair_hint,retain_in_systematic_universe_no_immediate_pair_screen,retained_no_primary_design_screen_yet,no
SF06:SF06P101,SF06,SF06:SF06P101,Jacquemyn et al. (2001) Plant Biology 3:561- 568,Primula_elatior,F,Female fitness,Habitat Fragmentation,,,single_layer_or_no_pair_hint,retain_in_systematic_universe_no_immediate_pair_screen,retained_no_primary_design_screen_yet,no
SF06:SF06P102,SF06,SF06:SF06P102,Jacquemyn et al. (2002) Oecologia 130:617- 625,Primula_elatior,F,Female fitness,Habitat Fragmentation,,,single_layer_or_no_pair_hint,retain_in_systematic_universe_no_immediate_pair_screen,retained_no_primary_design_screen_yet,no
SF06:SF06P103,SF06,SF06:SF06P103,Jacquemyn et al. (2006) Oecologia 147:434- 444,Paris_quadrifolia,F,Female fitness,Habitat Fragmentation,,,single_layer_or_no_pair_hint,retain_in_systematic_universe_no_immediate_pair_screen,retained_no_primary_design_screen_yet,no
SF06:SF06P104,SF06,SF06:SF06P104,Jacquemyn et al. (2008) Basic and Applied Ecology 9:392- 400,Orchis_mascula,F,Female fitness,Habitat Fragmentation,,,single_layer_or_no_pair_hint,retain_in_systematic_universe_no_immediate_pair_screen,retained_no_primary_design_screen_yet,no
SF06:SF06P105,SF06,SF06:SF06P105,Jacquemyn et al. (2009) Biology Letters 5:495- 498,Neottia_ovata; Orchis_purpurea,F,Female fitness,Habitat Fragmentation,,,single_layer_or_no_pair_hint,retain_in_systematic_universe_no_immediate_pair_screen,retained_no_primary_design_screen_yet,no
SF06:SF06P106,SF06,SF06:SF06P106,Jennersten (1988) Conservation Biology 2:359- 366,Dianthus_deltoides,F,Female fitness,Habitat Fragmentation,,,single_layer_or_no_pair_hint,retain_in_systematic_universe_no_immediate_pair_screen,retained_no_primary_design_screen_yet,no
SF06:SF06P107,SF06,SF06:SF06P107,Jha & Dick (2010) PNAS 107:13760- 13764,Miconia_affinis,F;I,Female fitness; Pollination,Agriculture,,,secondary_if_nonfragmentation_land_use,retain_context_not_primary_if_fragmentation_queue,retained_no_primary_design_screen_yet,no
SF06:SF06P108,SF06,SF06:SF06P108,Johnson et al. (2004) Biol Conserv 120:31- 39,Oxyanthus_pyriformis,F,Female fitness,Habitat Fragmentation,,,single_layer_or_no_pair_hint,retain_in_systematic_universe_no_immediate_pair_screen,retained_no_primary_design_screen_yet,no
SF06:SF06P109,SF06,SF06:SF06P109,Johnson et al. (2004) Biotropica 36:148- 155,Gerbera_aurantiaca,F,Female fitness,Habitat Fragmentation,,,single_layer_or_no_pair_hint,retain_in_systematic_universe_no_immediate_pair_screen,retained_no_primary_design_screen_yet,no
SF06:SF06P110,SF06,SF06:SF06P110,Johnson et al. (2009) Biology Letters 5:282- 285,Satyrium_longicauda,F;I,Female fitness; Pollination,Habitat Fragmentation; Habitat fragmentation,,,primary_if_fragmentation_design_screen,screen_title_abstract_methods_same_exposure_and_independent_unit,pending_outcome_blind_design_screen,no
SF06:SF06P111,SF06,SF06:SF06P111,Jolivet et al. (2012) European Journal of Forest Research 131:1055- 1069,Prunus_avium,F,Male fitness,Habitat fragmentation,,,single_layer_or_no_pair_hint,retain_in_systematic_universe_no_immediate_pair_screen,retained_no_primary_design_screen_yet,no
SF06:SF06P112,SF06,SF06:SF06P112,Jones & Gliddon (1999) Plant Ecology 141:151- 161,Lloydia_serotina,F,Female fitness,Habitat Fragmentation,,,single_layer_or_no_pair_hint,retain_in_systematic_universe_no_immediate_pair_screen,retained_no_primary_design_screen_yet,no
SF06:SF06P113,SF06,SF06:SF06P113,Jules & Rathcke (1999) Conserv Biol 13:784- 793,Trillium_ovatum,F,Female fitness,Habitat Fragmentation,,,single_layer_or_no_pair_hint,retain_in_systematic_universe_no_immediate_pair_screen,retained_no_primary_design_screen_yet,no
SF06:SF06P114,SF06,SF06:SF06P114,Kahmen & Jules (2005) Forest Ecology and Management 210:107- 116,Trillium_ovatum,F,Female fitness,Habitat Fragmentation,,,single_layer_or_no_pair_hint,retain_in_systematic_universe_no_immediate_pair_screen,retained_no_primary_design_screen_yet,no
SF06:SF06P115,SF06,SF06:SF06P115,Kamm et al. (2011) Forest Ecology and Management 262:1047- 1053,Cormus_domestica,F,Male fitness,Habitat fragmentation,,,single_layer_or_no_pair_hint,retain_in_systematic_universe_no_immediate_pair_screen,retained_no_primary_design_screen_yet,no
SF06:SF06P116,SF06,SF06:SF06P116,Karrenberg & Jensen (2000) Folia Geobot 35:191- 202,Pedicularis_palustris,F,Female fitness,Habitat Fragmentation,,,single_layer_or_no_pair_hint,retain_in_systematic_universe_no_immediate_pair_screen,retained_no_primary_design_screen_yet,no
SF06:SF06P117,SF06,SF06:SF06P117,"Kelly et al. (2000) In: Genetics, Demography and Viability of Fragmented Populations.",Peraxilla_tetrapetala,F,Female fitness,Habitat Fragmentation,,,single_layer_or_no_pair_hint,retain_in_systematic_universe_no_immediate_pair_screen,retained_no_primary_design_screen_yet,no
SF06:SF06P118,SF06,SF06:SF06P118,Kirchner et al. (2005) Oikos 111:130- 142,Centaurea_corymbosa,F,Female fitness,Habitat Fragmentation,,,single_layer_or_no_pair_hint,retain_in_systematic_universe_no_immediate_pair_screen,retained_no_primary_design_screen_yet,no
SF06:SF06P119,SF06,SF06:SF06P119,Klank et al. (2010) Journal of Ecology 98:1389- 1397,Trollius_europaeus,F,Female fitness,Habitat Fragmentation,,,single_layer_or_no_pair_hint,retain_in_systematic_universe_no_immediate_pair_screen,retained_no_primary_design_screen_yet,no
SF06:SF06P120,SF06,SF06:SF06P120,Kleizen et al. (2009) South African Journal of Botany 75:739- 743,Colchicum_burchellii_subsp._pulchrum,F,Female fitness,Habitat Fragmentation,,,single_layer_or_no_pair_hint,retain_in_systematic_universe_no_immediate_pair_screen,retained_no_primary_design_screen_yet,no
SF06:SF06P121,SF06,SF06:SF06P121,Kleunen et al. (2007) Oikos 116:1400- 1412,Datura_stramonium,F,Female fitness,Habitat Fragmentation,,,single_layer_or_no_pair_hint,retain_in_systematic_universe_no_immediate_pair_screen,retained_no_primary_design_screen_yet,no
SF06:SF06P122,SF06,SF06:SF06P122,Knapp et al. (2001) Oecologia 128:48- 55,Quercus_douglasii,F,Female fitness,Habitat Fragmentation,,,single_layer_or_no_pair_hint,retain_in_systematic_universe_no_immediate_pair_screen,retained_no_primary_design_screen_yet,no
SF06:SF06P123,SF06,SF06:SF06P123,Kolb & Lindhorst (2006) Plant Ecology 185:209- 220,Carex_sylvatica; Sanicula_europaea,F,Female fitness,Habitat Fragmentation,,,single_layer_or_no_pair_hint,retain_in_systematic_universe_no_immediate_pair_screen,retained_no_primary_design_screen_yet,no
SF06:SF06P124,SF06,SF06:SF06P124,Kolb (2005) J Ecol 93: 1226- 1237,Phyteuma_spicatum,F,Female fitness,Habitat Fragmentation,,,single_layer_or_no_pair_hint,retain_in_systematic_universe_no_immediate_pair_screen,retained_no_primary_design_screen_yet,no
SF06:SF06P125,SF06,SF06:SF06P125,Kolb (2008) Biological Conservation 141:2540- 2549,Phyteuma_spicatum,F;I,Female fitness; Pollination,Habitat Fragmentation; Habitat fragmentation,,,primary_if_fragmentation_design_screen,screen_title_abstract_methods_same_exposure_and_independent_unit,pending_outcome_blind_design_screen,no
SF06:SF06P126,SF06,SF06:SF06P126,Kolb et al. (2010) Ecology 91:3210- 3217,Phyteuma_spicatum,F,Female fitness,Habitat Fragmentation,,,single_layer_or_no_pair_hint,retain_in_systematic_universe_no_immediate_pair_screen,retained_no_primary_design_screen_yet,no
SF06:SF06P127,SF06,SF06:SF06P127,Krauss et al. (2007) Australian Journal of Botany 55:390- 399,Eucalyptus_salmonophloia; Eucalyptus_salubris,F,Female fitness,Habitat Fragmentation,,,single_layer_or_no_pair_hint,retain_in_systematic_universe_no_immediate_pair_screen,retained_no_primary_design_screen_yet,no
SF06:SF06P128,SF06,SF06:SF06P128,Kunin (1997) Journal of Ecology 225- 234,Sinapis_arvensis,F;I,Female fitness; Pollination,Habitat Fragmentation; Habitat fragmentation,,,primary_if_fragmentation_design_screen,screen_title_abstract_methods_same_exposure_and_independent_unit,pending_outcome_blind_design_screen,no
SF06:SF06P129,SF06,SF06:SF06P129,Kéry et al. (2000) Journal of Ecology 88:17- 30,Gentiana_lutea; Primula_veris,F,Female fitness,Habitat Fragmentation,,,single_layer_or_no_pair_hint,retain_in_systematic_universe_no_immediate_pair_screen,retained_no_primary_design_screen_yet,no
SF06:SF06P130,SF06,SF06:SF06P130,Lander et al. (2010) Biological Conservation 143:2583- 2590,Gomortega_keule,F,Male fitness,Habitat Fragmentation,,,single_layer_or_no_pair_hint,retain_in_systematic_universe_no_immediate_pair_screen,retained_no_primary_design_screen_yet,no
SF06:SF06P131,SF06,SF06:SF06P131,Lauterbach et al. (2012) Plant Systematics and Evolution 298:155- 164,Silene_otites,F,Female fitness,Habitat Fragmentation,,,single_layer_or_no_pair_hint,retain_in_systematic_universe_no_immediate_pair_screen,retained_no_primary_design_screen_yet,no
SF06:SF06P132,SF06,SF06:SF06P132,Lee (2000) Heredity 85:338- 345,Dryobalanops_aromatica,F,Male fitness,Logging,,,single_layer_or_no_pair_hint,retain_in_systematic_universe_no_immediate_pair_screen,retained_no_primary_design_screen_yet,no
SF06:SF06P133,SF06,SF06:SF06P133,Leimu & Syrjänen (2002) Oikos 98:229- 238,Vincetoxicum_hirundinaria,F,Female fitness; Male fitness,Habitat Fragmentation; Habitat fragmentation,,,single_layer_or_no_pair_hint,retain_in_systematic_universe_no_immediate_pair_screen,retained_no_primary_design_screen_yet,no
SF06:SF06P134,SF06,SF06:SF06P134,Lennartsson (2002) Ecology 83:3060- 3072,Gentianella_campestris,F,Female fitness,Habitat Fragmentation,,,single_layer_or_no_pair_hint,retain_in_systematic_universe_no_immediate_pair_screen,retained_no_primary_design_screen_yet,no
SF06:SF06P135,SF06,SF06:SF06P135,Leong et al. (2014) PLoS One 9: e86357,Centaurea_solstitialis,F;I,Female fitness; Pollination,Urbanization,,,secondary_if_nonfragmentation_land_use,retain_context_not_primary_if_fragmentation_queue,retained_no_primary_design_screen_yet,no
SF06:SF06P136,SF06,SF06:SF06P136,Lienert & Fischer (2003) J Ecol 91:587- 599,Primula_farinosa,F,Female fitness,Habitat Fragmentation,,,single_layer_or_no_pair_hint,retain_in_systematic_universe_no_immediate_pair_screen,retained_no_primary_design_screen_yet,no
SF06:SF06P137,SF06,SF06:SF06P137,Llorens et al. (2018) Frontiers in Ecology and Evolution 6: 39,Eucalyptus_wandoo,F,Female fitness,Habitat Fragmentation,,ML015,existing_egwee_programme,do_not_recruit_as_new,linked_existing_no_new_recruitment,no
SF06:SF06P139,SF06,SF06:SF06P139,Lopes & Buzato (2007) Oecologia 154:305- 314,Psychotria_suterella,F;I,Female fitness; Pollination,Habitat Fragmentation; Habitat fragmentation,,,primary_if_fragmentation_design_screen,screen_title_abstract_methods_same_exposure_and_independent_unit,pending_outcome_blind_design_screen,no
SF06:SF06P140,SF06,SF06:SF06P140,Lundell et al. (2015) Folia Geobotanica 50:13- 23,Chimaphila_umbellata,F,Female fitness,Habitat Fragmentation,,,single_layer_or_no_pair_hint,retain_in_systematic_universe_no_immediate_pair_screen,retained_no_primary_design_screen_yet,no
SF06:SF06P141,SF06,SF06:SF06P141,Lázaro et al. (2020) Ecological Applications 30:e02099,Geum_urbanum; Ranunculus_acris,F,Female fitness,Habitat Fragmentation,,,single_layer_or_no_pair_hint,retain_in_systematic_universe_no_immediate_pair_screen,retained_no_primary_design_screen_yet,no
SF06:SF06P142,SF06,SF06:SF06P142,Magrach et al. (2012) Austral Ecology 37:600- 609,Mitraria_coccinea,F,Female fitness,Habitat Fragmentation,,,single_layer_or_no_pair_hint,retain_in_systematic_universe_no_immediate_pair_screen,retained_no_primary_design_screen_yet,no
SF06:SF06P143,SF06,SF06:SF06P143,Magrach et al. (2013) Journal of Ecology 101:713- 721,Tristerix_corymbosus,F;I,Female fitness; Pollination,Habitat Fragmentation; Habitat fragmentation,,,primary_if_fragmentation_design_screen,screen_title_abstract_methods_same_exposure_and_independent_unit,pending_outcome_blind_design_screen,no
SF06:SF06P144,SF06,SF06:SF06P144,Manoel et al. (2012) Scientia Forestalis/Forest Sciences 40:145- 155,Copaifera_langsdorffii,F,Male fitness,Habitat fragmentation,,,single_layer_or_no_pair_hint,retain_in_systematic_universe_no_immediate_pair_screen,retained_no_primary_design_screen_yet,no
SF06:SF06P145,SF06,SF06:SF06P145,Matesanz et al. (2015) Plant Biology 17:1047- 1056,Centaurea_hypssopifolia; Helianthemum_squamatum; Lepidium_subulatum,F,Female fitness,Habitat Fragmentation,,,single_layer_or_no_pair_hint,retain_in_systematic_universe_no_immediate_pair_screen,retained_no_primary_design_screen_yet,no
SF06:SF06P146,SF06,SF06:SF06P146,Mathiasen et al. (2007) Conservation Biology 21:232- 240,Embothrium_coccineum,F,Male fitness,Habitat fragmentation,,,single_layer_or_no_pair_hint,retain_in_systematic_universe_no_immediate_pair_screen,retained_no_primary_design_screen_yet,no
SF06:SF06P147,SF06,SF06:SF06P147,Matos et al. (2015) Flora 211:1- 10,Vriesea_gigantea,F,Male fitness,Habitat fragmentation,,,single_layer_or_no_pair_hint,retain_in_systematic_universe_no_immediate_pair_screen,retained_no_primary_design_screen_yet,no
SF06:SF06P148,SF06,SF06:SF06P148,Matsumura & Washitani (2000) Ecological Research 15:307- 322,Primula_sieboldii,F,Female fitness,Habitat Fragmentation,,,single_layer_or_no_pair_hint,retain_in_systematic_universe_no_immediate_pair_screen,retained_no_primary_design_screen_yet,no
SF06:SF06P149,SF06,SF06:SF06P149,Medan & Devoto (2017) Plant Systematics and Evolution 303:841- 851,Ochetophila_trinervis,F,Female fitness,Habitat Fragmentation,,,single_layer_or_no_pair_hint,retain_in_systematic_universe_no_immediate_pair_screen,retained_no_primary_design_screen_yet,no
SF06:SF06P150,SF06,SF06:SF06P150,Meekers & Honnay (2011) Plant Ecology 212:1791- 1801,Gymnadenia_conopsea; Orchis_mascula,F,Female fitness,Habitat Fragmentation,,,single_layer_or_no_pair_hint,retain_in_systematic_universe_no_immediate_pair_screen,retained_no_primary_design_screen_yet,no
SF06:SF06P151,SF06,SF06:SF06P151,Michaels et al. (2019) The American Midland Naturalist 182:160- 180,Lupinus_perennis,F,Female fitness,Habitat Fragmentation,,,single_layer_or_no_pair_hint,retain_in_systematic_universe_no_immediate_pair_screen,retained_no_primary_design_screen_yet,no
SF06:SF06P152,SF06,SF06:SF06P152,Milberg & Bertilsson (1997) Flora 192:361- 367,Dracocephalum_ryuschiana,F,Female fitness,Habitat Fragmentation,,,single_layer_or_no_pair_hint,retain_in_systematic_universe_no_immediate_pair_screen,retained_no_primary_design_screen_yet,no
SF06:SF06P153,SF06,SF06:SF06P153,Millar et al. (2000) Australian Journal of Botany 48:475- 479,Eucalyptus_marginata,F,Male fitness,Habitat fragmentation,,,single_layer_or_no_pair_hint,retain_in_systematic_universe_no_immediate_pair_screen,retained_no_primary_design_screen_yet,no
SF06:SF06P154,SF06,SF06:SF06P154,Mimura et al. (2009) 18:4180- 4192,Eucalyptus_globulus,F,Male fitness,Habitat Fragmentation,,,single_layer_or_no_pair_hint,retain_in_systematic_universe_no_immediate_pair_screen,retained_no_primary_design_screen_yet,no
SF06:SF06P155,SF06,SF06:SF06P155,Montgomery et al. (2003) New Zealand Journal of Botany 41:277- 286,Peraxilla_tetrapetala,F,Female fitness,Habitat Fragmentation,,,single_layer_or_no_pair_hint,retain_in_systematic_universe_no_immediate_pair_screen,retained_no_primary_design_screen_yet,no
SF06:SF06P156,SF06,SF06:SF06P156,Moody-Weis & Heywood (2001) Am J Bot 88:1615- 1622,Oenothera_macrocarpa,F,Female fitness,Habitat Fragmentation,,,single_layer_or_no_pair_hint,retain_in_systematic_universe_no_immediate_pair_screen,retained_no_primary_design_screen_yet,no
SF06:SF06P157,SF06,SF06:SF06P157,Morgan (1999) Conserv Biol 13:266- 273,Rutidosis_leptorrhynchoides,F,Female fitness,Habitat Fragmentation,,,single_layer_or_no_pair_hint,retain_in_systematic_universe_no_immediate_pair_screen,retained_no_primary_design_screen_yet,no
SF06:SF06P158,SF06,SF06:SF06P158,Morgan et al. (2013) International Journal of Plant Sciences 174:1209- 1218,Leucochrysum_albicans,F,Female fitness,Habitat Fragmentation,,,single_layer_or_no_pair_hint,retain_in_systematic_universe_no_immediate_pair_screen,retained_no_primary_design_screen_yet,no
SF06:SF06P159,SF06,SF06:SF06P159,Mustajarvi et al. (2001) J Ecol 89:80- 87,Viscaria_vulgaris,F,Female fitness,Habitat Fragmentation,,,single_layer_or_no_pair_hint,retain_in_systematic_universe_no_immediate_pair_screen,retained_no_primary_design_screen_yet,no
SF06:SF06P160,SF06,SF06:SF06P160,Nagamitsu et al. (2016) Ecological Research 31:239- 250,Prunus_leveilleana,F,Male fitness,Habitat fragmentation,,,single_layer_or_no_pair_hint,retain_in_systematic_universe_no_immediate_pair_screen,retained_no_primary_design_screen_yet,no
SF06:SF06P161,SF06,SF06:SF06P161,Nielsen & Ims (2000) Ecoscience 7:157- 165,Viscaria_vulgaris,F,Female fitness,Habitat Fragmentation,,,single_layer_or_no_pair_hint,retain_in_systematic_universe_no_immediate_pair_screen,retained_no_primary_design_screen_yet,no
SF06:SF06P162,SF06,SF06:SF06P162,O'Connell et al. (2006) Heredity 97:418- 426,Picea_laxa,F,Male fitness,Habitat fragmentation,,,single_layer_or_no_pair_hint,retain_in_systematic_universe_no_immediate_pair_screen,retained_no_primary_design_screen_yet,no
SF06:SF06P163,SF06,SF06:SF06P163,Olotu et al. (2012) African Journal of Ecology 50:109- 116,Mesogyne_insignis,F,Female fitness,Habitat Fragmentation,,,single_layer_or_no_pair_hint,retain_in_systematic_universe_no_immediate_pair_screen,retained_no_primary_design_screen_yet,no
SF06:SF06P164,SF06,SF06:SF06P164,Omondi et al. (2018) New Forests 49:53- 65,Senegalia_senegal,F,Male fitness,Habitat fragmentation,,,single_layer_or_no_pair_hint,retain_in_systematic_universe_no_immediate_pair_screen,retained_no_primary_design_screen_yet,no
SF06:SF06P165,SF06,SF06:SF06P165,Oostermeijer et al. (1998) Conservation Biology 12:1042- 1053,Gentiana_pneumonanthe,F,Female fitness,Habitat Fragmentation,,,single_layer_or_no_pair_hint,retain_in_systematic_universe_no_immediate_pair_screen,retained_no_primary_design_screen_yet,no
SF06:SF06P166,SF06,SF06:SF06P166,Ortego et al. (2014) Journal of Plant Ecology 7:384- 395,Quercus_ilex,F,Female fitness; Male fitness,Habitat Fragmentation; Habitat fragmentation,,,single_layer_or_no_pair_hint,retain_in_systematic_universe_no_immediate_pair_screen,retained_no_primary_design_screen_yet,no
SF06:SF06P167,SF06,SF06:SF06P167,Oyama et al. (2017) Forest Ecology and Management 390:27- 35,Quercus_castanea,F,Male fitness,Habitat fragmentation,,,single_layer_or_no_pair_hint,retain_in_systematic_universe_no_immediate_pair_screen,retained_no_primary_design_screen_yet,no
SF06:SF06P168,SF06,SF06:SF06P168,Parra-Tabla et al. (2011) Biotropica 43:640- 647,Myrmecophila_christinae,F,Female fitness,Habitat Fragmentation,,,single_layer_or_no_pair_hint,retain_in_systematic_universe_no_immediate_pair_screen,retained_no_primary_design_screen_yet,no
SF06:SF06P169,SF06,SF06:SF06P169,Parraguirre-Lezama et al. (2004) Agrociencia 38:107- 119,Pinus_greggii,F,Male fitness,Habitat fragmentation,,,single_layer_or_no_pair_hint,retain_in_systematic_universe_no_immediate_pair_screen,retained_no_primary_design_screen_yet,no
SF06:SF06P170,SF06,SF06:SF06P170,ParraTabla et al. (2000) Biol Conserv 94:335- 340,Trichocentrum_ascendens,F,Female fitness,Habitat Fragmentation,,,single_layer_or_no_pair_hint,retain_in_systematic_universe_no_immediate_pair_screen,retained_no_primary_design_screen_yet,no
SF06:SF06P171,SF06,SF06:SF06P171,Paschke et al. (2002) Am J Bot 89:1250- 1259,Cochlearia_bavarica,F,Female fitness,Habitat Fragmentation,,,single_layer_or_no_pair_hint,retain_in_systematic_universe_no_immediate_pair_screen,retained_no_primary_design_screen_yet,no
SF06:SF06P172,SF06,SF06:SF06P172,Pauw (2007) Ecology 88:1759- 1769,Pterygodium_catholicum,F,Female fitness,Habitat Fragmentation,,,single_layer_or_no_pair_hint,retain_in_systematic_universe_no_immediate_pair_screen,retained_no_primary_design_screen_yet,no
SF06:SF06P173,SF06,SF06:SF06P173,Pearion (2015) The Journal of the Torrey Botanical Society 142:38- 50,Mononeuria_patula,F,Female fitness,Habitat Fragmentation,,,single_layer_or_no_pair_hint,retain_in_systematic_universe_no_immediate_pair_screen,retained_no_primary_design_screen_yet,no
SF06:SF06P174,SF06,SF06:SF06P174,Pellegrino & Bellusci (2014) Botanical Journal of the Linnean Society 176:408- 420,Serapias_cordigera,F,Female fitness,Habitat Fragmentation,,,single_layer_or_no_pair_hint,retain_in_systematic_universe_no_immediate_pair_screen,retained_no_primary_design_screen_yet,no
SF06:SF06P176,SF06,SF06:SF06P176,Pereyra et al. (2015) Arthropod-Plant Interactions 9:175- 186,Croton_lachnostachyus,F,Female fitness,Habitat Fragmentation,,,single_layer_or_no_pair_hint,retain_in_systematic_universe_no_immediate_pair_screen,retained_no_primary_design_screen_yet,no
SF06:SF06P177,SF06,SF06:SF06P177,Pierce et al. (2018) Biodiversity and Conservation 27:891- 905,Gentiana_pneumonanthe,F;I,Female fitness; Pollination,Habitat Fragmentation; Habitat fragmentation,,,primary_if_fragmentation_design_screen,screen_title_abstract_methods_same_exposure_and_independent_unit,pending_outcome_blind_design_screen,no
SF06:SF06P178,SF06,SF06:SF06P178,Pires et al. (2014) Austral Ecology 39: 328- 336,Senefeldera_verticillata,F,Female fitness,Habitat Fragmentation,,,single_layer_or_no_pair_hint,retain_in_systematic_universe_no_immediate_pair_screen,retained_no_primary_design_screen_yet,no
SF06:SF06P179,SF06,SF06:SF06P179,Pol et al. (2019) Tropical Ecology 60:462- 471,Ficus_adhantodifolia,F,Female fitness,Habitat Fragmentation,,,single_layer_or_no_pair_hint,retain_in_systematic_universe_no_immediate_pair_screen,retained_no_primary_design_screen_yet,no
SF06:SF06P180,SF06,SF06:SF06P180,Quesada et al. (2003) Oecologia 135:400- 406,Ceiba_grandiflora,F,Female fitness,Habitat Fragmentation,,,single_layer_or_no_pair_hint,retain_in_systematic_universe_no_immediate_pair_screen,retained_no_primary_design_screen_yet,no
SF06:SF06P181,SF06,SF06:SF06P181,Quesada et al. (2004) Biotropica 36:131- 138,Ceiba_aesculifolia; Ceiba_grandiflora,F,Female fitness,Habitat Fragmentation,,,single_layer_or_no_pair_hint,retain_in_systematic_universe_no_immediate_pair_screen,retained_no_primary_design_screen_yet,no
SF06:SF06P182,SF06,SF06:SF06P182,Quesada et al. (2013) American Journal of Botany 100:1095- 1101,Ceiba_aesculifolia,F,Male fitness,Habitat fragmentation,,,single_layer_or_no_pair_hint,retain_in_systematic_universe_no_immediate_pair_screen,retained_no_primary_design_screen_yet,no
SF06:SF06P183,SF06,SF06:SF06P183,Rabasa et al. (2009) Plant Ecology 200:241- 254,Colutea_arborescens_subsp._hispanica,F,Female fitness,Habitat Fragmentation,,,single_layer_or_no_pair_hint,retain_in_systematic_universe_no_immediate_pair_screen,retained_no_primary_design_screen_yet,no
SF06:SF06P184,SF06,SF06:SF06P184,Ramos & Santos (2006) Biotropica 38:383- 389,Psychotria_tenuinervis,F,Female fitness,Habitat Fragmentation,,,single_layer_or_no_pair_hint,retain_in_systematic_universe_no_immediate_pair_screen,retained_no_primary_design_screen_yet,no
SF06:SF06P185,SF06,SF06:SF06P185,Ramos et al. (2008) Biochemical Genetics 46:88- 100,Psychotria_tenuinervis,F,Male fitness,Habitat fragmentation,,,single_layer_or_no_pair_hint,retain_in_systematic_universe_no_immediate_pair_screen,retained_no_primary_design_screen_yet,no
SF06:SF06P186,SF06,SF06:SF06P186,Rey et al. (2018) Plant Biology 20:1083- 1092,Ziziphus_lotus,F,Female fitness,Habitat Fragmentation,,,single_layer_or_no_pair_hint,retain_in_systematic_universe_no_immediate_pair_screen,retained_no_primary_design_screen_yet,no
SF06:SF06P187,SF06,SF06:SF06P187,Ribeiro & Lovato (2004) Genetics and Molecular Biology 27: 418- 424,Senna_multijuga,F,Male fitness,Habitat fragmentation,,,single_layer_or_no_pair_hint,retain_in_systematic_universe_no_immediate_pair_screen,retained_no_primary_design_screen_yet,no
SF06:SF06P188,SF06,SF06:SF06P188,Robledo-Arnuncio et al. (2004) Molecular Ecology 13:2567- 2577,Pinus_sylvestris,F,Male fitness,Habitat fragmentation,,,single_layer_or_no_pair_hint,retain_in_systematic_universe_no_immediate_pair_screen,retained_no_primary_design_screen_yet,no
SF06:SF06P189,SF06,SF06:SF06P189,Rocha & Aguilar (2001) Am J Bot 88:1607- 1614,Enterolobium_cyclocarpum,F,Female fitness; Male fitness,Habitat fragmentation; Habitat Fragmentation,,,single_layer_or_no_pair_hint,retain_in_systematic_universe_no_immediate_pair_screen,retained_no_primary_design_screen_yet,no
SF06:SF06P190,SF06,SF06:SF06P190,Rosas et al. (2011) Biological Conservation 144:3082- 3088,Swietenia_humilis,F,Male fitness,Habitat fragmentation,,,single_layer_or_no_pair_hint,retain_in_systematic_universe_no_immediate_pair_screen,retained_no_primary_design_screen_yet,no
SF06:SF06P191,SF06,SF06:SF06P191,Rossetto et al. (2004) Biol Conserv 117:33- 39,Elaeocarpus_williamsianus,F,Female fitness,Habitat Fragmentation,,,single_layer_or_no_pair_hint,retain_in_systematic_universe_no_immediate_pair_screen,retained_no_primary_design_screen_yet,no
SF06:SF06P192,SF06,SF06:SF06P192,Sampson & Byrne (2008) Molecular Ecology 17:2769- 2781,Eucalyptus_loxophleba,F,Male fitness,Habiat fragmentation,,,single_layer_or_no_pair_hint,retain_in_systematic_universe_no_immediate_pair_screen,retained_no_primary_design_screen_yet,no
SF06:SF06P193,SF06,SF06:SF06P193,Sampson et al. (2014) Heredity 112:172- 181,Melaleuca_quadrifida,F,Male fitness,Habiat fragmentation,,,single_layer_or_no_pair_hint,retain_in_systematic_universe_no_immediate_pair_screen,retained_no_primary_design_screen_yet,no
SF06:SF06P194,SF06,SF06:SF06P194,Sampson et al. (2016) Ecology and Evolution 6:5867- 5880,Hakea_oldfieldii,F,Female fitness; Male fitness,Habitat fragmentation; Habitat Fragmentation,,,single_layer_or_no_pair_hint,retain_in_systematic_universe_no_immediate_pair_screen,retained_no_primary_design_screen_yet,no
SF06:SF06P195,SF06,SF06:SF06P195,Scaccabarozzi et al. (2020) Botanical Journal of the Linnean Society 194:253- 269,Diuris_magnifica,F,Female fitness; Male fitness,Habitat Fragmentation; Habitat fragmentation,,,single_layer_or_no_pair_hint,retain_in_systematic_universe_no_immediate_pair_screen,retained_no_primary_design_screen_yet,no
SF06:SF06P196,SF06,SF06:SF06P196,Schmidt & Jensen (2000) Am J Bot 87:678- 689,Pedicularis_palustris,F,Female fitness,Habitat Fragmentation,,,single_layer_or_no_pair_hint,retain_in_systematic_universe_no_immediate_pair_screen,retained_no_primary_design_screen_yet,no
SF06:SF06P197,SF06,SF06:SF06P197,Schmucki & De Blois (2009) Oecologia 160:721- 733,Trillium_grandiflorum,F,Female fitness,Habitat Fragmentation,,,single_layer_or_no_pair_hint,retain_in_systematic_universe_no_immediate_pair_screen,retained_no_primary_design_screen_yet,no
SF06:SF06P198,SF06,SF06:SF06P198,Seoane et al. (2005) Scientia Forestalis 69:13- 24,Euterpe_edulis,F,Male fitness,Habitat fragmentation,,,single_layer_or_no_pair_hint,retain_in_systematic_universe_no_immediate_pair_screen,retained_no_primary_design_screen_yet,no
SF06:SF06P199,SF06,SF06:SF06P199,Severns (2003) Biol Conserv 110:221- 229,Lupinus_sulphureus,F,Female fitness,Habitat Fragmentation,,,single_layer_or_no_pair_hint,retain_in_systematic_universe_no_immediate_pair_screen,retained_no_primary_design_screen_yet,no
SF06:SF06P200,SF06,SF06:SF06P200,Shao et al. (2008) Journal of Integrative Plant Biology 50:1151- 1160,Primula_merrilliana,F,Female fitness,Habitat Fragmentation,,,single_layer_or_no_pair_hint,retain_in_systematic_universe_no_immediate_pair_screen,retained_no_primary_design_screen_yet,no
SF06:SF06P201,SF06,SF06:SF06P201,Silva et al. (2014) Revista de Biología Tropical 62:369- 380,Psychotria_hastisepala,F,Female fitness,Habitat Fragmentation,,,single_layer_or_no_pair_hint,retain_in_systematic_universe_no_immediate_pair_screen,retained_no_primary_design_screen_yet,no
SF06:SF06P202,SF06,SF06:SF06P202,Smith-Ramirez & Armesto (2003) Aus Ecol 28:53- 60,Embothrium_coccineum,F,Female fitness,Habitat Fragmentation,,,single_layer_or_no_pair_hint,retain_in_systematic_universe_no_immediate_pair_screen,retained_no_primary_design_screen_yet,no
SF06:SF06P203,SF06,SF06:SF06P203,Smith-Ramírez et al. (2007) Biodiversity Loss & Conservation 102- 119,Embothrium_coccineum,F,Female fitness,Habitat Fragmentation,,,single_layer_or_no_pair_hint,retain_in_systematic_universe_no_immediate_pair_screen,retained_no_primary_design_screen_yet,no
SF06:SF06P204,SF06,SF06:SF06P204,Somanathan & Borges (2000) Biol Conserv 94:243- 256,Dyospyros_montana,F,Female fitness,Habitat Fragmentation,,,single_layer_or_no_pair_hint,retain_in_systematic_universe_no_immediate_pair_screen,retained_no_primary_design_screen_yet,no
SF06:SF06P205,SF06,SF06:SF06P205,Sonne & Hauser (2014) Annales Botanici Fennici 51:375- 386,Dactylorhiza_sambucina,F,Female fitness,Habitat Fragmentation,,,single_layer_or_no_pair_hint,retain_in_systematic_universe_no_immediate_pair_screen,retained_no_primary_design_screen_yet,no
SF06:SF06P206,SF06,SF06:SF06P206,Spigler (2018) Annals of Botany 121:513- 524,Sabatia_angularis,F,Female fitness,Habitat Fragmentation,,,single_layer_or_no_pair_hint,retain_in_systematic_universe_no_immediate_pair_screen,retained_no_primary_design_screen_yet,no
SF06:SF06P207,SF06,SF06:SF06P207,Steffan-Dewenter & Tscharntke (1996) VII International Symposium on Pollination 437 (pp. 231- 234),Raphanus_raphanistrum,F,Female fitness,Habitat Fragmentation,,,single_layer_or_no_pair_hint,retain_in_systematic_universe_no_immediate_pair_screen,retained_no_primary_design_screen_yet,no
SF06:SF06P208,SF06,SF06:SF06P208,Steffan-Dewenter & Tscharntke (1999) Oecologia 121:432- 440,Raphanus_raphanistrum; Raphanus_raphanistrum_subsp._sativus,F,Female fitness,Habitat Fragmentation,,,single_layer_or_no_pair_hint,retain_in_systematic_universe_no_immediate_pair_screen,retained_no_primary_design_screen_yet,no
SF06:SF06P209,SF06,SF06:SF06P209,Steffan-Dewenter et al. (2001) Proc Royal Soc London S B: Biol Sci 268:1685- 1690,Centaurea_jacea,F,Female fitness,Agriculture,,,single_layer_or_no_pair_hint,retain_in_systematic_universe_no_immediate_pair_screen,retained_no_primary_design_screen_yet,no
SF06:SF06P210,SF06,SF06:SF06P210,Sáyago et al. (2018) AoB Plants 10: ply038,Tillandsia_intermedia; Tillandsia_makoyana,F,Female fitness,Habitat Fragmentation,,ML008,existing_egwee_programme,do_not_recruit_as_new,linked_existing_no_new_recruitment,no
SF06:SF06P211,SF06,SF06:SF06P211,Sõber et al. (2009) Basic and Applied Ecology 10:737- 744,Verbascum_nigrum,F,Female fitness,Habitat Fragmentation,,,single_layer_or_no_pair_hint,retain_in_systematic_universe_no_immediate_pair_screen,retained_no_primary_design_screen_yet,no
SF06:SF06P212,SF06,SF06:SF06P212,Tamaki et al. (2009) Molecular Ecology 18: 2365- 2374,Magnolia_stellata,F,Male fitness,Habitat fragmentation,,,single_layer_or_no_pair_hint,retain_in_systematic_universe_no_immediate_pair_screen,retained_no_primary_design_screen_yet,no
SF06:SF06P213,SF06,SF06:SF06P213,Tambarussi et al. (2016) International Forestry Review 18:502- 510,Cariniana_legalis,F,Male fitness,Habitat fragmentation,,,single_layer_or_no_pair_hint,retain_in_systematic_universe_no_immediate_pair_screen,retained_no_primary_design_screen_yet,no
SF06:SF06P214,SF06,SF06:SF06P214,Tewksbury et al. (2002) PNAS 99:12923- 12926,Ilex_verticillata,F,Female fitness,Habitat Fragmentation,,,single_layer_or_no_pair_hint,retain_in_systematic_universe_no_immediate_pair_screen,retained_no_primary_design_screen_yet,no
SF06:SF06P215,SF06,SF06:SF06P215,Tomimatsu & Ohara (2002) Conserv Biol 16:1277- 1285,Trillium_camschatcense,F,Female fitness,Habitat Fragmentation,,,single_layer_or_no_pair_hint,retain_in_systematic_universe_no_immediate_pair_screen,retained_no_primary_design_screen_yet,no
SF06:SF06P216,SF06,SF06:SF06P216,Tsaliki & Diekmann (2010) Plant Biology 12:622- 629,Genista_albida; Genista_anglica,F,Female fitness,Habitat Fragmentation,,,single_layer_or_no_pair_hint,retain_in_systematic_universe_no_immediate_pair_screen,retained_no_primary_design_screen_yet,no
SF06:SF06P217,SF06,SF06:SF06P217,Tscheulin & Petanidou (2011) Apidologie 42:67- 77,Thymbra_capitata,F,Female fitness,Habitat Fragmentation,,,single_layer_or_no_pair_hint,retain_in_systematic_universe_no_immediate_pair_screen,retained_no_primary_design_screen_yet,no
SF06:SF06P218,SF06,SF06:SF06P218,Valdivia et al. (2005) Biodiversity & Conservation 15:1845- 1856,Lapageria_rosea,F,Female fitness,Habitat Fragmentation,,,single_layer_or_no_pair_hint,retain_in_systematic_universe_no_immediate_pair_screen,retained_no_primary_design_screen_yet,no
SF06:SF06P219,SF06,SF06:SF06P219,Valdés & García (2011) Journal of Applied Ecology 48:1422- 1431,Primula_vulgaris,F,Female fitness,Habitat Fragmentation,,,single_layer_or_no_pair_hint,retain_in_systematic_universe_no_immediate_pair_screen,retained_no_primary_design_screen_yet,no
SF06:SF06P220,SF06,SF06:SF06P220,Vallius et al. (2007) Nordic Journal of Botany 25:183- 189,Dactylorhiza_incarnata,F,Female fitness; Male fitness,Habitat Fragmentation; Habitat fragmentation,,,single_layer_or_no_pair_hint,retain_in_systematic_universe_no_immediate_pair_screen,retained_no_primary_design_screen_yet,no
SF06:SF06P221,SF06,SF06:SF06P221,van Kleulen & Johnson (2005) American Journal of Botany 92:1124- 1130,Senna_didymobotrya,F;I,Female fitness; Pollination,Habitat Fragmentation; Habitat fragmentation,,,primary_if_fragmentation_design_screen,screen_title_abstract_methods_same_exposure_and_independent_unit,pending_outcome_blind_design_screen,no
SF06:SF06P222,SF06,SF06:SF06P222,Van Rossum (2002) Conserv Biol 16:1286- 1295,Primula_elatior,F,Female fitness,Habitat Fragmentation,,,single_layer_or_no_pair_hint,retain_in_systematic_universe_no_immediate_pair_screen,retained_no_primary_design_screen_yet,no
SF06:SF06P223,SF06,SF06:SF06P223,Van Rossum (2009) Belgian Journal of Botany 98- 110,Lychnis_flos- cuculi,F,Female fitness,Habitat Fragmentation,,,single_layer_or_no_pair_hint,retain_in_systematic_universe_no_immediate_pair_screen,retained_no_primary_design_screen_yet,no
SF06:SF06P224,SF06,SF06:SF06P224,"Van Rossum (2010) Perspective in Plant Ecology, Evolution and Systematics 12:21- 29",Centaurea_jacea,F,Female fitness,Habitat Fragmentation,,,single_layer_or_no_pair_hint,retain_in_systematic_universe_no_immediate_pair_screen,retained_no_primary_design_screen_yet,no
SF06:SF06P225,SF06,SF06:SF06P225,Van Rossum et al. (2006) Acta Oecologica 30:426- 433,Primula_veris,F,Female fitness,Habitat Fragmentation,,,single_layer_or_no_pair_hint,retain_in_systematic_universe_no_immediate_pair_screen,retained_no_primary_design_screen_yet,no
SF06:SF06P226,SF06,SF06:SF06P226,Vivarelli et al. (2011) Botanical Journal of the Linnean Society 165:267- 277,Ononis_spinosa_subsp._masquillierii,F,Female fitness,Habitat Fragmentation,,,single_layer_or_no_pair_hint,retain_in_systematic_universe_no_immediate_pair_screen,retained_no_primary_design_screen_yet,no
SF06:SF06P227,SF06,SF06:SF06P227,Vranckx et al. (2014) Forest Ecology and Management 312:19- 27,Quercus_robur,F,Male fitness,Habitat fragmentation,,,single_layer_or_no_pair_hint,retain_in_systematic_universe_no_immediate_pair_screen,retained_no_primary_design_screen_yet,no
SF06:SF06P228,SF06,SF06:SF06P228,Vranckx et al. (2014) Forest Ecology and Management 328:254- 261,Quercus_robur,F,Male fitness,Habitat fragmentation,,,single_layer_or_no_pair_hint,retain_in_systematic_universe_no_immediate_pair_screen,retained_no_primary_design_screen_yet,no
SF06:SF06P229,SF06,SF06:SF06P229,Wagenius & Lyon (2010) Ecology 91:733- 742,Echinacea_angustifolia,F;I,Female fitness; Pollination,Habitat Fragmentation; Habitat fragmentation,,,primary_if_fragmentation_design_screen,screen_title_abstract_methods_same_exposure_and_independent_unit,pending_outcome_blind_design_screen,no
SF06:SF06P230,SF06,SF06:SF06P230,Wagenius (2006) Ecology 87:931- 941,Echinacea_angustifolia,F;I,Female fitness; Pollination,Habitat Fragmentation; Habitat fragmentation,,,primary_if_fragmentation_design_screen,screen_title_abstract_methods_same_exposure_and_independent_unit,pending_outcome_blind_design_screen,no
SF06:SF06P231,SF06,SF06:SF06P231,Waites & Agren (2004) Journal of Ecology 92:512- 526,Lythrum_salicaria,I,Pollination,population size,,,single_layer_or_no_pair_hint,retain_in_systematic_universe_no_immediate_pair_screen,retained_no_primary_design_screen_yet,no
SF06:SF06P232,SF06,SF06:SF06P232,Waites & Ågren (2004) Journal of ecology 92:512- 526,Lythrum_salicaria,F,Female fitness,Habitat Fragmentation,,,single_layer_or_no_pair_hint,retain_in_systematic_universe_no_immediate_pair_screen,retained_no_primary_design_screen_yet,no
SF06:SF06P233,SF06,SF06:SF06P233,Wang et al. (2010) Forest Ecology and Management 260:2180- 2188,Eurycorymbus_cavaleriei; Pinus_tabulaeformis,F,Female fitness; Male fitness,Habitat fragmentation; Habitat Fragmentation,,,single_layer_or_no_pair_hint,retain_in_systematic_universe_no_immediate_pair_screen,retained_no_primary_design_screen_yet,no
SF06:SF06P234,SF06,SF06:SF06P234,Wang et al. (2012) PloS One 7:e48731,Sagittaria_graminea; Sagittaria_trifolia,F,Female fitness,Habitat Fragmentation,,,single_layer_or_no_pair_hint,retain_in_systematic_universe_no_immediate_pair_screen,retained_no_primary_design_screen_yet,no
SF06:SF06P235,SF06,SF06:SF06P235,Warburton et al. (2000) Conserv Biol 96:45- 54,Santalum_acuminatum,F,Female fitness,Habitat Fragmentation,,,single_layer_or_no_pair_hint,retain_in_systematic_universe_no_immediate_pair_screen,retained_no_primary_design_screen_yet,no
SF06:SF06P236,SF06,SF06:SF06P236,Ward et al. (2013) Oecologia 171:883- 891,Gomphocarpus_fruticosus; Gomphocarpus_physocarpus,F,Female fitness,Habitat Fragmentation,,,single_layer_or_no_pair_hint,retain_in_systematic_universe_no_immediate_pair_screen,retained_no_primary_design_screen_yet,no
SF06:SF06P237,SF06,SF06:SF06P237,Watanabe et al. (2003) Pl Sp Biol 18:107- 121,Primula_sieboldii,F,Female fitness,Habitat Fragmentation,,,single_layer_or_no_pair_hint,retain_in_systematic_universe_no_immediate_pair_screen,retained_no_primary_design_screen_yet,no
SF06:SF06P238,SF06,SF06:SF06P238,Weber & Kolb (2011) Evolutionary Ecology 25:417- 428,Phyteuma_spicatum,F,Female fitness,Habitat Fragmentation,,,single_layer_or_no_pair_hint,retain_in_systematic_universe_no_immediate_pair_screen,retained_no_primary_design_screen_yet,no
SF06:SF06P239,SF06,SF06:SF06P239,Winter et al. (2008) Biological conservation 141:1095- 1104,Euphorbia_palustris; Jacobaea_paludosa; Lathyrus_clymenum; Sanguisorba_officinalis; Veronica_longifolia,F,Female fitness,Habitat Fragmentation,,,single_layer_or_no_pair_hint,retain_in_systematic_universe_no_immediate_pair_screen,retained_no_primary_design_screen_yet,no
SF06:SF06P240,SF06,SF06:SF06P240,Wolf et al. (2000) Conservation Biology 14:454- 463,Calystegia_collina,F,Female fitness,Habitat Fragmentation,,,single_layer_or_no_pair_hint,retain_in_systematic_universe_no_immediate_pair_screen,retained_no_primary_design_screen_yet,no
SF06:SF06P241,SF06,SF06:SF06P241,Woods et al. (2022) Landscape Ecology 37:1059- 1073,Heliconia_tortuosa,F;I,Female fitness; Pollination,Habitat Fragmentation; Habitat fragmentation,,,primary_if_fragmentation_design_screen,screen_title_abstract_methods_same_exposure_and_independent_unit,pending_outcome_blind_design_screen,no
SF06:SF06P242,SF06,SF06:SF06P242,Yates & Ladd (2004) Austral Ecology 29:189- 200,Verticordia_staminosa,F;I,Female fitness; Pollination,Habitat Fragmentation; Habitat fragmentation,,,primary_if_fragmentation_design_screen,screen_title_abstract_methods_same_exposure_and_independent_unit,pending_outcome_blind_design_screen,no
SF06:SF06P243,SF06,SF06:SF06P243,Yates & Ladd (2005) Conserv Biol 19:239- 249,Verticordia_fimbrilepis,F,Female fitness,Habitat Fragmentation,,,single_layer_or_no_pair_hint,retain_in_systematic_universe_no_immediate_pair_screen,retained_no_primary_design_screen_yet,no
SF06:SF06P244,SF06,SF06:SF06P244,Yates et al. (2007) Biodiversity and Conservation 16:1379- 1395,Melaleuca_quadrifida,F;I,Male fitness; Pollination,Habiat fragmentation; Habitat fragmentation,,,primary_if_fragmentation_design_screen,screen_title_abstract_methods_same_exposure_and_independent_unit,pending_outcome_blind_design_screen,no
SF06:SF06P245,SF06,SF06:SF06P245,Yates et al. (2007) Biological Conservation 136:306- 314.,Melaleuca_quadrifida,F,Female fitness,Habitat Fragmentation,,,single_layer_or_no_pair_hint,retain_in_systematic_universe_no_immediate_pair_screen,retained_no_primary_design_screen_yet,no
SF06:SF06P246,SF06,SF06:SF06P246,Yezzi et al. (2020) Plant Ecology 221:1275- 1291,Margyricarpus_pinnatus; Senecio_pampeanus,F,Female fitness,Habitat Fragmentation,,,single_layer_or_no_pair_hint,retain_in_systematic_universe_no_immediate_pair_screen,retained_no_primary_design_screen_yet,no
SF06:SF06P247,SF06,SF06:SF06P247,Young & Brown (1999) Genetics Research 73:111- 117,Rutidosis_leptorrhynchoides,F,Male fitness,Habitat fragmentation,,,single_layer_or_no_pair_hint,retain_in_systematic_universe_no_immediate_pair_screen,retained_no_primary_design_screen_yet,no
SF06:SF06P248,SF06,SF06:SF06P248,Young & Pickup (2010) Journal of Applied Ecology 47:541- 548,Rutidosis_leptorrhynchoides,F;I,Female fitness; Male fitness; Pollination,Habitat fragmentation; Habitat Fragmentation,,,primary_if_fragmentation_design_screen,screen_title_abstract_methods_same_exposure_and_independent_unit,pending_outcome_blind_design_screen,no
SF06:SF06P249,SF06,SF06:SF06P249,Yuan et al. (2021) Tropical Ecology 62:27- 33,Pterospermum_kingtungense,F,Female fitness,Habitat Fragmentation,,,single_layer_or_no_pair_hint,retain_in_systematic_universe_no_immediate_pair_screen,retained_no_primary_design_screen_yet,no
SF06:SF06P250,SF06,SF06:SF06P250,Zhang & Lou (2015) Journal of Plant Ecology 8:154- 158,Solanum_rostratum,F;I,Female fitness; Pollination,Habitat Fragmentation; Habitat fragmentation,,,primary_if_fragmentation_design_screen,screen_title_abstract_methods_same_exposure_and_independent_unit,pending_outcome_blind_design_screen,no
SF06:SF06P252,SF06,SF06:SF06P252,Zhao et al. (2014) Botanical Studies 56:1- 9,Circaeaster_agristis,F,Female fitness,Habitat Fragmentation,,,single_layer_or_no_pair_hint,retain_in_systematic_universe_no_immediate_pair_screen,retained_no_primary_design_screen_yet,no
SF06:SF06P253,SF06,SF06:SF06P253,Zhou et al. (2016) Scientific Reports 6:21435,Cleisostoma_linearilobatum,F,Female fitness,Habitat Fragmentation,,,single_layer_or_no_pair_hint,retain_in_systematic_universe_no_immediate_pair_screen,retained_no_primary_design_screen_yet,no
SF06:SF06P254,SF06,SF06:SF06P254,Ågren (1996) Ecology 77:1779- 1790,Lythrum_salicaria,F,Female fitness,Habitat Fragmentation,,,single_layer_or_no_pair_hint,retain_in_systematic_universe_no_immediate_pair_screen,retained_no_primary_design_screen_yet,no
SF06:SF06P255,SF06,SF06:SF06P255,Ågren et al. (2008) Journal of Ecology 96:334- 345,Vincetoxicum_hirundinaria,F,Female fitness,Habitat Fragmentation,,,single_layer_or_no_pair_hint,retain_in_systematic_universe_no_immediate_pair_screen,retained_no_primary_design_screen_yet,no
duplicate:bartlewicz|2015,SF04;SF06,SF04:SF04R01;SF06:SF06P013,Bartlewicz et al. (2015) Biological Journal of the Linnean Society 116: 603-613 || Bartlewicz et al. (2015) Biological Journal of the Linnean Society 116:603- 613,Linaria vulgaris; Linaria_vulgaris,F;G_adult,Female fitness,Urbanization,,,other_multilayer_metadata_hint,screen_after_primary_if_queue,pending_outcome_blind_design_screen,no
duplicate:browne|2015,SF04;SF05,SF04:SF04R18;SF05:53,"Browne et al. (2015) Heredity 115: 389-395 || Browne, L., Ottewell, K., Karubian, J., 2015. Short-term genetic consequences of habitat loss and fragmentation for the neotropical palm Oenocarpus bataua. Heredity (Edinb). 115, 389–395. https://doi.org/10.1038/hdy.2015.35",Oenocarpus batawa; Oenocarpus bataua,G_adult,,,G_adult_FSGS,,single_layer_or_no_pair_hint,retain_in_systematic_universe_no_immediate_pair_screen,retained_no_primary_design_screen_yet,no
duplicate:collevatti|2014,SF04;SF05,SF04:SF04R03;SF05:62,"Collevatti et al. (2014) Plant Systematics and Evolution 300: 1719-172 || Collevatti, R.G., Telles, M.P.C., Lima, J.S., Gouveia, F.O., Soares, T.N., 2014. Contrasting spatial genetic structure in Annona crassiflora populations from fragmented and pristine savannas. Plant Syst. Evol. 300, 1719–1727. https://doi.org/10.1007/s00606-014-0997-9",Annona crassiflora,G_adult,,,G_adult_FSGS,,single_layer_or_no_pair_hint,retain_in_systematic_universe_no_immediate_pair_screen,retained_no_primary_design_screen_yet,no
duplicate:giombini|2017,SF04;SF05,SF04:SF04R20;SF05:75,"Giombini et al. (2017) Heredity 118: 568-577 || Giombini, M.I., Bravo, S.P., Sica, Y. V., Tosto, D.S., 2017. Early genetic consequences of defaunation in a large-seeded vertebrate-dispersed palm (Syagrus romanzoffiana). Heredity (Edinb). 118, 568–577. https://doi.org/10.1038/hdy.2016.130",Syagrus romanzoffiana,G_adult,,,G_adult_FSGS,,single_layer_or_no_pair_hint,retain_in_systematic_universe_no_immediate_pair_screen,retained_no_primary_design_screen_yet,no
duplicate:lompo|2020,SF05;SF06,SF05:93;SF06:SF06P138,"Lompo, D., Vinceti, B., Konrad, H., Duminil, J., Geburek, T., 2020. Fine-scale spatial genetic structure, mating, and gene dispersal patterns in Parkia biglobosa populations with different levels of habitat fragmentation. Appl. Plant Sci. 107, 1041–1053. https://doi.org/10.1002/ajb2.1504 || Lompo et al. (2020) American Journal of Botany 107:1041- 1053",Parkia biglobosa; Parkia_biglobosa,C;F;G_adult,Male fitness,Habitat fragmentation,C_screen;G_adult_FSGS,P2_SF05_93,existing_egwee_programme,do_not_recruit_as_new,linked_existing_no_new_recruitment,no
duplicate:pellegrino|2015,SF04;SF06,SF04:SF04R35;SF06:SF06P175,Pellegrino et al. (2015) BMC Plant Biology 15: art222 || Pellegrino et al. (2015) BMC Plant Biology 15:1- 10,Serapias lingua; Serapias_lingua,F;G_adult,Female fitness,Habitat Fragmentation,,ML001,existing_egwee_programme,do_not_recruit_as_new,linked_existing_no_new_recruitment,no
duplicate:zhao|2009,SF05;SF06,SF05:81;SF06:SF06P251,"Zhao, R., Xia, H., Lu, B.R., 2009. Fine-scale genetic structure enhances biparental inbreeding by promoting mating events between more related individuals in wild soybean (Glycine soja; Fabaceae) populations. Am. J. Bot. 96, 1138–1147. https://doi.org/10.3732/ajb.0800173 || Zhao et al. (2009) American Journal of Botany 96:1138- 1147",Glycine soja; Glycine_max,F;G_adult,Male fitness,Habitat fragmentation,G_adult_FSGS,,other_multilayer_metadata_hint,screen_after_primary_if_queue,pending_outcome_blind_design_screen,no
