queue_id,candidate_openalex_id,doi,title,publication_year,first_author,source_name,layer_hints,pair_families,abstract_available,triage_class,workload_priority_basis,screening_status,outcome_opened
CFTQ0001,W7127386391,10.1007/s10980-026-02305-2,Landscape fragmentation and agricultural context impact pollination services to native annual plants in critically endangered Australian woodlands,2026,Manuel Sevenello,Landscape Ecology,I;F,I-F,yes,priority_multilayer_fragmentation,doi_venue_abstract_available_then_year_desc,pending_title_abstract_methods_screen,no
CFTQ0002,W7129283322,10.1002/ecy.70322,Habitat fragmentation affects plant–arthropod interactions through connectivity loss and edge effects,2026,Katherine A. Hulting,Ecology,I;F,I-F,yes,priority_multilayer_fragmentation,doi_venue_abstract_available_then_year_desc,pending_title_abstract_methods_screen,no
CFTQ0003,W7155363575,10.1038/s41437-026-00845-6,High selfing rate and inbreeding depression correlate with past range expansion in an endangered African timber species Pericopsis elata,2026,Bloude L. B. Toumba-Paka,Heredity,C;F;G_offspring,C-F,yes,priority_multilayer_fragmentation,doi_venue_abstract_available_then_year_desc,pending_title_abstract_methods_screen,no
CFTQ0004,W7160874897,10.1073/pnas.2533900123,"Oak masting breaks down in a highly fragmented, pollen-limited landscape",2026,Ian S. Pearse,Proceedings of the National Academy of Sciences,I;F,I-F,yes,priority_multilayer_fragmentation,doi_venue_abstract_available_then_year_desc,pending_title_abstract_methods_screen,no
CFTQ0005,W7165801268,10.1111/btp.70228,Pollinator Diversity and Pollen Flow of an Emergent Tropical Tree Species in a Fragmented Forest,2026,Supparat Tongkok,Biotropica,I;C;F;G_adult,"I-F;C-F;G_adult-mean(I,F)",yes,priority_multilayer_fragmentation,doi_venue_abstract_available_then_year_desc,pending_title_abstract_methods_screen,no
CFTQ0006,W7168045414,10.1093/aob/mcag204,Floral morphs of a heterostylous grassland herb differ in responses to grassland fragmentation and environmental pressures,2026,Anna Florianová,Annals of Botany,I;C;F,I-F;C-F,yes,priority_multilayer_fragmentation,doi_venue_abstract_available_then_year_desc,pending_title_abstract_methods_screen,no
CFTQ0007,W7168291794,10.3897/italianbotanist.22.183002,"An isolated, yet extensive population of the threatened species Jacobaea paludosa (Asteraceae) shows alarming reproductive constraints",2026,Marta Barberis,Italian Botanist,I;F;G_adult,"I-F;G_adult-mean(I,F)",yes,priority_multilayer_fragmentation,doi_venue_abstract_available_then_year_desc,pending_title_abstract_methods_screen,no
CFTQ0008,W7171952205,10.3375/2162-4399-46.3.2,Mating Matters: The Breeding System and Effects of Inbreeding and Outbreeding in the Endangered Willamette Daisy,2026,Thomas N. Kaye,Natural Areas Journal,I;F;G_adult,"I-F;G_adult-mean(I,F)",yes,priority_multilayer_fragmentation,doi_venue_abstract_available_then_year_desc,pending_title_abstract_methods_screen,no
CFTQ0009,W7212143108,10.3390/biology15181595,"Breeding System of Jacquemontia curtisii, an Endemic Morning-Glory of Pine Rocklands",2026,Suzanne Koptur,Biology,I;F,I-F,yes,priority_multilayer_fragmentation,doi_venue_abstract_available_then_year_desc,pending_title_abstract_methods_screen,no
CFTQ0010,W4406479973,10.3389/fpls.2024.1512914,"Assessment of genetic conservation units of an endangered glacial relict insular species, Amentotaxus formosana, based on fine-scale genetic structures of multiple fragmented mountainous populations in Taiwan",2025,Ya‐Zhu Ko,Frontiers in Plant Science,C;F;G_adult,C-F,yes,priority_multilayer_fragmentation,doi_venue_abstract_available_then_year_desc,pending_title_abstract_methods_screen,no
CFTQ0011,W4407412192,10.1002/ece3.70903,Inbreeding Depression Manifested in Progeny From Fragmented Populations of the Wind‐Pollinated Dioecious Conifer Afrocarpus gracilior (Pilg.) C. N. Page,2025,Nigussu Begashaw Abate,Ecology and Evolution,C;F;G_offspring,C-F,yes,priority_multilayer_fragmentation,doi_venue_abstract_available_then_year_desc,pending_title_abstract_methods_screen,no
CFTQ0012,W4407913905,10.3390/plants14050702,A Spatial Structure of Key Tree Species Metrodorea nigra St. Hill. (Rutaceae) Is Associated with Historical Disturbance and Isolation in Southeastern Brazil,2025,R. Maciel Filho,Plants,I;C;F;G_offspring,I-F;C-F,yes,priority_multilayer_fragmentation,doi_venue_abstract_available_then_year_desc,pending_title_abstract_methods_screen,no
CFTQ0013,W4409090379,10.1016/j.gecco.2025.e03571,Reduced rodent-mediated seed dispersal at forest edge hinders regeneration,2025,Xinhui Wang,Global Ecology and Conservation,C;F,C-F,yes,priority_multilayer_fragmentation,doi_venue_abstract_available_then_year_desc,pending_title_abstract_methods_screen,no
CFTQ0014,W4410004957,10.1080/11956860.2025.2494407,The abundance and reproductive success of the orchid Calypso bulbosa L. in relation to forest structure,2025,Esa Huhta,Ecoscience,I;F,I-F,yes,priority_multilayer_fragmentation,doi_venue_abstract_available_then_year_desc,pending_title_abstract_methods_screen,no
CFTQ0015,W4410157027,10.1086/736572,Flowering and Fruiting Characteristics and Phenology of an Endemic Monoecious Tree in a Fragmented African Rainforest Landscape,2025,Freddy S. Kabala,International Journal of Plant Sciences,C;F,C-F,yes,priority_multilayer_fragmentation,doi_venue_abstract_available_then_year_desc,pending_title_abstract_methods_screen,no
CFTQ0016,W4411057123,10.3389/fpls.2025.1522871,Impact of fragmented habitats on reproductive success in dominant shrubs: natural selection on floral display and pollinator visitation,2025,Min Chen,Frontiers in Plant Science,I;F,I-F,yes,priority_multilayer_fragmentation,doi_venue_abstract_available_then_year_desc,pending_title_abstract_methods_screen,no
CFTQ0017,W4413335303,10.1098/rsos.250207,The interplay between local biodiversity floral odours and reproductive success varies across different population sizes of Cypripedium calceolus,2025,Mélissa Haouzi,Royal Society Open Science,I;F;G_adult,"I-F;G_adult-mean(I,F)",yes,priority_multilayer_fragmentation,doi_venue_abstract_available_then_year_desc,pending_title_abstract_methods_screen,no
CFTQ0018,W4413847408,10.1016/j.dib.2025.112013,"A comprehensive dataset on pollinator diversity, visitation rates, individual-based traits, and pollination success across four plant species in an urban garden experiment in Zurich, Switzerland",2025,Merin Reji Chacko,Data in Brief,I;F,I-F,yes,priority_multilayer_fragmentation,doi_venue_abstract_available_then_year_desc,pending_title_abstract_methods_screen,no
CFTQ0019,W4413883223,10.1016/j.flora.2025.152829,"Phenology, floral biology, morphology and hawkmoth pollination of Calliandra magdalenae (Fabaceae) in modified landscapes of the Soconusco region, Mexico",2025,Karen Beatriz Hernández‐Esquivel,Flora,I;C;F,I-F;C-F,yes,priority_multilayer_fragmentation,doi_venue_abstract_available_then_year_desc,pending_title_abstract_methods_screen,no
CFTQ0020,W4413921868,10.1146/annurev-ecolsys-110421-102855,Plant Mating Systems in Small Populations,2025,Jon Ågren,Annual Review of Ecology Evolution and Systematics,I;C;F,I-F;C-F,yes,priority_multilayer_fragmentation,doi_venue_abstract_available_then_year_desc,pending_title_abstract_methods_screen,no
CFTQ0021,W4414394819,10.1002/ece3.72127,Seed Production and Pollinator Dependence in Native Wildflowers: Guiding Species Selection for Conservation Plantings,2025,Anthony P. Abbate,Ecology and Evolution,I;F,I-F,yes,priority_multilayer_fragmentation,doi_venue_abstract_available_then_year_desc,pending_title_abstract_methods_screen,no
CFTQ0022,W4414402107,10.1111/1365-2664.70159,Urbanised landscape and microhabitat differences can influence flowering phenology and synchrony in an annual herb,2025,Hinata Fujiwara,Journal of Applied Ecology,I;F,I-F,yes,priority_multilayer_fragmentation,doi_venue_abstract_available_then_year_desc,pending_title_abstract_methods_screen,no
CFTQ0023,W4414449732,10.3389/fevo.2025.1594599,Conservation of animal–plant mutualistic networks is essential to prevent functional extinction of the narrow endemic morning glory Ipomoea cavalcantei in Amazon canga ecosystems,2025,Elena Babiychuk,Frontiers in Ecology and Evolution,I;C;F;G_adult,"I-F;C-F;G_adult-mean(I,F)",yes,priority_multilayer_fragmentation,doi_venue_abstract_available_then_year_desc,pending_title_abstract_methods_screen,no
CFTQ0024,W4396770414,10.1093/aob/mcae076,Anthropogenic land-use change decreases pollination and male and female fitness in terrestrial flowering plants,2024,Ramiro J.A. Ovejero Aguilar,Annals of Botany,I;F,I-F,yes,priority_multilayer_fragmentation,doi_venue_abstract_available_then_year_desc,pending_title_abstract_methods_screen,no
CFTQ0025,W4399087562,10.3120/0024-9637-70.4.197,"FLOWERING, FRUIT SET, AND SEED PREDATION IN ARCTOSTAPHYLOS MORROENSIS, A RARE OBLIGATE-SEEDING SHRUB",2024,Claudia M. Tyler,Madroño,I;F,I-F,yes,priority_multilayer_fragmentation,doi_venue_abstract_available_then_year_desc,pending_title_abstract_methods_screen,no
CFTQ0026,W4399189183,10.3159/torrey-d-23-00025.1,"Genetic diversity, reproductive success, and genetic differentiation from congeners in the narrow endemic Phlox pilosa ssp. sangamonensis1",2024,Jack Zinnen,The Journal of the Torrey Botanical Society,I;F;G_adult,"I-F;G_adult-mean(I,F)",yes,priority_multilayer_fragmentation,doi_venue_abstract_available_then_year_desc,pending_title_abstract_methods_screen,no
CFTQ0027,W4399387738,10.3390/d16060333,What Factors Determine the Natural Fruit Set of Cephalanthera longifolia and Cephalanthera rubra?,2024,Laurynas Taura,Diversity,I;F,I-F,yes,priority_multilayer_fragmentation,doi_venue_abstract_available_then_year_desc,pending_title_abstract_methods_screen,no
CFTQ0028,W4399436522,10.3390/biology13060423,"Self-Incompatibility in Devil’s Potato (Echites umbellatus Jacq., Apocynaceae) May Explain Why Few Flowers Set Fruit",2024,Suzanne Koptur,Biology,I;F,I-F,yes,priority_multilayer_fragmentation,doi_venue_abstract_available_then_year_desc,pending_title_abstract_methods_screen,no
CFTQ0029,W4400514002,10.2179/0008-7475.89.1.35,The Only Effective Pollinators of Guettarda scabra are Nocturnal Hawkmoths: A Re-Examination and Refutation of Earlier Conclusions,2024,María Cleopatra Pimienta,Castanea,I;F,I-F,yes,priority_multilayer_fragmentation,doi_venue_abstract_available_then_year_desc,pending_title_abstract_methods_screen,no
CFTQ0030,W4401038379,10.3389/frbee.2024.1393431,Do forest reserves help maintain pollinator diversity and pollination services in tropical agricultural highlands? A case study using Brassica rapa as a model,2024,Natalia Escobedo‐Kenefic,Frontiers in Bee Science,I;F,I-F,yes,priority_multilayer_fragmentation,doi_venue_abstract_available_then_year_desc,pending_title_abstract_methods_screen,no
CFTQ0031,W4401103506,10.1093/botlinnean/boae031,"Reproductive biology of Santolina ligustica Arrigoni, a rare narrow-ranged species: implications for conservation",2024,Chiara Bonifazio,Botanical Journal of the Linnean Society,I;F,I-F,yes,priority_multilayer_fragmentation,doi_venue_abstract_available_then_year_desc,pending_title_abstract_methods_screen,no
CFTQ0032,W4402626468,10.1371/journal.pone.0310679,Isolation limits spring pollination in a UK fragmented landscape,2024,Dongbo Li,PLoS ONE,I;F,I-F,yes,priority_multilayer_fragmentation,doi_venue_abstract_available_then_year_desc,pending_title_abstract_methods_screen,no
CFTQ0033,W4405548088,10.26786/1920-7603(2024)786,"Notes on pollination ecology of Altensteinia fimbriata Kunth in the city of Quito, Ecuador",2024,Martín Carrera,Journal of Pollination Ecology,I;F,I-F,yes,priority_multilayer_fragmentation,doi_venue_abstract_available_then_year_desc,pending_title_abstract_methods_screen,no
CFTQ0034,W4315705352,10.12688/openreseurope.14281.2,Wild snapdragon plant pedigree sheds light on limited connectivity enhanced by higher migrant reproductive success in a fragmented landscape,2023,Laura Gervais,Open Research Europe,C;F;G_offspring,C-F,yes,priority_multilayer_fragmentation,doi_venue_abstract_available_then_year_desc,pending_title_abstract_methods_screen,no
CFTQ0035,W4316039461,10.1016/j.flora.2023.152219,Increasing density enhances pollination and fecundity in the rewarding orchid Gymnadenia conopsea,2023,Karl J. Duffy,Flora,I;F,I-F,yes,priority_multilayer_fragmentation,doi_venue_abstract_available_then_year_desc,pending_title_abstract_methods_screen,no
CFTQ0036,W4363677462,10.21203/rs.3.rs-2442865/v1,Isolation limits spring pollination in a UK fragmented landscape,2023,Dongbo Li,Research Square,I;F,I-F,yes,priority_multilayer_fragmentation,doi_venue_abstract_available_then_year_desc,pending_title_abstract_methods_screen,no
CFTQ0037,W4366680606,10.1038/s41598-023-33720-z,Genetic assessment of the value of restoration planting within an endangered eucalypt woodland,2023,Natalie L. Rosser,Scientific Reports,C;F;G_offspring,C-F,yes,priority_multilayer_fragmentation,doi_venue_abstract_available_then_year_desc,pending_title_abstract_methods_screen,no
CFTQ0038,W4378084694,10.1016/j.gecco.2023.e02520,Plants at population edges enjoy longer mating distances: Implications for conservation practice,2023,Hanqing Tang,Global Ecology and Conservation,I;C;F;G_offspring,I-F;C-F,yes,priority_multilayer_fragmentation,doi_venue_abstract_available_then_year_desc,pending_title_abstract_methods_screen,no
CFTQ0039,W4378830627,10.1111/oik.09919,Tropical plant–hummingbird interactions withstand short‐term experimental removal of a common flowering plant,2023,Kara G. Leimberger,Oikos,I;F,I-F,yes,priority_multilayer_fragmentation,doi_venue_abstract_available_then_year_desc,pending_title_abstract_methods_screen,no
CFTQ0040,W4384397946,10.21203/rs.3.rs-3145216/v1,Introduced honeybees (Apis mellifera) in orchid pollination: surrogate pollinators or pollen wasters?,2023,Daniela Scaccabarozzi,Research Square,I;F,I-F,yes,priority_multilayer_fragmentation,doi_venue_abstract_available_then_year_desc,pending_title_abstract_methods_screen,no
CFTQ0041,W4386824185,10.1073/pnas.2306967120,Habitat fragmentation decouples fire-stimulated flowering from plant reproductive fitness,2023,Jared J. Beck,Proceedings of the National Academy of Sciences,I;F,I-F,yes,priority_multilayer_fragmentation,doi_venue_abstract_available_then_year_desc,pending_title_abstract_methods_screen,no
CFTQ0042,W4387519860,10.1111/aec.13444,Impact of reserve area on reproduction of a moth‐pollinated Stackhousia Sm. (Celastraceae) species in a fragmented landscape,2023,Alex G. Blackall,Austral Ecology,I;F,I-F,yes,priority_multilayer_fragmentation,doi_venue_abstract_available_then_year_desc,pending_title_abstract_methods_screen,no
CFTQ0043,W4214722162,10.1101/2022.02.24.481682,Tropical hummingbird pollination networks are resistant to short-term experimental removal of a common flowering plant,2022,Kara G. Leimberger,bioRxiv (Cold Spring Harbor Laboratory),I;F,I-F,yes,priority_multilayer_fragmentation,doi_venue_abstract_available_then_year_desc,pending_title_abstract_methods_screen,no
CFTQ0044,W4220669809,10.1101/2022.03.11.483986,Urbanization and green corridors influence reproductive success and pollinators of common milkweed,2022,Sophie T. Breitbart,bioRxiv (Cold Spring Harbor Laboratory),I;F,I-F,yes,priority_multilayer_fragmentation,doi_venue_abstract_available_then_year_desc,pending_title_abstract_methods_screen,no
CFTQ0045,W4282980539,10.3389/ffgc.2022.893548,"Spatiotemporal Variation on Fertility, Mating System, and Gene Flow in Vriesea gigantea (Bromeliaceae), an Atlantic Forest Species",2022,Gecele Matos Paggi,Frontiers in Forests and Global Change,C;F;G_adult,C-F,yes,priority_multilayer_fragmentation,doi_venue_abstract_available_then_year_desc,pending_title_abstract_methods_screen,no
CFTQ0046,W4285139907,10.4236/ojf.2022.123019,Genetic Variation in Tropical Tree Species and Plantations: A Review,2022,Tomiwa Victor Oluwajuwon,Open Journal of Forestry,C;F;G_adult,C-F,yes,priority_multilayer_fragmentation,doi_venue_abstract_available_then_year_desc,pending_title_abstract_methods_screen,no
CFTQ0047,W4286434187,10.3390/f13071152,Gene Flow and Recruitment Patterns among Disjunct Populations of Allocasuarina verticillata (Lam.) L.A.S. Johnson,2022,Yong Zhang,Forests,C;F;G_adult,C-F,yes,priority_multilayer_fragmentation,doi_venue_abstract_available_then_year_desc,pending_title_abstract_methods_screen,no
CFTQ0048,W4296035331,10.1002/ajb2.16072,Genetic variation in reproductive timing in a long‐lived herbaceous perennial,2022,Will J. Reed,American Journal of Botany,C;F,C-F,yes,priority_multilayer_fragmentation,doi_venue_abstract_available_then_year_desc,pending_title_abstract_methods_screen,no
CFTQ0049,W4297359992,10.3389/fevo.2022.908258,Pollinator movement activity influences genetic diversity and differentiation of spatially isolated populations of clonal forest herbs,2022,Jannis Till Feigs,Frontiers in Ecology and Evolution,I;C;F;G_adult,"I-F;C-F;G_adult-mean(I,F)",yes,priority_multilayer_fragmentation,doi_venue_abstract_available_then_year_desc,pending_title_abstract_methods_screen,no
CFTQ0050,W4313447219,10.1111/1365-2435.14252,Density‐dependent dispersal strategy of pollinator moderates the adverse effect of habitat loss on plant reproduction: An integrated model based on pollinators' behavioural response,2022,Le Jiao,Functional Ecology,I;F,I-F,yes,priority_multilayer_fragmentation,doi_venue_abstract_available_then_year_desc,pending_title_abstract_methods_screen,no
CFTQ0051,W3126580036,10.3390/biology10020114,Bioecological and Behavioral Interaction between Pollinating Bees and the Pioneer Shrub Ludwigia nervosa in Degraded Area Suggests an Exotic Bee as Its Major Pollinator,2021,Eliana Aparecida Ferreira,Biology,I;F,I-F,yes,priority_multilayer_fragmentation,doi_venue_abstract_available_then_year_desc,pending_title_abstract_methods_screen,no
CFTQ0052,W3128219789,10.1016/j.gecco.2021.e01474,Calcareous grassland fragments as sources of bee pollinators for the surrounding agricultural landscape,2021,Felix Klaus,Global Ecology and Conservation,I;F,I-F,yes,priority_multilayer_fragmentation,doi_venue_abstract_available_then_year_desc,pending_title_abstract_methods_screen,no
CFTQ0053,W3134916135,10.3389/fevo.2021.640143,Long-Term Tree Regeneration of Fragmented Agroforestry Systems Under Varying Climatic Conditions,2021,Mario Dı́az,Frontiers in Ecology and Evolution,I;F,I-F,yes,priority_multilayer_fragmentation,doi_venue_abstract_available_then_year_desc,pending_title_abstract_methods_screen,no
CFTQ0054,W3157905788,10.1371/journal.pone.0250859,Seedling recruitment under isolated trees in a tea plantation provides a template for forest restoration in eastern Africa,2021,Henry Joseph Ndangalasi,PLoS ONE,I;F,I-F,yes,priority_multilayer_fragmentation,doi_venue_abstract_available_then_year_desc,pending_title_abstract_methods_screen,no
CFTQ0055,W3158015835,10.1111/1442-1984.12333,The pollination seesaw of Rhynchospora cephalotes ( L. ) V ahl ( C yperaceae): Influence of plant location on the role of wind and insects as pollen vectors,2021,Ana Carolina Galindo da Costa,Plant Species Biology,I;F,I-F,yes,priority_multilayer_fragmentation,doi_venue_abstract_available_then_year_desc,pending_title_abstract_methods_screen,no
CFTQ0056,W3161493909,10.1002/ece3.7613,Small‐scale genetic structure and mating patterns in an extensive sessile oak forest ( Quercus petraea (Matt.) Liebl.),2021,Pascal Eusemann,Ecology and Evolution,C;F;G_offspring,C-F,yes,priority_multilayer_fragmentation,doi_venue_abstract_available_then_year_desc,pending_title_abstract_methods_screen,no
CFTQ0057,W3167946849,10.1111/rec.13458,"Genetic rescue reduces mate limitation in a threatened, clonal, and self‐incompatible plant species",2021,Nora Gavin‐Smyth,Restoration Ecology,I;F,I-F,yes,priority_multilayer_fragmentation,doi_venue_abstract_available_then_year_desc,pending_title_abstract_methods_screen,no
CFTQ0058,W3178987595,10.13057/biodiv/d220815,"The genetic diversity and reproductive dynamics of sandalwood in Gunung Sewu (Java, Indonesia) in 2012-2019: designing conservation strategies in a continuous versus fragmented landrace",2021,Y W N Ratnaningrum,Biodiversitas Journal of Biological Diversity,C;F;G_offspring,C-F,yes,priority_multilayer_fragmentation,doi_venue_abstract_available_then_year_desc,pending_title_abstract_methods_screen,no
CFTQ0059,W3183855512,10.1002/ece3.7946,Restored and remnant Banksia woodlands elicit different foraging behavior in avian pollinators,2021,Alison L. Ritchie,Ecology and Evolution,I;F,I-F,yes,priority_multilayer_fragmentation,doi_venue_abstract_available_then_year_desc,pending_title_abstract_methods_screen,no
CFTQ0060,W3201447185,10.1186/s12870-021-03211-2,"Comparative effects of pollen limitation, floral traits and pollinators on reproductive success of Hedysarum scoparium Fisch. et Mey. in different habitats",2021,Min Chen,BMC Plant Biology,I;F,I-F,yes,priority_multilayer_fragmentation,doi_venue_abstract_available_then_year_desc,pending_title_abstract_methods_screen,no
CFTQ0061,W3216132155,10.12688/openreseurope.14281.1,Wild snapdragon plant pedigree sheds light on limited connectivity enhanced by higher migrant reproductive success in a fragmented landscape,2021,Laura Gervais,Open Research Europe,C;F;G_offspring,C-F,yes,priority_multilayer_fragmentation,doi_venue_abstract_available_then_year_desc,pending_title_abstract_methods_screen,no
CFTQ0062,W4200396392,10.1016/j.sajb.2021.11.056,Road and landscape-context impacts on bird pollination in fynbos of the southeastern Cape Floristic Region,2021,B. Adriaan Grobler,South African Journal of Botany,I;F,I-F,yes,priority_multilayer_fragmentation,doi_venue_abstract_available_then_year_desc,pending_title_abstract_methods_screen,no
CFTQ0063,W2266955751,10.25710/hvwa-qp48,"The effects of a widespread, showy invasive plant (Rubus armeniacus) on pollinator visitation rates, pollen deposition, and seed set in a rare native wildflower (Sidalcea hendersonii)",2020,Natasha S. Johnson,Western CEDAR (Western Washington University),I;F,I-F,yes,priority_multilayer_fragmentation,doi_venue_abstract_available_then_year_desc,pending_title_abstract_methods_screen,no
CFTQ0064,W3005770126,10.1111/plb.13099,Seed dispersal and realized gene flow of two forest orchids in a fragmented landscape,2020,Milan Kotilínek,Plant Biology,C;F;G_adult,C-F,yes,priority_multilayer_fragmentation,doi_venue_abstract_available_then_year_desc,pending_title_abstract_methods_screen,no
CFTQ0065,W3008248205,10.1002/eap.2093,Fragmentation reduces community‐wide taxonomic and functional diversity of dispersed tree seeds in the Central Amazon,2020,Elaine R. Hooper,Ecological Applications,I;C;F,I-F;C-F,yes,priority_multilayer_fragmentation,doi_venue_abstract_available_then_year_desc,pending_title_abstract_methods_screen,no
CFTQ0066,W3020068403,10.1016/j.gecco.2020.e01063,Reproductive ecology of Paphiopedilum spicerianum: Implications for conservation of a critically endangered orchid in China,2020,Qiang Liu,Global Ecology and Conservation,I;F,I-F,yes,priority_multilayer_fragmentation,doi_venue_abstract_available_then_year_desc,pending_title_abstract_methods_screen,no
CFTQ0067,W3042877058,10.1002/ece3.6550,Pollen limitation in the endangered Chinese endemic species Sinocalycanthus chinensis,2020,Junmin Li,Ecology and Evolution,I;F,I-F,yes,priority_multilayer_fragmentation,doi_venue_abstract_available_then_year_desc,pending_title_abstract_methods_screen,no
CFTQ0068,W3048987625,10.1016/j.gecco.2020.e01227,Decreasing genetic connectivity in the endangered tree Magnolia patungensis in fragmented forests,2020,Xiangrong Fan,Global Ecology and Conservation,I;C;F;G_adult,"I-F;C-F;G_adult-mean(I,F)",yes,priority_multilayer_fragmentation,doi_venue_abstract_available_then_year_desc,pending_title_abstract_methods_screen,no
CFTQ0069,W3087567931,10.1111/plb.13184,Female and male fitness of a sexually deceptive orchid with a narrow distribution area: from phenotypic traits to spatial distribution patterns,2020,Joshua Borràs,Plant Biology,I;F;G_adult,"I-F;G_adult-mean(I,F)",yes,priority_multilayer_fragmentation,doi_venue_abstract_available_then_year_desc,pending_title_abstract_methods_screen,no
CFTQ0070,W3098067612,10.1002/ppp3.10166,Genetic threats to the Forest Giants of the Amazon: Habitat degradation effects on the socio‐economically important Brazil nut tree (Bertholletia excelsa),2020,Fidel Chiriboga‐Arroyo,Plants People Planet,C;F;G_offspring,C-F,yes,priority_multilayer_fragmentation,doi_venue_abstract_available_then_year_desc,pending_title_abstract_methods_screen,no
CFTQ0071,W2913064258,10.1093/jhered/esy069,Great Genetic Diversity but High Selfing Rates and Short-Distance Gene Flow Characterize Populations of a Tree (Foetidia; Lecythidaceae) in the Fragmented Tropical Dry Forest of the Mascarene Islands,2019,Nicolas Cuénin,Journal of Heredity,C;F;G_offspring,C-F,yes,priority_multilayer_fragmentation,doi_venue_abstract_available_then_year_desc,pending_title_abstract_methods_screen,no
CFTQ0072,W2920225635,10.1002/eap.1850,Landscape heterogeneity is key to forecasting outcomes of plant reintroduction,2019,T. Trevor Caughlin,Ecological Applications,C;F,C-F,yes,priority_multilayer_fragmentation,doi_venue_abstract_available_then_year_desc,pending_title_abstract_methods_screen,no
CFTQ0073,W2936580884,10.1111/plb.12986,Increasing the germination percentage of a declining native orchid (Himantoglossum adriaticum) by pollen transfer and outbreeding between populations,2019,Silvia Del Vecchio,Plant Biology,I;F,I-F,yes,priority_multilayer_fragmentation,doi_venue_abstract_available_then_year_desc,pending_title_abstract_methods_screen,no
CFTQ0074,W2943193068,10.1007/s10592-019-01187-z,"Impact of habitat loss and fragmentation on reproduction, dispersal and species persistence for an endangered Chilean tree",2019,Tonya A. Lander,Conservation Genetics,C;F;G_offspring,C-F,yes,priority_multilayer_fragmentation,doi_venue_abstract_available_then_year_desc,pending_title_abstract_methods_screen,no
CFTQ0075,W2963358182,10.1111/btp.12688,"Forest amount, not structure, influences fruit removal of two pioneer species in Atlantic forest remnants",2019,Eliana Cazetta,Biotropica,C;F,C-F,yes,priority_multilayer_fragmentation,doi_venue_abstract_available_then_year_desc,pending_title_abstract_methods_screen,no
CFTQ0076,W2967410585,10.1111/1442-1984.12247,"Breeding system and bird pollination of Camellia pubipetala , a narrowly endemic plant from karst regions of south China",2019,Shengfeng Chai,Plant Species Biology,I;F,I-F,yes,priority_multilayer_fragmentation,doi_venue_abstract_available_then_year_desc,pending_title_abstract_methods_screen,no
CFTQ0077,W2971737599,10.1146/annurev-ecolsys-110218-024845,A Bird's-Eye View of Pollination: Biotic Interactions as Drivers of Adaptation and Community Change,2019,Anton Pauw,Annual Review of Ecology Evolution and Systematics,I;F,I-F,yes,priority_multilayer_fragmentation,doi_venue_abstract_available_then_year_desc,pending_title_abstract_methods_screen,no
CFTQ0078,W2972181850,10.1093/botlinnean/boz041,"Degree of fragmentation and population size do not adversely affect reproductive success of a rare shrub species, Banksia nivea (Proteaceae), in a naturally fragmented community",2019,Rujiporn Thavornkanlapachai,Botanical Journal of the Linnean Society,I;C;F;G_adult,"I-F;C-F;G_adult-mean(I,F)",yes,priority_multilayer_fragmentation,doi_venue_abstract_available_then_year_desc,pending_title_abstract_methods_screen,no
CFTQ0079,W2973052639,10.1002/ece3.5513,Endangered but genetically stable—Erythrophleum fordii within Feng Shui woodlands in suburbanized villages,2019,Zheng‐Feng Wang,Ecology and Evolution,I;C;F;G_adult,"I-F;C-F;G_adult-mean(I,F)",yes,priority_multilayer_fragmentation,doi_venue_abstract_available_then_year_desc,pending_title_abstract_methods_screen,no
CFTQ0080,W2981992424,10.3159/torrey-d-19-00021.1,Age structure and recruitment of Trillium luteum (Trilliaceae) populations in secondary forests of the southern Appalachian Mountains 1,2019,Michael A. Jenkins,The Journal of the Torrey Botanical Society,C;F,C-F,yes,priority_multilayer_fragmentation,doi_venue_abstract_available_then_year_desc,pending_title_abstract_methods_screen,no
CFTQ0081,W2986384880,10.1002/ajb2.1383,Pollinator effectiveness in a composite: a specialist bee pollinates more florets but does not move pollen farther than other visitors,2019,Maureen Page,American Journal of Botany,I;C;F;G_offspring,I-F;C-F,yes,priority_multilayer_fragmentation,doi_venue_abstract_available_then_year_desc,pending_title_abstract_methods_screen,no
CFTQ0082,W2995414380,10.1093/botlinnean/boz083,Genetic diversity and reproductive biology of the dioecious and epiphytic bromeliad Aechmea mariae-reginae (Bromeliaceae) in Costa Rica: implications for its conservation,2019,Alfredo Cascante‐Marín,Botanical Journal of the Linnean Society,I;F;G_adult,"I-F;G_adult-mean(I,F)",yes,priority_multilayer_fragmentation,doi_venue_abstract_available_then_year_desc,pending_title_abstract_methods_screen,no
CFTQ0083,W4255823402,10.5091/plecevo.2019.1537,Floral resource availability of Dicliptera squarrosa (Acanthaceae) and its dependence on hummingbirds for fruit formation in a forest fragment of Central Brazil,2019,Raphael Matias,Plant Ecology and Evolution,I;C;F,I-F;C-F,yes,priority_multilayer_fragmentation,doi_venue_abstract_available_then_year_desc,pending_title_abstract_methods_screen,no
CFTQ0084,W2786617456,10.1098/rspb.2017.2242,"Landscape configurational heterogeneity by small-scale agriculture, not crop diversity, maintains pollinators and plant reproduction in western Europe",2018,Annika Louise Hass,Proceedings of the Royal Society B Biological Sciences,I;F,I-F,yes,priority_multilayer_fragmentation,doi_venue_abstract_available_then_year_desc,pending_title_abstract_methods_screen,no
CFTQ0085,W2790384729,10.1093/aobpla/ply019,Relative contribution of reproductive attributes to the density-dependent effects on fruit-set,2018,Vineet Kumar Singh,AoB Plants,I;F;G_offspring,I-F,yes,priority_multilayer_fragmentation,doi_venue_abstract_available_then_year_desc,pending_title_abstract_methods_screen,no
CFTQ0086,W2793629282,10.15406/bij.2018.02.00039,Loss of Connectivity in a Highly Fragmented Tropical Landscape: Use of Ecological Processes as Functional Indicators of Biodiversity Decline,2018,Rosamond Coates,Biodiversity International Journal,I;F;G_adult,"I-F;G_adult-mean(I,F)",yes,priority_multilayer_fragmentation,doi_venue_abstract_available_then_year_desc,pending_title_abstract_methods_screen,no
CFTQ0087,W2794069590,10.1071/bt17192,Conservation genetics and demographic analysis of the endangered cycad species Cycas megacarpa and the impacts of past habitat fragmentation,2018,Heather E. James,Australian Journal of Botany,C;F;G_offspring,C-F,yes,priority_multilayer_fragmentation,doi_venue_abstract_available_then_year_desc,pending_title_abstract_methods_screen,no
CFTQ0088,W2795135111,10.1111/plb.12724,High levels of fecundity in small and isolated populations of a self‐compatible Aloe pollinated by opportunistic birds and bees,2018,Kirsten L. Patrick,Plant Biology,I;F,I-F,yes,priority_multilayer_fragmentation,doi_venue_abstract_available_then_year_desc,pending_title_abstract_methods_screen,no
CFTQ0089,W2805966451,10.1111/oik.04882,Pollinator‐mediated mechanisms for increased reproductive success in early flowering plants,2018,Jennifer L. Ison,Oikos,I;F;G_adult,"I-F;G_adult-mean(I,F)",yes,priority_multilayer_fragmentation,doi_venue_abstract_available_then_year_desc,pending_title_abstract_methods_screen,no
CFTQ0090,W2901716069,10.22201/ib.20078706e.2018.4.2546,"The additive effects of pollinators and herbivores on the vine Bomarea salsilla (Alstroemeriaceae), remain spatially consistent in a fragmented forest",2018,Carlos E. Valdivia,Revista Mexicana de Biodiversidad,I;F,I-F,yes,priority_multilayer_fragmentation,doi_venue_abstract_available_then_year_desc,pending_title_abstract_methods_screen,no
CFTQ0091,W2902765688,10.58843/ornneo.v29i1.334,FRUIT REMOVAL BY LARGE AVIAN FRUGIVORES VARIES IN RELATION TO HABITAT QUALITY IN CONTINUOUS NEOTROPICAL RAINFOREST,2018,Michael C. Mahoney,Ornitología Neotropical,I;C;F,I-F;C-F,yes,priority_multilayer_fragmentation,doi_venue_abstract_available_then_year_desc,pending_title_abstract_methods_screen,no
CFTQ0092,W2606599806,10.1674/0003-0031-177.2.289,Pollination and Reproductive Biology in a Hill Prairie Population of Nothocalais cuspidata (Asteraceae: Cichorieae),2017,Gregg Dieringer,The American Midland Naturalist,I;F,I-F,yes,priority_multilayer_fragmentation,doi_venue_abstract_available_then_year_desc,pending_title_abstract_methods_screen,no
CFTQ0093,W2732892049,10.1080/0028825x.2017.1343737,Microsatellite analysis of populations of the endangered tree Gomortega keule suggests pre‐Columbian differentiation,2017,Diego Muñoz‐Concha,New Zealand Journal of Botany,C;F;G_offspring,C-F,yes,priority_multilayer_fragmentation,doi_venue_abstract_available_then_year_desc,pending_title_abstract_methods_screen,no
CFTQ0094,W2756794303,10.1002/ece3.3465,Effect of pollen and resource limitation on reproduction of Zygophyllum xanthoxylum in fragmented habitats,2017,Min Chen,Ecology and Evolution,I;F,I-F,yes,priority_multilayer_fragmentation,doi_venue_abstract_available_then_year_desc,pending_title_abstract_methods_screen,no
CFTQ0095,W2757851188,10.4238/gmr16039756,Research Article Contemporary pollen and seed dispersal in natural populations of Bertholletia excelsa (Bonpl.).,2017,Aisy Botega Baldoni,Genetics and Molecular Research,I;C;F;G_offspring,I-F;C-F,yes,priority_multilayer_fragmentation,doi_venue_abstract_available_then_year_desc,pending_title_abstract_methods_screen,no
CFTQ0096,W2766364931,10.1590/0102-33062017abb0083,"The influence of El Niño and edge effects on the reproductive phenology and floral visitors of Eschweilera tetrapetala Mori (Lecythidaceae), an endemic species of the Atlantic Forest of northeastern Brazil",2017,Isiara Silva Menezes,Acta Botanica Brasilica,I;F,I-F,yes,priority_multilayer_fragmentation,doi_venue_abstract_available_then_year_desc,pending_title_abstract_methods_screen,no
CFTQ0097,W2767290204,10.1111/rec.12620,Genetic diversity of reintroduced tree populations in restoration plantations of the Brazilian Atlantic Forest,2017,Maria Imaculada Zucchi,Restoration Ecology,I;F;G_adult,"I-F;G_adult-mean(I,F)",yes,priority_multilayer_fragmentation,doi_venue_abstract_available_then_year_desc,pending_title_abstract_methods_screen,no
CFTQ0098,W2771203549,10.3398/064.077.0404,Road Dust Correlated with Decreased Reproduction of the Endangered Utah Shrub Hesperidanthus suffrutescens,2017,Matthew Lewis,Western North American Naturalist,I;F,I-F,yes,priority_multilayer_fragmentation,doi_venue_abstract_available_then_year_desc,pending_title_abstract_methods_screen,no
CFTQ0099,W2774735662,10.1590/2175-7860201768530,"Defaunation as a trigger for the additional loss of plant species in fragmented landscapes: considerations on the state of Espírito Santo, southeastern Brazil",2017,Ana Carolina Srbek‐Araujo,Rodriguésia,I;C;F,I-F;C-F,yes,priority_multilayer_fragmentation,doi_venue_abstract_available_then_year_desc,pending_title_abstract_methods_screen,no
CFTQ0100,W2779062116,10.1139/cjb-2017-0104,"Breeding system and inbreeding depression in the rare orchid, Platanthera praeclara, in a fragmented grassland landscape",2017,Steven E. Travers,Botany,I;F;G_offspring,I-F,yes,priority_multilayer_fragmentation,doi_venue_abstract_available_then_year_desc,pending_title_abstract_methods_screen,no
CFTQ0101,W2397817499,10.1002/ece3.2163,Demographic consequences of greater clonal than sexual reproduction in Dicentra canadensis,2016,Chia‐Hua Lin,Ecology and Evolution,I;F,I-F,yes,priority_multilayer_fragmentation,doi_venue_abstract_available_then_year_desc,pending_title_abstract_methods_screen,no
CFTQ0102,W2422602232,10.1111/acv.12286,Testing the demographic effects of divergent immigrants on small populations of Trinidadian guppies,2016,John A. Kronenberger,Animal Conservation,C;F,C-F,yes,priority_multilayer_fragmentation,doi_venue_abstract_available_then_year_desc,pending_title_abstract_methods_screen,no
CFTQ0103,W2470051590,10.1017/s0266467416000353,Effects of forest and cave proximity on fruit set of tree crops in tropical orchards in Southern Thailand,2016,Tuanjit Sritongchuay,Journal of Tropical Ecology,I;F,I-F,yes,priority_multilayer_fragmentation,doi_venue_abstract_available_then_year_desc,pending_title_abstract_methods_screen,no
CFTQ0104,W2489749587,10.1111/btp.12359,Fruit biomass availability along a forest cover gradient,2016,Michaele S. Pessoa,Biotropica,C;F,C-F,yes,priority_multilayer_fragmentation,doi_venue_abstract_available_then_year_desc,pending_title_abstract_methods_screen,no
CFTQ0105,W2499402655,10.1093/aob/mcw139,Reproductive isolation between populations ofIris atropurpureais associated with ecological differentiation,2016,Gil Yardeni,Annals of Botany,I;C;F,I-F;C-F,yes,priority_multilayer_fragmentation,doi_venue_abstract_available_then_year_desc,pending_title_abstract_methods_screen,no
CFTQ0106,W2509305638,10.1016/j.biocon.2016.07.032,"The genetic consequences of long term habitat fragmentation on a self-incompatible clonal plant, Linnaea borealis L.",2016,R. Axel W. Wiberg,Biological Conservation,C;F;G_adult,C-F,yes,priority_multilayer_fragmentation,doi_venue_abstract_available_then_year_desc,pending_title_abstract_methods_screen,no
CFTQ0107,W2510886307,10.3390/f7080178,"Reproductive Success and Inbreeding Differ in Fragmented Populations of Pinus rzedowskii and Pinus ayacahuite var. veitchii, Two Endemic Mexican Pines under Threat",2016,Paty Castilleja Sánchez,Forests,C;F;G_offspring,C-F,yes,priority_multilayer_fragmentation,doi_venue_abstract_available_then_year_desc,pending_title_abstract_methods_screen,no
CFTQ0108,W2519204557,10.1111/cobi.12839,"Questioning public perception, conservation policy, and recovery actions for honeybees in North America",2016,Sheila R. Colla,Conservation Biology,I;F,I-F,yes,priority_multilayer_fragmentation,doi_venue_abstract_available_then_year_desc,pending_title_abstract_methods_screen,no
CFTQ0109,W2529417329,10.1111/rec.12456,Does restored plant diversity play a role in the reproductive functionality of Banksia populations?,2016,Alison L. Ritchie,Restoration Ecology,I;C;F;G_offspring,I-F;C-F,yes,priority_multilayer_fragmentation,doi_venue_abstract_available_then_year_desc,pending_title_abstract_methods_screen,no
CFTQ0110,W2563188535,10.3159/torrey-d-15-00070.1,Seeds and seedlings from isolated mesquite trees,2016,Gerardo Cuéllar-Rodríguez,The Journal of the Torrey Botanical Society,I;C;F,I-F;C-F,yes,priority_multilayer_fragmentation,doi_venue_abstract_available_then_year_desc,pending_title_abstract_methods_screen,no
CFTQ0111,W2567048650,10.7717/peerj.2764,"Life history and past demography maintain genetic structure, outcrossing rate, contemporary pollen gene flow of an understory herb in a highly fragmented rainforest",2016,Pilar Suárez‐Montes,PeerJ,I;C;F;G_offspring,I-F;C-F,yes,priority_multilayer_fragmentation,doi_venue_abstract_available_then_year_desc,pending_title_abstract_methods_screen,no
CFTQ0112,W1155913319,10.1016/j.proenv.2015.07.077,"Habitat Loss Caused Clonality, Genetic Diversity Reduction and Reproductive Failure in SANTALUM ALBUM (Santalaceae), an Endangered Endemic Species of Indonesia",2015,Sapto Indrioko,Procedia Environmental Sciences,I;F;G_offspring,I-F,yes,priority_multilayer_fragmentation,doi_venue_abstract_available_then_year_desc,pending_title_abstract_methods_screen,no
CFTQ0113,W1517457476,10.1111/boj.12277,Clonality strongly affects the spatial genetic structure of the nurse speciesAechmea nudicaulis(L.) Griseb. (Bromeliaceae),2015,Roberta Loh,Botanical Journal of the Linnean Society,C;F;G_adult,C-F,yes,priority_multilayer_fragmentation,doi_venue_abstract_available_then_year_desc,pending_title_abstract_methods_screen,no
CFTQ0114,W1592765186,10.1111/1442-1984.12078,Flowering phenology and mating success of the heterodichogamous tree Machilus thunbergii S ieb. et Z ucc ( L auraceae),2015,Shuntaro Watanabe,Plant Species Biology,I;F,I-F,yes,priority_multilayer_fragmentation,doi_venue_abstract_available_then_year_desc,pending_title_abstract_methods_screen,no
CFTQ0115,W1788809553,10.1111/aec.12230,Offspring performance and recruitment of the pioneer tree A cacia caven( F abaceae) in a fragmented subtropical dry forest,2015,Lorena Ashworth,Austral Ecology,I;F,I-F,yes,priority_multilayer_fragmentation,doi_venue_abstract_available_then_year_desc,pending_title_abstract_methods_screen,no
CFTQ0116,W1855146189,10.1371/journal.pone.0138989,Home Bodies and Wanderers: Sympatric Lineages of the Deep-Sea Black Coral Leiopathes glaberrima,2015,Dannise V. Ruiz‐Ramos,PLoS ONE,C;F;G_adult,C-F,yes,priority_multilayer_fragmentation,doi_venue_abstract_available_then_year_desc,pending_title_abstract_methods_screen,no
CFTQ0117,W1936276863,10.1890/14-2275.1,The influence of habitat fragmentation on multiple plant–animal interactions and plant reproduction,2015,Lars Andrew Brudvig,Ecology,I;F,I-F,yes,priority_multilayer_fragmentation,doi_venue_abstract_available_then_year_desc,pending_title_abstract_methods_screen,no
CFTQ0118,W1938460919,10.1111/boj.12336,Pollinator rarity as a threat to a plant with a specialized pollination system,2015,Ryan D. Phillips,Botanical Journal of the Linnean Society,I;F,I-F,yes,priority_multilayer_fragmentation,doi_venue_abstract_available_then_year_desc,pending_title_abstract_methods_screen,no
CFTQ0119,W2032625415,10.1016/j.gecco.2015.04.005,Effects of forest fragmentation on the mating system of a cool-temperate heterodichogamous tree Acer mono,2015,Satoshi Kikuchi,Global Ecology and Conservation,I;C;F;G_adult,"I-F;C-F;G_adult-mean(I,F)",yes,priority_multilayer_fragmentation,doi_venue_abstract_available_then_year_desc,pending_title_abstract_methods_screen,no
CFTQ0120,W2038282357,10.1111/mec.13139,Genetic rescue of small inbred populations: meta‐analysis reveals large and consistent benefits of gene flow,2015,Richard Frankham,Molecular Ecology,C;F;G_adult,C-F,yes,priority_multilayer_fragmentation,doi_venue_abstract_available_then_year_desc,pending_title_abstract_methods_screen,no
CFTQ0121,W2047360515,10.1086/679617,Species and Phylogenetic Heterogeneity in Visitation Affects Reproductive Success in an Island System,2015,Lorraine J. Adderley,International Journal of Plant Sciences,I;F,I-F,yes,priority_multilayer_fragmentation,doi_venue_abstract_available_then_year_desc,pending_title_abstract_methods_screen,no
CFTQ0122,W2110333352,10.1111/gcb.13025,Meta‐analysis of anthropogenic habitat disturbance effects on animal‐mediated seed dispersal,2015,Francisco E. Fontúrbel,Global Change Biology,I;C;F,I-F;C-F,yes,priority_multilayer_fragmentation,doi_venue_abstract_available_then_year_desc,pending_title_abstract_methods_screen,no
CFTQ0123,W2118397838,10.1111/btp.12233,Movement Patterns of Frugivorous Birds Promote Functional Connectivity among Chaco Serrano Woodland Fragments in Argentina,2015,M. Celeste Díaz Vélez,Biotropica,C;F,C-F,yes,priority_multilayer_fragmentation,doi_venue_abstract_available_then_year_desc,pending_title_abstract_methods_screen,no
CFTQ0124,W2134604137,10.15517/rbt.v63i2.14160,"Reproductive success of Cabralea canjerana (Meliaceae) in Atlantic forest fragments, Brazil",2015,Edivani Villaron Franceschinelli,Revista de Biología Tropical,I;F,I-F,yes,priority_multilayer_fragmentation,doi_venue_abstract_available_then_year_desc,pending_title_abstract_methods_screen,no
CFTQ0125,W2135164473,10.1111/1365-2745.12472,Divergent effects of forest edges on host distribution and seed disperser activity influence mistletoe distribution and recruitment,2015,Ainhoa Magrach,Journal of Ecology,C;F,C-F,yes,priority_multilayer_fragmentation,doi_venue_abstract_available_then_year_desc,pending_title_abstract_methods_screen,no
CFTQ0126,W2176464271,10.1093/aob/mcv170,Positive density-dependent reproduction regulated by local kinship and size in an understorey tropical tree,2015,Alfredo Romero Castilla,Annals of Botany,I;C;F,I-F;C-F,yes,priority_multilayer_fragmentation,doi_venue_abstract_available_then_year_desc,pending_title_abstract_methods_screen,no
CFTQ0127,W2187279102,10.1073/pnas.1517092112,Non-bee insects are important contributors to global crop pollination,2015,Romina Rader,Proceedings of the National Academy of Sciences,I;F;G_adult,"I-F;G_adult-mean(I,F)",yes,priority_multilayer_fragmentation,doi_venue_abstract_available_then_year_desc,pending_title_abstract_methods_screen,no
CFTQ0128,W2312633468,10.1093/aob/mcu256,A last stand in the Po valley: genetic structure and gene flow patterns in Ulmus minor and U. pumila,2015,Bruno Bertolasi,Annals of Botany,I;C;F;G_adult,"I-F;C-F;G_adult-mean(I,F)",yes,priority_multilayer_fragmentation,doi_venue_abstract_available_then_year_desc,pending_title_abstract_methods_screen,no
CFTQ0129,W2385684163,10.1093/aobpla/plw029,Population genetics of self-incompatibility in a clade of relict cliff-dwelling plant species,2015,José L. Silva,AoB Plants,I;C;F,I-F;C-F,yes,priority_multilayer_fragmentation,doi_venue_abstract_available_then_year_desc,pending_title_abstract_methods_screen,no
CFTQ0130,W2527115686,10.5091/plecevo.2015.914,– Reduced fecundity and genetic diversity in small populations of rewarding versus deceptive orchid species: a meta-analysis,2015,Pieter Gijbels,Plant Ecology and Evolution,I;C;F;G_adult,"I-F;C-F;G_adult-mean(I,F)",yes,priority_multilayer_fragmentation,doi_venue_abstract_available_then_year_desc,pending_title_abstract_methods_screen,no
CFTQ0131,W292138252,10.1371/journal.pone.0127745,Variable Gene Dispersal Conditions and Spatial Deforestation Patterns Can Interact to Affect Tropical Tree Conservation Outcomes,2015,Yamini Kashimshetty,PLoS ONE,I;C;F;G_offspring,I-F;C-F,yes,priority_multilayer_fragmentation,doi_venue_abstract_available_then_year_desc,pending_title_abstract_methods_screen,no
CFTQ0132,W1562100187,10.1111/boj.12229,Experimental evidence for specialized bird pollination in the endangered South African orchidSatyrium rhodanthumand analysis of associated floral traits,2014,Timotheüs van der Niet,Botanical Journal of the Linnean Society,I;F,I-F,yes,priority_multilayer_fragmentation,doi_venue_abstract_available_then_year_desc,pending_title_abstract_methods_screen,no
CFTQ0133,W1567449455,10.26786/1920-7603(2014)3,A test of density-dependent pollination within three populations of endangered Pentachaeta lyonii,2014,Jocelyn R. Holt,Journal of Pollination Ecology,I;F,I-F,yes,priority_multilayer_fragmentation,doi_venue_abstract_available_then_year_desc,pending_title_abstract_methods_screen,no
CFTQ0134,W1974845050,10.1111/plb.12142,Pollen limitation and pollinator preferences in Scorzonera hispanica,2014,Zita Červenková,Plant Biology,I;F,I-F,yes,priority_multilayer_fragmentation,doi_venue_abstract_available_then_year_desc,pending_title_abstract_methods_screen,no
CFTQ0135,W2021387124,10.1371/journal.pone.0099295,Multilevel Spatial Structure Impacts on the Pollination Services of Comarum palustre (Rosaceae),2014,Laurent Somme,PLoS ONE,I;F,I-F,yes,priority_multilayer_fragmentation,doi_venue_abstract_available_then_year_desc,pending_title_abstract_methods_screen,no
CFTQ0136,W2039614924,10.5586/aa.2014.022,The life-history traits influencing reproduction success and the recruitment of seedlings of Dianthus superbus L. in different stages of meadow overgrowing,2014,Kinga Kostrakiewicz-Gierałt,Acta Agrobotanica,I;F,I-F,yes,priority_multilayer_fragmentation,doi_venue_abstract_available_then_year_desc,pending_title_abstract_methods_screen,no
CFTQ0137,W2057000539,10.1111/1365-2745.12262,"Both flowering time and distance to conspecific plants affect reproduction in Echinacea angustifolia, a common prairie perennial",2014,Jennifer L. Ison,Journal of Ecology,I;F,I-F,yes,priority_multilayer_fragmentation,doi_venue_abstract_available_then_year_desc,pending_title_abstract_methods_screen,no
CFTQ0138,W2060200535,10.1371/journal.pone.0114344,Phenological Adaptations in Ficus tikoua Exhibit Convergence with Unrelated Extra-Tropical Fig Trees,2014,Tingting Zhao,PLoS ONE,I;F,I-F,yes,priority_multilayer_fragmentation,doi_venue_abstract_available_then_year_desc,pending_title_abstract_methods_screen,no
CFTQ0139,W2062180159,10.1111/avsc.12135,Changes in the fruiting landscape relax restrictions on endozoochorous tree dispersal into deforested lands,2014,Daniel Martínez,Applied Vegetation Science,C;F,C-F,yes,priority_multilayer_fragmentation,doi_venue_abstract_available_then_year_desc,pending_title_abstract_methods_screen,no
CFTQ0140,W2097821788,10.1139/cjb-2013-0197,Costs and benefits of the mixed-mating system ofNarcissus serotinus(Amaryllidaceae) in the conservation of small fragmented populations,2014,Isabel Marques,Botany,I;C;F;G_adult,"I-F;C-F;G_adult-mean(I,F)",yes,priority_multilayer_fragmentation,doi_venue_abstract_available_then_year_desc,pending_title_abstract_methods_screen,no
CFTQ0141,W2114972850,10.1186/s12862-014-0243-7,High lifetime inbreeding depression counteracts the reproductive assurance benefit of selfing in a mass-flowering shrub,2014,Chloé E. L. Delmas,BMC Evolutionary Biology,I;C;F;G_offspring,I-F;C-F,yes,priority_multilayer_fragmentation,doi_venue_abstract_available_then_year_desc,pending_title_abstract_methods_screen,no
CFTQ0142,W2139379083,10.1674/0003-0031-172.2.303,"Effects of Population Size, Forest Fragmentation, and Urbanization on Seed Production and Gene Flow in an Endangered Maple (Acer miyabei)",2014,Teruyoshi Nagamitsu,The American Midland Naturalist,I;C;F;G_adult,"I-F;C-F;G_adult-mean(I,F)",yes,priority_multilayer_fragmentation,doi_venue_abstract_available_then_year_desc,pending_title_abstract_methods_screen,no
CFTQ0143,W2145914229,10.1111/btp.12152,Spatial Pattern of Pindó Palm (Syagrus romanzoffiana) Recruitment in Argentinian Atlantic Forest: The Importance of Tapir and Effects of Defaunation,2014,Yanina Vanesa Sica,Biotropica,C;F,C-F,yes,priority_multilayer_fragmentation,doi_venue_abstract_available_then_year_desc,pending_title_abstract_methods_screen,no
CFTQ0144,W2160839691,10.1111/1365-2664.12340,Diverse guilds provide complementary dispersal services in a woodland expansion process after land abandonment,2014,Gema Escribano‐Ávila,Journal of Applied Ecology,C;F,C-F,yes,priority_multilayer_fragmentation,doi_venue_abstract_available_then_year_desc,pending_title_abstract_methods_screen,no
CFTQ0145,W2183603688,10.3732/ajb.1300065,Mating between Echinacea angustifolia (Asteraceae) individuals increases with their flowering synchrony and spatial proximity,2014,Jennifer L. Ison,American Journal of Botany,I;C;F;G_offspring,I-F;C-F,yes,priority_multilayer_fragmentation,doi_venue_abstract_available_then_year_desc,pending_title_abstract_methods_screen,no
CFTQ0146,W2318300307,10.3354/esr00645,Effects of fragmentation on density and population genetics of a threatened tree species in a biodiversity hotspot,2014,SM Ganzhorn,Endangered Species Research,C;F;G_adult,C-F,yes,priority_multilayer_fragmentation,doi_venue_abstract_available_then_year_desc,pending_title_abstract_methods_screen,no
CFTQ0147,W1582099737,10.15517/rbt.v62i1.5854,"Éxito reproductivo y diversidad genética de Psychotria hastisepala (Rubiaceae), en un bosque fragmentado de una selva atlántica de Brasil.",2013,Celice Alexandre Silva,Revista de Biología Tropical,I;F;G_adult,"I-F;G_adult-mean(I,F)",yes,priority_multilayer_fragmentation,doi_venue_abstract_available_then_year_desc,pending_title_abstract_methods_screen,no
CFTQ0148,W1973912070,10.1111/plb.12039,Massive floral display affects insect visits but not pollinator‐mediated pollen transfer in R hododendron ferrugineum,2013,Chloé E. L. Delmas,Plant Biology,I;F,I-F,yes,priority_multilayer_fragmentation,doi_venue_abstract_available_then_year_desc,pending_title_abstract_methods_screen,no
CFTQ0149,W1976706170,10.1007/s10530-013-0577-x,Reproductive performance of the invasive tree Ligustrum lucidum in a subtropical dry forest: does habitat fragmentation boost or limit invasion?,2013,Natalia Aguirre‐Acosta,Biological Invasions,I;F,I-F,yes,priority_multilayer_fragmentation,doi_venue_abstract_available_then_year_desc,pending_title_abstract_methods_screen,no
CFTQ0150,W1979016063,10.1111/1365-2745.12150,Biological Flora of the British Isles: Pulmonaria officinalis,2013,Sofie Meeus,Journal of Ecology,C;F;G_adult,C-F,yes,priority_multilayer_fragmentation,doi_venue_abstract_available_then_year_desc,pending_title_abstract_methods_screen,no
CFTQ0151,W2008071346,10.1111/mec.12194,Polyploidy and microsatellite variation in the relict tree P runus lusitanica L .: how effective are refugia in preserving genotypic diversity of clonal taxa?,2013,Carlos García‐Verdugo,Molecular Ecology,C;F;G_adult,C-F,yes,priority_multilayer_fragmentation,doi_venue_abstract_available_then_year_desc,pending_title_abstract_methods_screen,no
CFTQ0152,W2059199592,10.1002/ece3.669,"Genetic structure and demographic history of the endangered tree species D ysoxylum malabaricum ( M eliaceae) in W estern G hats, I ndia: implications for conservation in a biodiversity hotspot",2013,Sofia Bodare,Ecology and Evolution,C;F;G_offspring,C-F,yes,priority_multilayer_fragmentation,doi_venue_abstract_available_then_year_desc,pending_title_abstract_methods_screen,no
CFTQ0153,W2092137659,10.1007/s11284-013-1117-y,Can the pollination biology and floral ontogeny of the threatened Acacia carneorum explain its lack of reproductive success?,2013,Amy‐Marie Gilpin,Ecological Research,I;C;F,I-F;C-F,yes,priority_multilayer_fragmentation,doi_venue_abstract_available_then_year_desc,pending_title_abstract_methods_screen,no
CFTQ0154,W2104684729,10.3732/ajb.1200446,"New findings on the pollination biology of Mauritia flexuosa (Arecaceae) in Roraima, Brazil: Linking dioecy, wind, and habitat",2013,Roxaneh Khorsand Rosa,American Journal of Botany,I;C;F,I-F;C-F,yes,priority_multilayer_fragmentation,doi_venue_abstract_available_then_year_desc,pending_title_abstract_methods_screen,no
CFTQ0155,W2108561556,10.1111/1365-2745.12148,Decomposing recruitment limitation for an avian‐dispersed rain forest tree in an anciently fragmented landscape,2013,Mariela C. Núñez‐Ávila,Journal of Ecology,C;F;G_offspring,C-F,yes,priority_multilayer_fragmentation,doi_venue_abstract_available_then_year_desc,pending_title_abstract_methods_screen,no
CFTQ0156,W2123053988,10.1098/rspb.2013.2667,Disentangling multiple drivers of pollination in a landscape-scale experiment,2013,Christof Schüepp,Proceedings of the Royal Society B Biological Sciences,I;F;G_adult,"I-F;G_adult-mean(I,F)",yes,priority_multilayer_fragmentation,doi_venue_abstract_available_then_year_desc,pending_title_abstract_methods_screen,no
CFTQ0157,W2130886760,10.3159/torrey-d-12-00046.1,Precautionary hand pollination suggests outbreeding depression between potential seed donor populations for a rare wetland plant1,2013,Paul M. Severns,The Journal of the Torrey Botanical Society,I;F,I-F,yes,priority_multilayer_fragmentation,doi_venue_abstract_available_then_year_desc,pending_title_abstract_methods_screen,no
CFTQ0158,W2156250512,10.1371/journal.pone.0063421,Plant Pollinator Networks along a Gradient of Urbanisation,2013,Benoît Geslin,PLoS ONE,I;F,I-F,yes,priority_multilayer_fragmentation,doi_venue_abstract_available_then_year_desc,pending_title_abstract_methods_screen,no
CFTQ0159,W2160706511,10.1111/1365-2435.12093,"Pollinators, mates and Allee effects: the importance of self‐pollination for fecundity in an invasive lily",2013,James G. Rodger,Functional Ecology,I;F;G_adult,"I-F;G_adult-mean(I,F)",yes,priority_multilayer_fragmentation,doi_venue_abstract_available_then_year_desc,pending_title_abstract_methods_screen,no
CFTQ0160,W2184486628,10.1093/aob/mct289,"Pollen limitation and reduced reproductive success are associated with local genetic effects in Prunus virginiana, a widely distributed self-incompatible shrub",2013,Adriana Suarez‐Gonzalez,Annals of Botany,I;C;F;G_adult,"I-F;C-F;G_adult-mean(I,F)",yes,priority_multilayer_fragmentation,doi_venue_abstract_available_then_year_desc,pending_title_abstract_methods_screen,no
CFTQ0161,W2334614853,10.1139/cjb-2012-0274,Rarity and reproductive biology: habitat specialists reveal a complex relationship,2013,Nicole E. Miller‐Struttmann,Botany,I;F,I-F,yes,priority_multilayer_fragmentation,doi_venue_abstract_available_then_year_desc,pending_title_abstract_methods_screen,no
CFTQ0162,W1673731414,10.1111/j.1442-9993.2012.02417.x,Persistence of flower visitors and pollination services of a generalist tree in modified forests,2012,Eike Lena Neuschulz,Austral Ecology,I;F,I-F,yes,priority_multilayer_fragmentation,doi_venue_abstract_available_then_year_desc,pending_title_abstract_methods_screen,no
CFTQ0163,W1981577377,10.4067/s0717-66432012000200008,"Pollination and breeding system in Adesmia bijuga Phil. (Fabaceae), a critically endangered species in Central Chile",2012,Persy Gómez P,Gayana. Botánica,I;C;F,I-F;C-F,yes,priority_multilayer_fragmentation,doi_venue_abstract_available_then_year_desc,pending_title_abstract_methods_screen,no
CFTQ0164,W2032058926,10.1890/11-1428.1,Causes and consequences of unequal seedling production in forest trees: a case study in red oaks,2012,Emily Moran,Ecology,C;F,C-F,yes,priority_multilayer_fragmentation,doi_venue_abstract_available_then_year_desc,pending_title_abstract_methods_screen,no
CFTQ0165,W2038122684,10.1111/j.1756-1051.2012.01256.x,Reproduction of beetle‐pollinated Anaxagorea dolichocarpa (Annonaceae) is resilient to habitat disturbance in rainforest fragments,2012,Marcus P. Braun,Nordic Journal of Botany,I;F,I-F,yes,priority_multilayer_fragmentation,doi_venue_abstract_available_then_year_desc,pending_title_abstract_methods_screen,no
CFTQ0166,W2083801265,10.1017/s0266467412000120,Reproductive success of Cardiopetalum calophyllum (Annonaceae) treelets in fragments of Brazilian savanna,2012,Marcos Antônio da Silva Elias,Journal of Tropical Ecology,I;F;G_adult,"I-F;G_adult-mean(I,F)",yes,priority_multilayer_fragmentation,doi_venue_abstract_available_then_year_desc,pending_title_abstract_methods_screen,no
CFTQ0167,W2107461283,10.1111/j.1365-2664.2012.02179.x,"Seed limitation during early forest succession in a rural landscape on C hiloé Island, C hile: implications for temperate forest restoration",2012,Marcela A. Bustamante‐Sánchez,Journal of Applied Ecology,C;F,C-F,yes,priority_multilayer_fragmentation,doi_venue_abstract_available_then_year_desc,pending_title_abstract_methods_screen,no
CFTQ0168,W2107945011,10.1111/j.1095-8339.2012.01277.x,Genetic footprints of habitat fragmentation in the extant populations of Sinojackia (Styracaceae): implications for conservation,2012,Jinju Zhang,Botanical Journal of the Linnean Society,C;F;G_offspring,C-F,yes,priority_multilayer_fragmentation,doi_venue_abstract_available_then_year_desc,pending_title_abstract_methods_screen,no
CFTQ0169,W2128753761,10.1111/j.1438-8677.2012.00646.x,Pollen dispersal and fruit production in Vaccinium oxycoccos and comparison with its sympatric congener V. uliginosum,2012,Fabienne Van Rossum,Plant Biology,I;C;F,I-F;C-F,yes,priority_multilayer_fragmentation,doi_venue_abstract_available_then_year_desc,pending_title_abstract_methods_screen,no
CFTQ0170,W2135544516,10.1657/1938-4246-44.3.350,Spatial Genetic Structure of the Sedge Carex Nigra Reflects Hydrological Conditions in an Alpine Fen,2012,Daniela Listl,Arctic Antarctic and Alpine Research,C;F;G_offspring,C-F,yes,priority_multilayer_fragmentation,doi_venue_abstract_available_then_year_desc,pending_title_abstract_methods_screen,no
CFTQ0171,W2136720680,10.1017/s0266467412000089,Increased female reproduction favours the large-seeded palm Attalea humilis in small Atlantic Forest fragments,2012,Cecilia Siliansky de Andreazzi,Journal of Tropical Ecology,I;C;F,I-F;C-F,yes,priority_multilayer_fragmentation,doi_venue_abstract_available_then_year_desc,pending_title_abstract_methods_screen,no
CFTQ0172,W2138218483,10.1093/jhered/ess070,Linking Phenology to Mating System: Exploring the Reproductive Biology of the Threatened Palm Species Butia eriospatha,2012,Alison Gonçalvez Nazareno,Journal of Heredity,C;F;G_adult,C-F,yes,priority_multilayer_fragmentation,doi_venue_abstract_available_then_year_desc,pending_title_abstract_methods_screen,no
CFTQ0173,W2161756560,10.1111/j.1744-7429.2012.00860.x,Effects of Local Plant Density and Incomplete Dichogamy on the Reproductive Success of the Rare Neotropical Palm G eonoma epetiolata,2012,Silvana Martén‐Rodríguez,Biotropica,I;F,I-F,yes,priority_multilayer_fragmentation,doi_venue_abstract_available_then_year_desc,pending_title_abstract_methods_screen,no
CFTQ0174,W580551295,10.3724/sp.j.1227.2012.00019,"Reproduction of Hedysarum scoparium (Fa-baceae) in patched habitat is pollen limited, but not just pollinator limited",2012,Chengchen Pan,Journal of Arid Land,I;F,I-F,yes,priority_multilayer_fragmentation,doi_venue_abstract_available_then_year_desc,pending_title_abstract_methods_screen,no
CFTQ0175,W1522368918,10.1111/j.1365-2745.2010.01775.x,River dynamics shape clonal diversity and genetic structure of an Amazonian understorey herb,2011,Matthias Schleuning,Journal of Ecology,C;F;G_offspring,C-F,yes,priority_multilayer_fragmentation,doi_venue_abstract_available_then_year_desc,pending_title_abstract_methods_screen,no
CFTQ0176,W1522505846,10.1111/j.1438-8677.2011.00452.x,Pollen limitation and inbreeding depression in an ‘old rare’ bumblebee‐pollinated grassland herb,2011,Thomas Becker,Plant Biology,I;F;G_adult,"I-F;G_adult-mean(I,F)",yes,priority_multilayer_fragmentation,doi_venue_abstract_available_then_year_desc,pending_title_abstract_methods_screen,no
CFTQ0177,W1533215160,10.1111/j.1442-1984.2011.00326.x,Pollen source affects female reproductive success and early offspring traits in the rare endemic plant Polemonium vanbruntiae (Polemoniaceae),2011,Laura Hill Bermingham,Plant Species Biology,I;C;F;G_offspring,I-F;C-F,yes,priority_multilayer_fragmentation,doi_venue_abstract_available_then_year_desc,pending_title_abstract_methods_screen,no
CFTQ0178,W1772435961,10.3906/bot-1001-279,A comparative assessment of fruit formation in some orchid species from the southern Caucasus region,2011,Houshang Nosrati,TURKISH JOURNAL OF BOTANY,I;F,I-F,yes,priority_multilayer_fragmentation,doi_venue_abstract_available_then_year_desc,pending_title_abstract_methods_screen,no
CFTQ0179,W2037603749,10.1371/journal.pone.0016111,Ecological Implications of a Flower Size/Number Trade-Off in Tropical Forest Trees,2011,Chris J. Kettle,PLoS ONE,I;C;F,I-F;C-F,yes,priority_multilayer_fragmentation,doi_venue_abstract_available_then_year_desc,pending_title_abstract_methods_screen,no
CFTQ0180,W2074336867,10.1016/j.sajb.2011.06.007,The cost of being specialized: Pollinator limitation in the endangered geophyte Brunsvigia litoralis (Amaryllidaceae) in the Cape Floristic Region of South Africa,2011,Sjirk Geerts,South African Journal of Botany,I;F,I-F,yes,priority_multilayer_fragmentation,doi_venue_abstract_available_then_year_desc,pending_title_abstract_methods_screen,no
CFTQ0181,W2074708407,10.1590/s0001-37652011005000014,Effects of environmental conditions associated to the cardinal orientation on the reproductive phenology of the cerrado savanna tree Xylopia aromatica (Annonaceae),2011,Maria Gabriela Gutierrez Camargo,Anais da Academia Brasileira de Ciências,I;F,I-F,yes,priority_multilayer_fragmentation,doi_venue_abstract_available_then_year_desc,pending_title_abstract_methods_screen,no
CFTQ0182,W2076204258,10.1111/j.1600-0706.2011.19516.x,Competition versus facilitation: conspecific effects on pollinator visitation and seed set in the iris Lapeirousia oreogena,2011,Steven D. Johnson,Oikos,I;F,I-F,yes,priority_multilayer_fragmentation,doi_venue_abstract_available_then_year_desc,pending_title_abstract_methods_screen,no
CFTQ0183,W2098373260,10.5822/978-1-61091-021-7_11,"Human Impacts on Pollination, Reproduction, and Breeding Systems in Tropical Forest Plants",2011,Maurício Quesada,Island Press/Center for Resource Economics eBooks,I;F,I-F,yes,priority_multilayer_fragmentation,doi_venue_abstract_available_then_year_desc,pending_title_abstract_methods_screen,no
CFTQ0184,W2122881779,10.1111/j.1365-294x.2011.05228.x,Back from the brink: potential for genetic rescue in a critically endangered tree,2011,Aline Finger,Molecular Ecology,I;C;F;G_adult,"I-F;C-F;G_adult-mean(I,F)",yes,priority_multilayer_fragmentation,doi_venue_abstract_available_then_year_desc,pending_title_abstract_methods_screen,no
CFTQ0185,W2126359320,10.3354/meps09576,Where a male is hard to find: consequences of male rarity in the surfgrass Phyllospadix torreyi,2011,CA Buckel,Marine Ecology Progress Series,I;C;F,I-F;C-F,yes,priority_multilayer_fragmentation,doi_venue_abstract_available_then_year_desc,pending_title_abstract_methods_screen,no
CFTQ0186,W2128586829,10.1111/j.1472-4642.2011.00835.x,Importance of demography and dispersal for the resilience and restoration of a critically endangered tropical conifer Araucaria nemorosa,2011,Chris J. Kettle,Diversity and Distributions,C;F;G_offspring,C-F,yes,priority_multilayer_fragmentation,doi_venue_abstract_available_then_year_desc,pending_title_abstract_methods_screen,no
CFTQ0187,W2145376460,10.1111/j.1744-7429.2011.00752.x,Population Status and Reproductive Success of an Endangered Epiphytic Orchid in a Fragmented Landscape,2011,Víctor Parra‐Tabla,Biotropica,I;F,I-F,yes,priority_multilayer_fragmentation,doi_venue_abstract_available_then_year_desc,pending_title_abstract_methods_screen,no
CFTQ0188,W2145827522,10.3732/ajb.1000515,"Pollinator‐mediated gene flow fosters genetic variability in a narrow alpine endemic, Abronia alpina (Nyctaginaceae)",2011,Meredith D. Jabis,American Journal of Botany,I;C;F;G_adult,"I-F;C-F;G_adult-mean(I,F)",yes,priority_multilayer_fragmentation,doi_venue_abstract_available_then_year_desc,pending_title_abstract_methods_screen,no
CFTQ0189,W2158000823,10.1093/aob/mcr290,Non-additive effects of pollen limitation and self-incompatibility reduce plant reproductive success and population viability,2011,Andrew G. Young,Annals of Botany,I;C;F,I-F;C-F,yes,priority_multilayer_fragmentation,doi_venue_abstract_available_then_year_desc,pending_title_abstract_methods_screen,no
CFTQ0190,W2169865832,10.3732/ajb.1000151,Seed dormancy in Trillium camschatcense (Melanthiaceae) and the possible roles of light and temperature requirements for seed germination in forests,2011,Tetsuya Kondo,American Journal of Botany,C;F,C-F,yes,priority_multilayer_fragmentation,doi_venue_abstract_available_then_year_desc,pending_title_abstract_methods_screen,no
CFTQ0191,W1546599664,10.1111/j.1365-2745.2010.01701.x,Biological Flora of the British Isles:Spiranthes spiralis(L.) Chevall.,2010,Hans Jacquemyn,Journal of Ecology,I;F,I-F,yes,priority_multilayer_fragmentation,doi_venue_abstract_available_then_year_desc,pending_title_abstract_methods_screen,no
CFTQ0192,W1582285076,10.1111/j.1442-9993.2010.02221.x,Recruitment limitation in dry sclerophyll forests: Regeneration requirements and potential density-dependent effects in Eucalyptus tricarpa (L.A.S. Johnson) L.A.S. Johnson & K.D. Hill (Myrtaceae),2010,Corinna Orscheg,Austral Ecology,I;F;G_adult,"I-F;G_adult-mean(I,F)",yes,priority_multilayer_fragmentation,doi_venue_abstract_available_then_year_desc,pending_title_abstract_methods_screen,no
CFTQ0193,W1587384007,10.1111/j.1365-2745.2010.01732.x,The tolerance of island plant–pollinator networks to alien plants,2010,Christopher N. Kaiser‐Bunbury,Journal of Ecology,I;F,I-F,yes,priority_multilayer_fragmentation,doi_venue_abstract_available_then_year_desc,pending_title_abstract_methods_screen,no
CFTQ0194,W1859523549,10.1111/j.1365-294x.2010.04638.x,"When North and South don’t mix: genetic connectivity of a recently endangered oceanic cycad, Cycas micronesica, in Guam using EST-microsatellites",2010,Angélica Cibrián‐Jaramillo,Molecular Ecology,C;F;G_adult,C-F,yes,priority_multilayer_fragmentation,doi_venue_abstract_available_then_year_desc,pending_title_abstract_methods_screen,no
CFTQ0195,W1864516438,10.1111/j.1365-2699.2010.02331.x,Patterns of population genetic diversity in riparian and aquatic plant species along rivers,2010,Olivier Honnay,Journal of Biogeography,C;F;G_adult,C-F,yes,priority_multilayer_fragmentation,doi_venue_abstract_available_then_year_desc,pending_title_abstract_methods_screen,no
CFTQ0196,W1907917033,10.1111/j.1523-1739.2010.01459.x,Effects of Forest Fragmentation on Seed Dispersal and Seedling Establishment in Ornithochorous Trees,2010,José M. Herrera,Conservation Biology,C;F,C-F,yes,priority_multilayer_fragmentation,doi_venue_abstract_available_then_year_desc,pending_title_abstract_methods_screen,no
CFTQ0197,W2053002566,10.1086/657433,Pollinator Behavior Mediates Negative Interactions between Two Congeneric Invasive Plant Species,2010,Suann Yang,The American Naturalist,I;F,I-F,yes,priority_multilayer_fragmentation,doi_venue_abstract_available_then_year_desc,pending_title_abstract_methods_screen,no
CFTQ0198,W2068572506,10.1111/j.1442-1984.2009.00264.x,Crossing barriers between the unrewarding Mediterranean orchids Serapias vomeracea and Serapias cordigera,2010,Francesca Bellusci,Plant Species Biology,I;F,I-F,yes,priority_multilayer_fragmentation,doi_venue_abstract_available_then_year_desc,pending_title_abstract_methods_screen,no
CFTQ0199,W2071806492,10.4025/actascibiolsci.v32i4.7148,Aspects of the reproductive biology of Brassavola cebolleta Rchb.f. (Orchidaceae),2010,André Rodrigo Rech,Acta Scientiarum Biological Sciences,I;F,I-F,yes,priority_multilayer_fragmentation,doi_venue_abstract_available_then_year_desc,pending_title_abstract_methods_screen,no
CFTQ0200,W2128307342,10.3732/ajb.0900148,"Genetic effects of chronic habitat fragmentation revisited: Strong genetic structure in a temperate tree, Taxus baccata (Taxaceae), with great dispersal capability",2010,Marta Dubreuil,American Journal of Botany,C;F;G_adult,C-F,yes,priority_multilayer_fragmentation,doi_venue_abstract_available_then_year_desc,pending_title_abstract_methods_screen,no
CFTQ0201,W2136032264,10.1111/j.1442-1984.2009.00262.x,Autogamy in Boronia falcifolia : consequences for inbreeding and persistence in fragmented coastal heaths,2010,Alison Shapcott,Plant Species Biology,I;F;G_adult,"I-F;G_adult-mean(I,F)",yes,priority_multilayer_fragmentation,doi_venue_abstract_available_then_year_desc,pending_title_abstract_methods_screen,no
CFTQ0202,W2138259279,10.1111/j.1365-2745.2009.01629.x,Combined effects of Impatiens glandulifera invasion and landscape structure on native plant pollination,2010,Ígnasi Bartomeus,Journal of Ecology,I;F,I-F,yes,priority_multilayer_fragmentation,doi_venue_abstract_available_then_year_desc,pending_title_abstract_methods_screen,no
CFTQ0203,W2145282300,10.1111/j.1744-7429.2010.00663.x,"Effects of Inbreeding, Outbreeding, and Supplemental Pollen on the Reproduction of a Hummingbird-pollinated Clonal Amazonian Herb",2010,Matthias Schleuning,Biotropica,I;F;G_adult,"I-F;G_adult-mean(I,F)",yes,priority_multilayer_fragmentation,doi_venue_abstract_available_then_year_desc,pending_title_abstract_methods_screen,no
CFTQ0204,W2148881139,10.1890/09-0785.1,Effects of forest fragmentation on the seedling recruitment of a tropical herb: assessing seed vs. safe‐site limitation,2010,María Teresa Uriarte,Ecology,I;C;F,I-F;C-F,yes,priority_multilayer_fragmentation,doi_venue_abstract_available_then_year_desc,pending_title_abstract_methods_screen,no
CFTQ0205,W2177023469,10.1086/650154,Effects of Florivory on the Pollination of Flowers: An Experimental Field Study with a Perennial Plant,2010,Yuria J. Cardel,International Journal of Plant Sciences,I;F,I-F,yes,priority_multilayer_fragmentation,doi_venue_abstract_available_then_year_desc,pending_title_abstract_methods_screen,no
CFTQ0206,W2288934135,10.18725/oparu-1854,"Floral biology, breeding system, pollination and reproductive success of selected understory tree species in fragments of Atlantic rainforest in Pernambuco, Northeast Brazil",2010,Marcus P. Braun,OPen Access Repositorium der Universität Ulm (OPARU) (Ulm University),I;C;F;G_adult,"I-F;C-F;G_adult-mean(I,F)",yes,priority_multilayer_fragmentation,doi_venue_abstract_available_then_year_desc,pending_title_abstract_methods_screen,no
CFTQ0207,W1797196948,10.1111/j.1365-2745.2009.01590.x,Effects of patch size and density on flower visitation and seed set of wild plants: a pan‐European approach,2009,Jens Dauber,Journal of Ecology,I;F,I-F,yes,priority_multilayer_fragmentation,doi_venue_abstract_available_then_year_desc,pending_title_abstract_methods_screen,no
CFTQ0208,W1975997590,10.1111/j.1365-2745.2009.01513.x,Biological Flora of the British Isles: Primula vulgaris Huds. (P. acaulis (L.) Hill),2009,Hans Jacquemyn,Journal of Ecology,I;C;F;G_adult,"I-F;C-F;G_adult-mean(I,F)",yes,priority_multilayer_fragmentation,doi_venue_abstract_available_then_year_desc,pending_title_abstract_methods_screen,no
CFTQ0209,W1985299823,10.1111/j.1744-7429.2009.00524.x,Reproduction of Byrsonima sericea (Malpighiaceae) in Restinga Fragmented Habitats in Southeastern Brazil,2009,Bernardo S. Dunley,Biotropica,I;F,I-F,yes,priority_multilayer_fragmentation,doi_venue_abstract_available_then_year_desc,pending_title_abstract_methods_screen,no
CFTQ0210,W1998800282,10.1515/bot.2010.004,The effect of boat propeller scarring intensity on genetic variation in a subtropical seagrass species,2009,Patrick D. Larkin,Botanica Marina,C;F;G_adult,C-F,yes,priority_multilayer_fragmentation,doi_venue_abstract_available_then_year_desc,pending_title_abstract_methods_screen,no
CFTQ0211,W2021472902,10.1111/j.1600-0706.2009.17300.x,Habitat disturbance reduces seed dispersal of a forest interior tree in a fragmented African cloud forest,2009,Valérie Lehouck,Oikos,I;C;F,I-F;C-F,yes,priority_multilayer_fragmentation,doi_venue_abstract_available_then_year_desc,pending_title_abstract_methods_screen,no
CFTQ0212,W2120262047,10.1674/0003-0031-163.1.146,Reproductive Ecology of Trillium recurvatum (Trilliaceae) in Wisconsin,2009,Neil W. Sawyer,The American Midland Naturalist,I;F,I-F,yes,priority_multilayer_fragmentation,doi_venue_abstract_available_then_year_desc,pending_title_abstract_methods_screen,no
CFTQ0213,W2120343262,10.1093/aob/mcp007,"Limited mate availability decreases reproductive success of fragmented populations of Linnaea borealis, a rare, clonal self-incompatible plant",2009,Andrew Rutherford Scobie,Annals of Botany,I;F,I-F,yes,priority_multilayer_fragmentation,doi_venue_abstract_available_then_year_desc,pending_title_abstract_methods_screen,no
CFTQ0214,W2142187774,10.1093/aob/mcp241,"Hanging by a coastal strand: breeding system of a federally endangered morning-glory of the south-eastern Florida coast, Jacquemontia reclinata",2009,Elena C. Pinto-Torres,Annals of Botany,I;C;F,I-F;C-F,yes,priority_multilayer_fragmentation,doi_venue_abstract_available_then_year_desc,pending_title_abstract_methods_screen,no
CFTQ0215,W2142701442,10.1890/07-1208.1,Disperser limitation and recruitment of an endemic African tree in a fragmented landscape,2009,Norbert J. Cordeiro,Ecology,C;F,C-F,yes,priority_multilayer_fragmentation,doi_venue_abstract_available_then_year_desc,pending_title_abstract_methods_screen,no
CFTQ0216,W1591429480,10.1111/j.1365-2745.2008.01418.x,Biological Flora of the British Isles: Primula elatior (L.) Hill,2008,Kenneth Taylor,Journal of Ecology,C;F;G_offspring,C-F,yes,priority_multilayer_fragmentation,doi_venue_abstract_available_then_year_desc,pending_title_abstract_methods_screen,no
CFTQ0217,W1971362750,10.1111/j.1438-8677.2008.00109.x,Microspatial population genetic structure of the Mediterranean shrub Fumana thymifolia,2008,Alistair S. Jump,Plant Biology,I;C;F;G_adult,"I-F;C-F;G_adult-mean(I,F)",yes,priority_multilayer_fragmentation,doi_venue_abstract_available_then_year_desc,pending_title_abstract_methods_screen,no
CFTQ0218,W2001707650,10.1111/j.1365-2745.2008.01434.x,"Relative frequency of sympatric species influences rates of interspecific hybridization, seed production and seedling performance in the uncommon Eucalyptus aggregata",2008,David Luke Field,Journal of Ecology,C;F;G_offspring,C-F,yes,priority_multilayer_fragmentation,doi_venue_abstract_available_then_year_desc,pending_title_abstract_methods_screen,no
CFTQ0219,W2104405958,10.1093/aob/mcn200,"Ecology and genetic diversity of the dense-flowered orchid, Neotinea maculata, at the centre and edge of its range",2008,Karl J. Duffy,Annals of Botany,I;F;G_adult,"I-F;G_adult-mean(I,F)",yes,priority_multilayer_fragmentation,doi_venue_abstract_available_then_year_desc,pending_title_abstract_methods_screen,no
CFTQ0220,W2104726342,10.1093/aob/mcn195,Limitations to Reproductive Output and Genetic Rescue in Populations of the Rare Shrub Grevillea repens (Proteaceae),2008,Gareth D. Holmes,Annals of Botany,I;F,I-F,yes,priority_multilayer_fragmentation,doi_venue_abstract_available_then_year_desc,pending_title_abstract_methods_screen,no
CFTQ0221,W2113399683,10.1111/j.1461-0248.2008.01157.x,Landscape effects on crop pollination services: are there general patterns?,2008,Taylor H. Ricketts,Ecology Letters,I;F,I-F,yes,priority_multilayer_fragmentation,doi_venue_abstract_available_then_year_desc,pending_title_abstract_methods_screen,no
CFTQ0222,W2116958961,10.1111/j.1744-7429.2008.00484.x,Reproduction in Wild Populations of the Threatened TreeMacadamia tetraphylla: Interpopulation Pollen Enriches Fecundity in a Declining Species,2008,Philip Pisanu,Biotropica,I;F;G_offspring,I-F,yes,priority_multilayer_fragmentation,doi_venue_abstract_available_then_year_desc,pending_title_abstract_methods_screen,no
CFTQ0223,W2130083208,10.1098/rspb.2008.0894,Neighbourhood density and genetic relatedness interact to determine fruit set and abortion rates in a continuous tropical tree population,2008,F. Andrew Jones,Proceedings of the Royal Society B Biological Sciences,I;F;G_adult,"I-F;G_adult-mean(I,F)",yes,priority_multilayer_fragmentation,doi_venue_abstract_available_then_year_desc,pending_title_abstract_methods_screen,no
CFTQ0224,W2156265209,10.1111/j.1752-4571.2007.00013.x,"Adaptation, migration or extirpation: climate change outcomes for tree populations",2008,Sally N. Aitken,Evolutionary Applications,C;F,C-F,yes,priority_multilayer_fragmentation,doi_venue_abstract_available_then_year_desc,pending_title_abstract_methods_screen,no
CFTQ0225,W4205496739,10.1111/j.1442-9993.2004.tb00310.x,Breeding system. pollination and demography in the rare granite endemic shrub Verticordia staminosa ssp. staminosa in south-west Western Australia,2008,Colin J. Yates,Austral Ecology,I;C;F,I-F;C-F,yes,priority_multilayer_fragmentation,doi_venue_abstract_available_then_year_desc,pending_title_abstract_methods_screen,no
CFTQ0226,W1492038667,10.1111/j.1365-2664.2006.01262.x,Seed dispersal and recruitment limitation are barriers to native recolonization of old‐fields in western Australia,2007,Rachel Jayne Standish,Journal of Applied Ecology,C;F,C-F,yes,priority_multilayer_fragmentation,doi_venue_abstract_available_then_year_desc,pending_title_abstract_methods_screen,no
CFTQ0227,W1975051049,10.1111/j.1469-8137.2007.02223.x,Spatial aspects of seed dispersal and seedling recruitment in orchids,2007,Jana Jersáková,New Phytologist,I;C;F;G_offspring,I-F;C-F,yes,priority_multilayer_fragmentation,doi_venue_abstract_available_then_year_desc,pending_title_abstract_methods_screen,no
CFTQ0228,W1988747402,10.1086/513469,Pollination Success and Reproductive Output in Experimental Populations of the Self‐Incompatible Primula vulgaris,2007,Rein Brys,International Journal of Plant Sciences,I;F,I-F,yes,priority_multilayer_fragmentation,doi_venue_abstract_available_then_year_desc,pending_title_abstract_methods_screen,no
CFTQ0229,W2015786911,10.1111/j.0030-1299.2007.15963.x,Direct and indirect effects of habitat area and matrix composition on species interactions among flower‐visiting insects,2007,Tim Diekötter,Oikos,I;F,I-F,yes,priority_multilayer_fragmentation,doi_venue_abstract_available_then_year_desc,pending_title_abstract_methods_screen,no
CFTQ0230,W2054688741,10.1111/j.1744-7429.2007.00317.x,"Forest Fragmentation Reduces Seed Dispersal of Duckeodendron cestroides, a Central Amazon Endemic",2007,Jennifer M. Cramer,Biotropica,C;F,C-F,yes,priority_multilayer_fragmentation,doi_venue_abstract_available_then_year_desc,pending_title_abstract_methods_screen,no
CFTQ0231,W2117512986,10.1086/511313,Patch Aging and the S ‐Allee Effect: Breeding System Effects on the Demographic Response of Plants to Habitat Fragmentation,2007,Stuart Wagenius,The American Naturalist,I;F;G_adult,"I-F;G_adult-mean(I,F)",yes,priority_multilayer_fragmentation,doi_venue_abstract_available_then_year_desc,pending_title_abstract_methods_screen,no
CFTQ0232,W2120533136,10.2980/1195-6860(2007)14[387:srmpli]2.0.co;2,Sex ratio mediated pollen limitation in the dioecious herb Antennaria dioica,2007,Mathias Öster,Ecoscience,I;F,I-F,yes,priority_multilayer_fragmentation,doi_venue_abstract_available_then_year_desc,pending_title_abstract_methods_screen,no
CFTQ0233,W2131752729,10.3732/ajb.94.10.1594,"Density and seed set in a self‐compatible forb, Penstemon digitalis (Plantaginaceae), with multiple pollinators",2007,Barbara Zorn‐Arnold,American Journal of Botany,I;F,I-F,yes,priority_multilayer_fragmentation,doi_venue_abstract_available_then_year_desc,pending_title_abstract_methods_screen,no
CFTQ0234,W2152366344,10.1111/j.1442-1984.2007.00189.x,Behavior of queen bumblebee pollinators on Primula sieboldii (Primulaceae) in response to different patch sizes and spacing,2007,Fumiko Ishihama,Plant Species Biology,I;F;G_adult,"I-F;G_adult-mean(I,F)",yes,priority_multilayer_fragmentation,doi_venue_abstract_available_then_year_desc,pending_title_abstract_methods_screen,no
CFTQ0235,W1486316284,10.1111/j.1365-2745.2006.01109.x,"The effects of neighbouring tree islands on pollinator density and diversity, and on pollination of a wet prairie species, Asclepias lanceolata (Apocynaceae)",2006,Derek R. Artz,Journal of Ecology,I;F,I-F,yes,priority_multilayer_fragmentation,doi_venue_abstract_available_then_year_desc,pending_title_abstract_methods_screen,no
CFTQ0236,W1566870476,10.1111/j.1523-1739.2006.00370.x,Effects of Forest Fragmentation on Phenological Patterns and Reproductive Success of the Tropical Dry Forest Tree Ceiba aesculifolia,2006,Yvonne Herrerías‐Diego,Conservation Biology,I;F,I-F,yes,priority_multilayer_fragmentation,doi_venue_abstract_available_then_year_desc,pending_title_abstract_methods_screen,no
CFTQ0237,W2016516394,10.1111/j.1442-8903.2006.00248.x,Planting designs in ecological restoration: Insights from the Button Wrinklewort,2006,John W. Morgan,Ecological Management & Restoration,I;C;F,I-F;C-F,yes,priority_multilayer_fragmentation,doi_venue_abstract_available_then_year_desc,pending_title_abstract_methods_screen,no
CFTQ0238,W2024879274,10.1139/b06-051,Impacts of forest fragmentation on the reproductive success of white spruce (Picea glauca),2006,Lisa O’Connell,Canadian Journal of Botany,I;F;G_offspring,I-F,yes,priority_multilayer_fragmentation,doi_venue_abstract_available_then_year_desc,pending_title_abstract_methods_screen,no
CFTQ0239,W2041150700,10.1111/j.1442-8903.2006.00311.x,Should we be more critical of remnant seed sources being used for revegetation?,2006,Linda Broadhurst,Ecological Management & Restoration,C;F;G_offspring,C-F,yes,priority_multilayer_fragmentation,doi_venue_abstract_available_then_year_desc,pending_title_abstract_methods_screen,no
CFTQ0240,W2124363288,10.1560/ijee_52_2_111,"Fragmentation and Pollination Crisis in the Self-Incompatible Iris Bismarckiana (IRIDACEAE), with Implications for Conservation",2006,Bosmat Segal,Israel Journal of Ecology and Evolution,I;F,I-F,yes,priority_multilayer_fragmentation,doi_venue_abstract_available_then_year_desc,pending_title_abstract_methods_screen,no
CFTQ0241,W2125132195,10.1111/j.0030-1299.2006.14077.x,Consequences of prolonged clonal growth on local and regional genetic structure and fruiting success of the forest perennial Maianthemum bifolium,2006,Olivier Honnay,Oikos,I;F;G_adult,"I-F;G_adult-mean(I,F)",yes,priority_multilayer_fragmentation,doi_venue_abstract_available_then_year_desc,pending_title_abstract_methods_screen,no
CFTQ0242,W2149427681,10.1111/j.1461-0248.2006.00927.x,Plant reproductive susceptibility to habitat fragmentation: review and synthesis through a meta‐analysis,2006,Ramiro J.A. Ovejero Aguilar,Ecology Letters,I;F,I-F,yes,priority_multilayer_fragmentation,doi_venue_abstract_available_then_year_desc,pending_title_abstract_methods_screen,no
CFTQ0243,W2156570842,10.3732/ajb.93.11.1675,"Effectiveness of bats as pollinators of Stenocereus stellatus (Cactaceae) in wild, managed in situ, and cultivated populations in La Mixteca Baja, central Mexico",2006,Ethel Arias‐Cóyotl,American Journal of Botany,I;F;G_adult,"I-F;G_adult-mean(I,F)",yes,priority_multilayer_fragmentation,doi_venue_abstract_available_then_year_desc,pending_title_abstract_methods_screen,no
CFTQ0244,W2170974104,10.1658/1402-2001(2006)9[279:sdif]2.0.co;2,Seed dispersal in fens,2006,Beth A. Middleton,Applied Vegetation Science,C;F,C-F,yes,priority_multilayer_fragmentation,doi_venue_abstract_available_then_year_desc,pending_title_abstract_methods_screen,no
CFTQ0245,W2262725599,10.3159/1095-5674(2006)133[403:ltfasp]2.0.co;2,"Limitations to Fruit and Seed Production by Lysimachia Asperulifolia Poir. (primulaceae), a Rare Plant Species of the Carolinas",2006,Misty Ann Franklin,The Journal of the Torrey Botanical Society,I;F,I-F,yes,priority_multilayer_fragmentation,doi_venue_abstract_available_then_year_desc,pending_title_abstract_methods_screen,no
CFTQ0246,W4248349159,10.1111/j.1654-109x.2006.tb00677.x,Seed dispersal in fens,2006,Beth A. Middleton,Applied Vegetation Science,C;F,C-F,yes,priority_multilayer_fragmentation,doi_venue_abstract_available_then_year_desc,pending_title_abstract_methods_screen,no
CFTQ0247,W12285835,10.1017/cbo9780511541971.011,Implications of plant spatial distribution for pollination and seed production,2005,Jaboury Ghazoul,Cambridge University Press eBooks,I;F,I-F,yes,priority_multilayer_fragmentation,doi_venue_abstract_available_then_year_desc,pending_title_abstract_methods_screen,no
CFTQ0248,W2000886284,10.1111/j.1365-294x.2005.02629.x,Regeneration mode affects spatial genetic structure of Nothofagus dombeyi forests,2005,Andrea Cecilia Premoli,Molecular Ecology,C;F;G_offspring,C-F,yes,priority_multilayer_fragmentation,doi_venue_abstract_available_then_year_desc,pending_title_abstract_methods_screen,no
CFTQ0249,W2002504209,10.1017/s1464793105006731,Pollen and seed dispersal among dispersed plants,2005,Jaboury Ghazoul,Biological reviews/Biological reviews of the Cambridge Philosophical Society,I;C;F,I-F;C-F,yes,priority_multilayer_fragmentation,doi_venue_abstract_available_then_year_desc,pending_title_abstract_methods_screen,no
CFTQ0250,W2096147484,10.1111/j.1365-294x.2005.02741.x,"Local forest environment largely affects below‐ground growth, clonal diversity and fine‐scale spatial genetic structure in the temperate deciduous forest herb Paris quadrifolia",2005,Hans Jacquemyn,Molecular Ecology,C;F;G_offspring,C-F,yes,priority_multilayer_fragmentation,doi_venue_abstract_available_then_year_desc,pending_title_abstract_methods_screen,no
CFTQ0251,W4240142367,10.1111/j.1365-2745.2005.01088.x,Journal of Ecology news,2005,Lindsay Haddon,Journal of Ecology,I;F,I-F,yes,priority_multilayer_fragmentation,doi_venue_abstract_available_then_year_desc,pending_title_abstract_methods_screen,no
CFTQ0252,W1978835312,10.3732/ajb.91.12.2013,Population genetic diversity of the clonal plant Geum reptans (Rosaceae) in the Swiss Alps,2004,Andrea R. Pluess,American Journal of Botany,C;F;G_offspring,C-F,yes,priority_multilayer_fragmentation,doi_venue_abstract_available_then_year_desc,pending_title_abstract_methods_screen,no
CFTQ0253,W1984144437,10.1111/j.1095-8339.2004.00323.x,Reproductive ecology of the endemic Lecocarpus pinnatifidus (Asteraceae) in an isolated population in the Galápagos Islands,2004,Marianne Philipp,Botanical Journal of the Linnean Society,I;F,I-F,yes,priority_multilayer_fragmentation,doi_venue_abstract_available_then_year_desc,pending_title_abstract_methods_screen,no
CFTQ0254,W2014380042,10.1055/s-2004-830331,Reduced Fecundity in Small Populations of the Rare PlantGentianopsis ciliate(Gentianaceae),2004,Marc Kéry,Plant Biology,I;F;G_adult,"I-F;G_adult-mean(I,F)",yes,priority_multilayer_fragmentation,doi_venue_abstract_available_then_year_desc,pending_title_abstract_methods_screen,no
CFTQ0255,W2027538968,10.1111/j.0022-0477.2004.00910.x,Why do pollination generalist and specialist plant species show similar reproductive susceptibility to habitat fragmentation?,2004,Lorena Ashworth,Journal of Ecology,I;F,I-F,yes,priority_multilayer_fragmentation,doi_venue_abstract_available_then_year_desc,pending_title_abstract_methods_screen,no
CFTQ0256,W2060265797,10.1111/j.1442-1984.2004.00113.x,"Genetic population structure of the wind‐pollinated, dioecious shrub Juniperus communis in fragmented Dutch heathlands",2004,J. Gerard B. Oostermeijer,Plant Species Biology,I;C;F;G_adult,"I-F;C-F;G_adult-mean(I,F)",yes,priority_multilayer_fragmentation,doi_venue_abstract_available_then_year_desc,pending_title_abstract_methods_screen,no
CFTQ0257,W2075358083,10.1111/j.1365-2745.2004.00933.x,Plant isolation reduces outcross pollen receipt in a partially self‐compatible herb,2004,David H. Duncan,Journal of Ecology,I;C;F;G_adult,"I-F;C-F;G_adult-mean(I,F)",yes,priority_multilayer_fragmentation,doi_venue_abstract_available_then_year_desc,pending_title_abstract_methods_screen,no
CFTQ0258,W2096327592,10.3732/ajb.91.11.1774,Effects of pollen quantity and quality on reproduction and offspring vigor in the rare plant Scorzonera humilis (Asteraceae),2004,Guy Colling,American Journal of Botany,I;F;G_offspring,I-F,yes,priority_multilayer_fragmentation,doi_venue_abstract_available_then_year_desc,pending_title_abstract_methods_screen,no
CFTQ0259,W2112541641,10.1071/bt03139,High self-pollen transfer and low fruit set in buzz-pollinated Dianella revoluta (Phormiaceae),2004,David H. Duncan,Australian Journal of Botany,I;F;G_adult,"I-F;G_adult-mean(I,F)",yes,priority_multilayer_fragmentation,doi_venue_abstract_available_then_year_desc,pending_title_abstract_methods_screen,no
CFTQ0260,W2122701058,10.1890/04-0395,METAPOPULATION DYNAMICS IN CHANGING LANDSCAPES: A NEW SPATIALLY REALISTIC MODEL FOR FOREST PLANTS,2004,Kris Verheyen,Ecology,C;F,C-F,yes,priority_multilayer_fragmentation,doi_venue_abstract_available_then_year_desc,pending_title_abstract_methods_screen,no
CFTQ0261,W2124866932,10.1093/aob/mch098,"Reproductive Ecology of the Endangered Alpine Species Eryngium alpinum L. (Apiaceae): Phenology, Gene Dispersal and Reproductive Success",2004,Myriam Gaudeul,Annals of Botany,I;C;F;G_adult,"I-F;C-F;G_adult-mean(I,F)",yes,priority_multilayer_fragmentation,doi_venue_abstract_available_then_year_desc,pending_title_abstract_methods_screen,no
CFTQ0262,W2126949118,10.1646/q1569,Factors Contributing to Variation in Seed Production among Remnant Populations of the Endangered Daisy Gerbera aurantiaca1,2004,Steven D. Johnson,Biotropica,I;F,I-F,yes,priority_multilayer_fragmentation,doi_venue_abstract_available_then_year_desc,pending_title_abstract_methods_screen,no
CFTQ0263,W2140001937,10.1111/j.0030-1299.2005.13468.x,Pollen limitation and demographic structure in small fragmented populations of Brunsvigia radulosa (Amaryllidaceae),2004,Megan Ward,Oikos,I;F,I-F,yes,priority_multilayer_fragmentation,doi_venue_abstract_available_then_year_desc,pending_title_abstract_methods_screen,no
CFTQ0264,W2170516373,10.1890/03-0398,HUMAN EFFECTS ON LONG-DISTANCE WIND DISPERSAL AND COLONIZATION BY GRASSLAND PLANTS,2004,Merel B. Soons,Ecology,C;F,C-F,yes,priority_multilayer_fragmentation,doi_venue_abstract_available_then_year_desc,pending_title_abstract_methods_screen,no
CFTQ0265,W2170693528,10.1086/386376,"Style Persistence, Pollen Limitation, and Seed Set in the Common Prairie PlantEchinacea angustifolia(Asteraceae)",2004,Stuart Wagenius,International Journal of Plant Sciences,I;F;G_adult,"I-F;G_adult-mean(I,F)",yes,priority_multilayer_fragmentation,doi_venue_abstract_available_then_year_desc,pending_title_abstract_methods_screen,no
CFTQ0266,W2250050461,10.1674/0003-0031(2004)152[0037:dbsctr]2.0.co;2,Does Breeding System Contribute to Rarity of Goldenseal (Hydrastis canadensis)?,2004,Suzanne Sanders,The American Midland Naturalist,C;F,C-F,yes,priority_multilayer_fragmentation,doi_venue_abstract_available_then_year_desc,pending_title_abstract_methods_screen,no
CFTQ0267,W4206485597,10.1646/q1571,Effects of Forest Fragmentation on Pollinator Activity and Consequences for Plant Reproductive Success and Mating Patterns in Bat-pollinated Bombacaceous Trees1,2004,Maurício Quesada,Biotropica,I;C;F,I-F;C-F,yes,priority_multilayer_fragmentation,doi_venue_abstract_available_then_year_desc,pending_title_abstract_methods_screen,no
CFTQ0268,W1975341844,10.1046/j.1365-2745.2003.00753.x,Large‐scale spatial dynamics of plants: a response to Freckleton & Watkinson,2003,Johan Ehrlén,Journal of Ecology,I;C;F;G_adult,"I-F;C-F;G_adult-mean(I,F)",yes,priority_multilayer_fragmentation,doi_venue_abstract_available_then_year_desc,pending_title_abstract_methods_screen,no
CFTQ0269,W1988787001,10.1046/j.1523-1739.2003.01140.x,Effects of Forest Fragmentation and Flowering Phenology on the Reproductive Success and Mating Patterns of the Tropical Dry Forest Tree Pachira quinata,2003,Eric J. Fuchs,Conservation Biology,I;F;G_offspring,I-F,yes,priority_multilayer_fragmentation,doi_venue_abstract_available_then_year_desc,pending_title_abstract_methods_screen,no
CFTQ0270,W2020598999,10.1046/j.1442-9993.2003.t01-4-01287.x,Seed production and germination in two rare and three common co‐occurring Acacia species from south‐east Australia,2003,JULIAN M. BROWN,Austral Ecology,I;F,I-F,yes,priority_multilayer_fragmentation,doi_venue_abstract_available_then_year_desc,pending_title_abstract_methods_screen,no
CFTQ0271,W2024724656,10.1046/j.1365-2745.2003.00787.x,"Floral neighbourhoods in the sea: how floral density, opportunity for outcrossing and population fragmentation affect seed set in Zostera marina",2003,Thorsten B. H. Reusch,Journal of Ecology,I;F;G_adult,"I-F;G_adult-mean(I,F)",yes,priority_multilayer_fragmentation,doi_venue_abstract_available_then_year_desc,pending_title_abstract_methods_screen,no
CFTQ0272,W2095802959,10.1046/j.1365-2664.2003.00847.x,Pollination of Coffea canephora in relation to local and regional agroforestry management,2003,Alexandra‐Maria Klein,Journal of Applied Ecology,I;F,I-F,yes,priority_multilayer_fragmentation,doi_venue_abstract_available_then_year_desc,pending_title_abstract_methods_screen,no
CFTQ0273,W2180502275,10.1086/376812,Effects of Geitonogamy on the Seed Set of Magnolia obovata Thunb. (Magnoliaceae),2003,Kiyoshi Ishida,International Journal of Plant Sciences,I;F;G_offspring,I-F,yes,priority_multilayer_fragmentation,doi_venue_abstract_available_then_year_desc,pending_title_abstract_methods_screen,no
CFTQ0274,W1963858702,10.1046/j.1095-8339.2002.00080.x,"Variation of pollination and resource limitation in a low seed-set tree, Liriodendron chinense (Magnoliaceae)",2002,Shuang‐Quan Huang,Botanical Journal of the Linnean Society,I;F,I-F,yes,priority_multilayer_fragmentation,doi_venue_abstract_available_then_year_desc,pending_title_abstract_methods_screen,no
CFTQ0275,W1997782537,10.1139/b02-105,"Mating system and reproductive fitness traits of eastern white pine (Pinus strobus) in large, central versus small, isolated, marginal populations",2002,Om P. Rajora,Canadian Journal of Botany,C;F;G_offspring,C-F,yes,priority_multilayer_fragmentation,doi_venue_abstract_available_then_year_desc,pending_title_abstract_methods_screen,no
CFTQ0276,W2000501751,10.1046/j.1523-1739.2002.01162.x,Commonness and Long‐Term Survival in Fragmented Habitats: Primula elatior as a Study Case,2002,Fabienne Van Rossum,Conservation Biology,C;F;G_adult,C-F,yes,priority_multilayer_fragmentation,doi_venue_abstract_available_then_year_desc,pending_title_abstract_methods_screen,no
CFTQ0277,W2013720088,10.1046/j.1523-1739.2002.01105.x,Rapid Genetic Decline in a Translocated Population of the Endangered Plant Grevillea scapigera,2002,Siegfried L. Krauss,Conservation Biology,C;F;G_offspring,C-F,yes,priority_multilayer_fragmentation,doi_venue_abstract_available_then_year_desc,pending_title_abstract_methods_screen,no
CFTQ0278,W2081033670,10.1046/j.0022-0477.2001.00638.x,"Effects of habitat fragmentation on pollination: pollinators, pollinia viability and reproductive success",2002,Courtney J. Murren,Journal of Ecology,I;F,I-F,yes,priority_multilayer_fragmentation,doi_venue_abstract_available_then_year_desc,pending_title_abstract_methods_screen,no
CFTQ0279,W2082651269,10.1046/j.1365-2745.2002.00729.x,Reduced colonization capacity in fragmented populations of wind‐dispersed grassland forbs,2002,Merel B. Soons,Journal of Ecology,C;F;G_adult,C-F,yes,priority_multilayer_fragmentation,doi_venue_abstract_available_then_year_desc,pending_title_abstract_methods_screen,no
CFTQ0280,W2110435095,10.1658/1100-9233(2002)013[0885:rsifhd]2.0.co;2,Reproductive success in fragmented habitats: do compatibility systems and pollination specialization matter?,2002,Marcelo A. Aizen,Journal of Vegetation Science,I;F,I-F,yes,priority_multilayer_fragmentation,doi_venue_abstract_available_then_year_desc,pending_title_abstract_methods_screen,no
CFTQ0281,W2138994963,10.1646/0006-3606(2002)034[0589:uoftbb]2.0.co;2,"Use of Fruiting Trees by Birds in Continuous Forest and Riparian Forest Remnants in Los Tuxtlas, Veracruz, Mexico1",2002,Catherine Helen Graham,Biotropica,I;F,I-F,yes,priority_multilayer_fragmentation,doi_venue_abstract_available_then_year_desc,pending_title_abstract_methods_screen,no
CFTQ0282,W2166299569,10.1046/j.1365-2745.2002.00717.x,"Habitat configuration, species traits and plant distributions",2002,Cecilia Duprè,Journal of Ecology,I;F,I-F,yes,priority_multilayer_fragmentation,doi_venue_abstract_available_then_year_desc,pending_title_abstract_methods_screen,no
CFTQ0283,W2543615870,10.1080/11956860.2002.11682737,"Effects of isolation on distribution, fecundity, and survival in the self-incompatibleAchillea millefolium(L.)",2002,Anders Löfgren,Ecoscience,I;F,I-F,yes,priority_multilayer_fragmentation,doi_venue_abstract_available_then_year_desc,pending_title_abstract_methods_screen,no
CFTQ0284,W4237295185,10.1111/j.1654-1103.2002.tb02118.x,Reproductive success in fragmented habitats: do compatibility systems and pollination specialization matter?,2002,Marcelo A. Aizen,Journal of Vegetation Science,I;F,I-F,yes,priority_multilayer_fragmentation,doi_venue_abstract_available_then_year_desc,pending_title_abstract_methods_screen,no
CFTQ0285,W4237344133,10.1111/j.1744-7429.2002.tb00578.x,"Use of Fruiting Trees by Birds in Continuous Forest and Riparian Forest Remnants in Los Tuxtlas, Veracruz, Mexico1",2002,Catherine Helen Graham,Biotropica,I;F,I-F,yes,priority_multilayer_fragmentation,doi_venue_abstract_available_then_year_desc,pending_title_abstract_methods_screen,no
CFTQ0286,W2093470005,10.1111/j.1523-1739.2001.99341.x,Effects of Habitat Size and Patch Isolation on Reproductive Success of the Serpentine Morning Glory,2001,Amy Wolf,Conservation Biology,I;F,I-F,yes,priority_multilayer_fragmentation,doi_venue_abstract_available_then_year_desc,pending_title_abstract_methods_screen,no
CFTQ0287,W2118676038,10.2307/3558406,"Pollination limitation to reproductive success in the Missouri evening primrose, Oenothera macrocarpa (Onagraceae)",2001,Jennifer Moody‐Weis,American Journal of Botany,I;F,I-F,yes,priority_multilayer_fragmentation,doi_venue_abstract_available_then_year_desc,pending_title_abstract_methods_screen,no
CFTQ0288,W2160016728,10.1046/j.1365-2745.2001.00550.x,The effect of plant population size on the interactions between the rare plantGentiana cruciataand its specialized herbivoreMaculinea rebeli,2001,Marc Kéry,Journal of Ecology,I;F;G_adult,"I-F;G_adult-mean(I,F)",yes,priority_multilayer_fragmentation,doi_venue_abstract_available_then_year_desc,pending_title_abstract_methods_screen,no
CFTQ0289,W2178901186,10.1111/j.1744-7429.2001.tb00217.x,"Poachers and Forest Fragmentation Alter Seed Dispersal, Seed Survival, and Seedling Recruitment in the Palm Attalea butyraceae, with Implications for Tropical Tree Diversity1",2001,S. Joseph Wright‬,Biotropica,C;F,C-F,yes,priority_multilayer_fragmentation,doi_venue_abstract_available_then_year_desc,pending_title_abstract_methods_screen,no
CFTQ0290,W4246660625,10.1046/j.1523-1739.2001.99341.x,Effects of Habitat Size and Patch Isolation on Reproductive Success of the Serpentine Morning Glory,2001,Amy Wolf,Conservation Biology,I;F,I-F,yes,priority_multilayer_fragmentation,doi_venue_abstract_available_then_year_desc,pending_title_abstract_methods_screen,no
CFTQ0291,W1654439492,10.1071/bt98082,Patterns of mating in Persoonia mollis (Proteaceae) revealed by an analysis of paternity using AFLP: implications for conservation,2000,Siegfried L. Krauss,Australian Journal of Botany,I;C;F;G_offspring,I-F;C-F,yes,priority_multilayer_fragmentation,doi_venue_abstract_available_then_year_desc,pending_title_abstract_methods_screen,no
CFTQ0292,W2000877843,10.1055/s-2000-16641,High Genetic Diversity and Differentiation in Relict Lowland Populations ofGentianella austriaca(A. and J. Kern.) Holub (Gentianaceae),2000,Josef Greimler,Plant Biology,C;F;G_adult,C-F,yes,priority_multilayer_fragmentation,doi_venue_abstract_available_then_year_desc,pending_title_abstract_methods_screen,no
CFTQ0293,W2484727946,10.1017/cbo9780511623448.019,Ecology and genetics of Grevillea (Proteaceae): implications for conservation of fragmented populations,2000,Robert J. Whelan,Cambridge University Press eBooks,I;C;F,I-F;C-F,yes,priority_multilayer_fragmentation,doi_venue_abstract_available_then_year_desc,pending_title_abstract_methods_screen,no
CFTQ0294,W2080054396,10.1086/314198,"Variability in Pollen Load: Implications for Reproduction and Seedling Vigor in a Rare Plant, Silene douglasii var. Oraria",1999,Erica Brown,International Journal of Plant Sciences,I;F,I-F,yes,priority_multilayer_fragmentation,doi_venue_abstract_available_then_year_desc,pending_title_abstract_methods_screen,no
CFTQ0295,W2250077582,10.2307/2656802,"Clonal plant research: proliferation, integration, but not much evolution",1999,Christopher G. Eckert,American Journal of Botany,C;F;G_adult,C-F,yes,priority_multilayer_fragmentation,doi_venue_abstract_available_then_year_desc,pending_title_abstract_methods_screen,no
CFTQ0296,W2089896537,10.1046/j.1365-2664.1998.355343.x,Bioindication using trap‐nesting bees and wasps and their natural enemies: community structure and interactions,1998,Teja Tscharntke,Journal of Applied Ecology,I;F;G_adult,"I-F;G_adult-mean(I,F)",yes,priority_multilayer_fragmentation,doi_venue_abstract_available_then_year_desc,pending_title_abstract_methods_screen,no
CFTQ0297,W2123478824,10.2307/1479084,Pollen and gene flow in fragmented habitats,1998,Manja M. Kwak,Applied Vegetation Science,I;C;F;G_adult,"I-F;C-F;G_adult-mean(I,F)",yes,priority_multilayer_fragmentation,doi_venue_abstract_available_then_year_desc,pending_title_abstract_methods_screen,no
CFTQ0298,W2138043077,10.1046/j.1523-1739.1998.97154.x,The Potential Consequences of Pollinator Declines on the Conservation of Biodiversity and Stability of Food Crop Yields,1998,,Conservation Biology,I;F,I-F,yes,priority_multilayer_fragmentation,doi_venue_abstract_available_then_year_desc,pending_title_abstract_methods_screen,no
CFTQ0299,W4238262553,10.1111/j.1523-1739.1998.97154.x,The Potential Consequences of Pollinator Declines on the Conservation of Biodiversity and Stability of Food Crop Yields,1998,"Allen-Wardell, Gordon",Conservation Biology,I;F,I-F,yes,priority_multilayer_fragmentation,doi_venue_abstract_available_then_year_desc,pending_title_abstract_methods_screen,no
CFTQ0300,W1591605232,10.1046/j.1523-1739.1997.96013.x,Reproductive Success Increases with Local Density of Conspecif ics in a Desert Mustard (Lesquerella fendleri). El Exito Reproductivo Incrementa con la Densidad Local de Coespecificos en la Mostaza del Desierto (Lesquerella fendleri),1997,Julia Roll,Conservation Biology,I;F,I-F,yes,priority_multilayer_fragmentation,doi_venue_abstract_available_then_year_desc,pending_title_abstract_methods_screen,no
CFTQ0301,W2109639195,10.1093/oxfordjournals.jhered.a023104,Reproductive and Genetic Consequences of Forest Fragmentation: Two Case Studies of Neotropical Canopy Trees,1997,J. D. Nason,Journal of Heredity,I;C;F,I-F;C-F,yes,priority_multilayer_fragmentation,doi_venue_abstract_available_then_year_desc,pending_title_abstract_methods_screen,no
CFTQ0302,W2161629259,10.2307/2446466,Mating structure and inbreeding and outbreeding depression in the rare plant Gentianella germanica (Gentianaceae),1997,Markus Fischer,American Journal of Botany,I;C;F;G_offspring,I-F;C-F,yes,priority_multilayer_fragmentation,doi_venue_abstract_available_then_year_desc,pending_title_abstract_methods_screen,no
CFTQ0303,W2329963865,10.2307/2426756,Facultative Self-pollination in Island Irises,1997,Richard Zink,The American Midland Naturalist,I;F;G_adult,"I-F;G_adult-mean(I,F)",yes,priority_multilayer_fragmentation,doi_venue_abstract_available_then_year_desc,pending_title_abstract_methods_screen,no
CFTQ0304,W2028322949,10.1111/j.1469-8137.1995.tb03019.x,Pollination ecology and patch‐dependent reproductive success of the rare perennialGentiana pneumonantheL.,1995,Theodora Petanidou,New Phytologist,I;F;G_adult,"I-F;G_adult-mean(I,F)",yes,priority_multilayer_fragmentation,doi_venue_abstract_available_then_year_desc,pending_title_abstract_methods_screen,no
CFTQ0305,W2093297053,10.1111/j.1438-8677.1995.tb00784.x,Effects of outcrossing distance and selfing on fitness components in the rareGentiana pneumonanthe(Gentianaceae),1995,J. Gerard B. Oostermeijer,Acta Botanica Neerlandica,I;F;G_offspring,I-F,yes,priority_multilayer_fragmentation,doi_venue_abstract_available_then_year_desc,pending_title_abstract_methods_screen,no
CFTQ0306,W2118097750,10.1071/bt9950001,"Ecological Studies of the Endangered Rutidosis Leptorrhynchoides .I. Seed Production, Soil Seed Bank Dynamics, Population Density and Their Effects on Recruitment",1995,J. W. Morgan,Australian Journal of Botany,I;F,I-F,yes,priority_multilayer_fragmentation,doi_venue_abstract_available_then_year_desc,pending_title_abstract_methods_screen,no
CFTQ0307,W140979288,10.1007/978-3-0348-8510-2_35,D: Fragmented plant populations and their lost interactions,1994,James Olesen,Conservation Genetics,I;C;F,I-F;C-F,yes,priority_multilayer_fragmentation,doi_venue_abstract_available_then_year_desc,pending_title_abstract_methods_screen,no
CFTQ0308,W2052402943,10.2307/3544841,Insect Flower Visitation Frequency and Seed Production in Relation to Patch Size of Viscaria vulgaris (Caryophyllaceae),1993,Ola Jennersten,Oikos,I;F,I-F,yes,priority_multilayer_fragmentation,doi_venue_abstract_available_then_year_desc,pending_title_abstract_methods_screen,no
CFTQ0309,W2127498558,10.1046/j.1523-1739.1993.07020279.x,Accelerating Forest Succession in a Fragmented Landscape: The Role of Birds and Perches,1993,Tim R. McClanahan,Conservation Biology,C;F,C-F,yes,priority_multilayer_fragmentation,doi_venue_abstract_available_then_year_desc,pending_title_abstract_methods_screen,no
CFTQ0310,W2010788366,10.2307/2388236,Predators of Fig Wasps,1988,Judith L. Bronstein,Biotropica,I;F,I-F,yes,priority_multilayer_fragmentation,doi_venue_abstract_available_then_year_desc,pending_title_abstract_methods_screen,no
CFTQ0311,W2042377411,10.2307/1939860,"Patch Size, Pollinator Behavior, and Pollinator Limitation in Catnip",1987,Andrew Sih,Ecology,I;F,I-F,yes,priority_multilayer_fragmentation,doi_venue_abstract_available_then_year_desc,pending_title_abstract_methods_screen,no
CFTQ0312,W2755473254,10.1007/s00442-017-3941-1,"Habitat fragmentation leads to reduced pollinator visitation, fruit production and recruitment in urban mangrove forests",2017,Tyge Dahl Hermansen,Oecologia,I;F,I-F,no,priority_multilayer_fragmentation,remaining_target_pair_candidate,pending_title_abstract_methods_screen,no
CFTQ0313,W2009476545,10.1016/j.biocon.2013.05.011,Complex interactions between remnant shape and the mating system strongly influence reproductive output and progeny performance in fragmented populations of a bird-pollinated shrub,2013,Tanya M. Llorens,Biological Conservation,C;F,C-F,no,priority_multilayer_fragmentation,remaining_target_pair_candidate,pending_title_abstract_methods_screen,no
CFTQ0314,W2068190734,10.1016/j.baae.2012.03.007,Status of pollinators and their efficiency in coffee fruit set in a fragmented landscape mosaic in South India,2012,Smitha Krishnan,Basic and Applied Ecology,I;F,I-F,no,priority_multilayer_fragmentation,remaining_target_pair_candidate,pending_title_abstract_methods_screen,no
CFTQ0315,W2141845198,10.1016/j.biocon.2009.01.017,"Effects of fragmentation on pollinator assemblage, pollen limitation and seed production of Mediterranean myrtle (Myrtus communis)",2009,Juan P. González‐Varo,Biological Conservation,I;F,I-F,no,priority_multilayer_fragmentation,remaining_target_pair_candidate,pending_title_abstract_methods_screen,no
CFTQ0316,W1967019599,10.1016/j.biocon.2007.09.014,Effects of fragmentation on pollinator abundance and fruit set of an abundant understory palm in a Mexican tropical forest,2007,Armando Aguirre‐Jaimes,Biological Conservation,I;F,I-F,no,priority_multilayer_fragmentation,remaining_target_pair_candidate,pending_title_abstract_methods_screen,no
CFTQ0317,W2083647153,10.1016/j.flora.2006.12.002,"Fragment size, pollination efficiency and reproductive success in natural populations of wind-pollinated Polylepis australis (Rosaceae) trees",2007,Peggy Seltmann,Flora,I;F,I-F,no,priority_multilayer_fragmentation,remaining_target_pair_candidate,pending_title_abstract_methods_screen,no
CFTQ0318,W4385812075,10.33915/etd.12125,The Birds and The Bees and The Willows: Understanding the reproductive biology of Salix nigra Marsh.,2023,Julianne Grady,,I;C;F,I-F;C-F,yes,priority_multilayer_fragmentation,remaining_target_pair_candidate,pending_title_abstract_methods_screen,no
CFTQ0319,W3118550793,,Flowers and bees in the city: The impact of urbanisation on native plants and their insect pollinators,2021,Emily L. Eakin-Busher,Murdoch Research Repository (Murdoch University),I;F,I-F,yes,priority_multilayer_fragmentation,remaining_target_pair_candidate,pending_title_abstract_methods_screen,no
CFTQ0320,W2941746510,10.53846/goediss-7381,"Farmland heterogeneity effects on biodiversity, community traits and insect pollination",2019,Annika Louise Hass,,I;F,I-F,yes,priority_multilayer_fragmentation,remaining_target_pair_candidate,pending_title_abstract_methods_screen,no
CFTQ0321,W2975094968,,Exotic Species and Temporal Variation in Hawaiian Floral Visitation Networks,2019,Jennifer Lynn Imamura,eScholarship (California Digital Library),I;F,I-F,yes,priority_multilayer_fragmentation,remaining_target_pair_candidate,pending_title_abstract_methods_screen,no
CFTQ0322,W2977031858,,"The effect of urbanization on reproduction and selection on floral traits in the wildflower, Linaria vulgaris",2019,Ariana Longley,The Atrium (University of Guelph),I;F;G_adult,"I-F;G_adult-mean(I,F)",yes,priority_multilayer_fragmentation,remaining_target_pair_candidate,pending_title_abstract_methods_screen,no
CFTQ0323,W2513319545,,Processes of Forest Fragmentation ant Its Impacts,2016,Beyene Belay,Journals & Books Hosting (International Knowledge Sharing Platform),I;C;F;G_adult,"I-F;C-F;G_adult-mean(I,F)",yes,priority_multilayer_fragmentation,remaining_target_pair_candidate,pending_title_abstract_methods_screen,no
CFTQ0324,W2968240617,,"The birds, the bees and Erica: vulnerability of plant-pollinator communities in fragmented fynbos landscapes",2016,Siow Yan Jennifer Angoh,Open University of Cape Town (University of Cape Town),I;F,I-F,yes,priority_multilayer_fragmentation,remaining_target_pair_candidate,pending_title_abstract_methods_screen,no
CFTQ0325,W1499972111,,Ecological and genetic indicators of restoration success,2015,Alison L. Ritchie,UWA Profiles and Research Repository (University of Western Australia),I;C;F;G_adult,"I-F;C-F;G_adult-mean(I,F)",yes,priority_multilayer_fragmentation,remaining_target_pair_candidate,pending_title_abstract_methods_screen,no
CFTQ0326,W2285903167,,"INSIGHTS INTO THE HABITAT AND BREEDING BIOLOGY OF THE FEDERALLY ENDANGERED HERBACEOUS PLANT, THALICTRUM COOLEYI, AHLES",2015,A. RenÃ©e Fortner,The Scholarship East Carolina University's Institutional Repository (East Carolina University),I;F,I-F,yes,priority_multilayer_fragmentation,remaining_target_pair_candidate,pending_title_abstract_methods_screen,no
CFTQ0327,W2301082923,10.31274/etd-180810-4415,Bison-mediated seed dispersal in a tallgrass prairie reconstruction,2015,Peter Gregory Eyheralde,,C;F,C-F,yes,priority_multilayer_fragmentation,remaining_target_pair_candidate,pending_title_abstract_methods_screen,no
CFTQ0328,W2533895449,,Components of Pollen Limitation in Relation to Reproductive Success in Small Populations of Big Bluestem (Andropogon gerardii),2015,Zackary Harris,The Atrium (University of Guelph),I;F,I-F,yes,priority_multilayer_fragmentation,remaining_target_pair_candidate,pending_title_abstract_methods_screen,no
CFTQ0329,W606248887,10.25148/etd.fi15032131,"Pollination, Herbivory, and Habitat Fragmentation: Their Effects on the Reproductive Fitness of Angadenia berteroi, a Native Perennial Plant of the South Florida Pine Rocklands",2015,Beyte Barrios Roque,,I;F,I-F,yes,priority_multilayer_fragmentation,remaining_target_pair_candidate,pending_title_abstract_methods_screen,no
CFTQ0330,W160750919,,The impacts of environmental change on dispersal of large-seeded forest species by the emu,2014,Andrew P. Nield,Murdoch Research Repository (Murdoch University),I;C;F,I-F;C-F,yes,priority_multilayer_fragmentation,remaining_target_pair_candidate,pending_title_abstract_methods_screen,no
CFTQ0331,W1822791394,,The importance of bees in natural and agricultural ecosystems,2013,Paul R. Rhoades,,I;F,I-F,yes,priority_multilayer_fragmentation,remaining_target_pair_candidate,pending_title_abstract_methods_screen,no
CFTQ0332,W2181154483,,Does Individual Flower Density and Patch Level Conspecific Neighbor Density Affect Reproductive Success in a 'Golden Banner' Legume (FABACEAE)?,2012,Danny Minahan,CU Scholar (University of Colorado Boulder),I;F,I-F,yes,priority_multilayer_fragmentation,remaining_target_pair_candidate,pending_title_abstract_methods_screen,no
CFTQ0333,W1846264518,,"Reproductive and Genetic Consequences of Fragmentation in Chokecherry (Prunus virginiana, L.)",2011,Adriana Suarez‐Gonzalez,WinnSpace (University of Winnipeg),I;C;F;G_offspring,I-F;C-F,yes,priority_multilayer_fragmentation,remaining_target_pair_candidate,pending_title_abstract_methods_screen,no
CFTQ0334,W2545502807,,The Effects of Forest Fragmentation on the Reproductive Success of Spring Ephemeral Wildflowers and Their Pollinators,2011,Holly Lynn Schlotman,Journal of Bioresource Management,I;F,I-F,yes,priority_multilayer_fragmentation,remaining_target_pair_candidate,pending_title_abstract_methods_screen,no
CFTQ0335,W4109677,,Population dynamics and functional traits of annual plants - a comparative study on how rare and common arable weeds persist in agroecosystems,2011,Arne Saatkamp,University of Regensburg Publication Server (University of Regensburg),C;F,C-F,yes,priority_multilayer_fragmentation,remaining_target_pair_candidate,pending_title_abstract_methods_screen,no
CFTQ0336,W1572263715,,Orchids as Indicators of Ecosystem Health in Urban Bushland Fragments,2009,Belinda Newman,Murdoch Research Repository (Murdoch University),I;F,I-F,yes,priority_multilayer_fragmentation,remaining_target_pair_candidate,pending_title_abstract_methods_screen,no
CFTQ0337,W2942259356,,Ökologie und Biologie gefährdeter Stromtalpflanzen,2009,Christina Wärner,State and University Library Bremen,I;F,I-F,yes,priority_multilayer_fragmentation,remaining_target_pair_candidate,pending_title_abstract_methods_screen,no
CFTQ0338,W1590194586,,The importance of ecological factors in determining the pattern of interspecific hybridisation in fragmented landscapes of Eucalyptus aggregata,2008,David Luke Field,Research Online (University of Wollongong),I;C;F;G_offspring,I-F;C-F,yes,priority_multilayer_fragmentation,remaining_target_pair_candidate,pending_title_abstract_methods_screen,no
CFTQ0339,W2096697402,,"Flower predation by Zelleria maculata (Lepidoptera) on Peraxilla mistletoes: effects of latitude and fragmentation, and impact on fruit set",2008,Dave Kelly,,I;F,I-F,yes,priority_multilayer_fragmentation,remaining_target_pair_candidate,pending_title_abstract_methods_screen,no
CFTQ0340,W2504487289,,"Ecology, population genetics and conservation of the African violet (Saintpaulia, Gesneriaceae)",2008,Johanna Kolehmainen,,I;F;G_offspring,I-F,yes,priority_multilayer_fragmentation,remaining_target_pair_candidate,pending_title_abstract_methods_screen,no
CFTQ0341,W2756453751,,The Influence of Human Disturbance on Avian Frugivory and Seed Dispersal in a Neotropical Rainforest,2008,Kara L. Lefevre,TSpace (University of Toronto),C;F,C-F,yes,priority_multilayer_fragmentation,remaining_target_pair_candidate,pending_title_abstract_methods_screen,no
CFTQ0342,W2897635474,,Acacia saligna as a sustainable agroforestry crop for southern Australia: a genetic assessment.,2008,Melissa A. Millar,Adelaide Research & Scholarship (AR&S) (University of Adelaide),C;F;G_offspring,C-F,yes,priority_multilayer_fragmentation,remaining_target_pair_candidate,pending_title_abstract_methods_screen,no
CFTQ0343,W825133513,,Edge Influence on Reproductive Success of Symphoricarpos orbiculatus,2008,BreAnne M. Nott,Journal of Collective Bargaining in the Academy,C;F,C-F,yes,priority_multilayer_fragmentation,remaining_target_pair_candidate,pending_title_abstract_methods_screen,no
CFTQ0344,W2790835604,10.31390/gradschool_dissertations.3052,"Forest fragmentation effects on seed dispersal, seed fate, and fruit production of Duckeodendron cestroides and Bocageopsis multiflora in the Brazilian Amazon",2007,Jennifer M. Cramer,,C;F,C-F,yes,priority_multilayer_fragmentation,remaining_target_pair_candidate,pending_title_abstract_methods_screen,no
CFTQ0345,W2938330944,,A survey of the reproductive ecology and patterns of pollen-mediated gene flow in Eucalyptus camaldulensis and E.leucoxylon paddock trees.,2007,Kym M. Ottewell,Adelaide Research & Scholarship (AR&S) (University of Adelaide),I;C;F,I-F;C-F,yes,priority_multilayer_fragmentation,remaining_target_pair_candidate,pending_title_abstract_methods_screen,no
CFTQ0346,W81137557,,The spatial and temporal dynamics of plant-animal interactions in the forest herb Actaea spicata,2007,Hugo von Zeipel,KTH Publication Database DiVA (KTH Royal Institute of Technology),I;C;F,I-F;C-F,yes,priority_multilayer_fragmentation,remaining_target_pair_candidate,pending_title_abstract_methods_screen,no
CFTQ0347,W1509887802,,"Plant rarity: species distributional patterns, population genetics, pollination biology, and seed dispersal in Persoonia (Proteaceae)",2006,Paul D. Rymer,Research Online (University of Wollongong),I;C;F;G_adult,"I-F;C-F;G_adult-mean(I,F)",yes,priority_multilayer_fragmentation,remaining_target_pair_candidate,pending_title_abstract_methods_screen,no
CFTQ0348,W1585229432,,The pollination ecology and reproductive success of the Australian shrub Grevillea macleayana,2006,Samantha Lloyd,Research Online (University of Wollongong),I;C;F;G_adult,"I-F;C-F;G_adult-mean(I,F)",yes,priority_multilayer_fragmentation,remaining_target_pair_candidate,pending_title_abstract_methods_screen,no
CFTQ0349,W3185965240,,Forest fragmentation and plant-pollinator interactions in Western Kenya,2006,Thomas Bergsdorf,bonndoc (University of Bonn),I;C;F;G_adult,"I-F;C-F;G_adult-mean(I,F)",yes,priority_multilayer_fragmentation,remaining_target_pair_candidate,pending_title_abstract_methods_screen,no
CFTQ0350,W85193127,,The unseen costs of agricultural expansion across a rainforest landscape: depauperate pollinator communities and reduced yield in isolated crops,2005,Katie Pritchard,ResearchOnline - JCU (James Cook University),I;F,I-F,yes,priority_multilayer_fragmentation,remaining_target_pair_candidate,pending_title_abstract_methods_screen,no
CFTQ0351,W1493729869,,Reproductive and molecular biology of Eucalyptus marginata Donn ex Smith,2004,Margaret Wheeler,Murdoch Research Repository (Murdoch University),I;F;G_offspring,I-F,yes,priority_multilayer_fragmentation,remaining_target_pair_candidate,pending_title_abstract_methods_screen,no
CFTQ0352,W1873334843,10.25148/etd.fi14052571,Linking herbivory and pollination : costs and selection implications in Centrosema virginianum Bentham (Fabaceae: papilionoideae),2004,Yuria J. Cardel,,I;C;F,I-F;C-F,yes,priority_multilayer_fragmentation,remaining_target_pair_candidate,pending_title_abstract_methods_screen,no
CFTQ0353,W2095794850,10.18174/26743,Life history strategies and biomass allocation : the population dynamics of perennial plants in a regional perspective,2004,Eelke Jongejans,,C;F;G_offspring,C-F,yes,priority_multilayer_fragmentation,remaining_target_pair_candidate,pending_title_abstract_methods_screen,no
CFTQ0354,W211280215,,The effects of patch shape and connectivity on nest site selection and reproductive success of the Indigo Bunting,2004,Aimee J. Weldon,NCSU Libraries Repository (North Carolina State University Libraries),C;F,C-F,yes,priority_multilayer_fragmentation,remaining_target_pair_candidate,pending_title_abstract_methods_screen,no
CFTQ0355,W2154028194,,Conservation genetics and ecology of two rare grevillea species,2004,Tanya M. Llorens,Research Online (University of Wollongong),I;C;F;G_offspring,I-F;C-F,yes,priority_multilayer_fragmentation,remaining_target_pair_candidate,pending_title_abstract_methods_screen,no
CFTQ0356,W44208665,10.53846/goediss-1772,Die Bedeutung der Landschaftsstruktur für die Bienendiversität und Bestäubung auf unterschiedlichen räumlichen Skalen,2004,Christof Bürger,,I;F;G_adult,"I-F;G_adult-mean(I,F)",yes,priority_multilayer_fragmentation,remaining_target_pair_candidate,pending_title_abstract_methods_screen,no
CFTQ0357,W1503216209,10.53846/goediss-1814,"Bienen, Wespen und ihre Gegenspieler in Kaffee-Anbausystemen auf Sulawesi: Bestäubungserfolg, Interaktionen, Habitatbewertung",2003,Alexandra‐Maria Klein,,I;F,I-F,yes,priority_multilayer_fragmentation,remaining_target_pair_candidate,pending_title_abstract_methods_screen,no
CFTQ0358,W1581940846,,Can legislation deliver conservation?: an assessment of the Threatened Species Conservation Act 1995 (NSW) using two threatened plant species as case studies,2002,Claire L. Brown,Research Online (University of Wollongong),I;C;F,I-F;C-F,yes,priority_multilayer_fragmentation,remaining_target_pair_candidate,pending_title_abstract_methods_screen,no
CFTQ0359,W2104277638,,Mating Patterns in a Savanna Population of Valley Oak (Quercus lobata Neé) 1,2002,Victoria L. Sork,,C;F;G_offspring,C-F,yes,priority_multilayer_fragmentation,remaining_target_pair_candidate,pending_title_abstract_methods_screen,no
CFTQ0360,W619966949,,The Reproductive Biology of Candle Anenome,1999,Stephen D. Hendrix,Iowa Research Online (University of Iowa),I;C;F,I-F;C-F,yes,priority_multilayer_fragmentation,remaining_target_pair_candidate,pending_title_abstract_methods_screen,no
