Paper,ID,species,family,life.fo.cat,life.form,life.cycle,foliage,rep.sys,mating.sys,S.I.,outcross.rate,out.rate.unit,selfing.rate,t.pol,pol.clas,pol.v,t.disp,d.clas,d.vec,country,biome,clim.reg,meta,cohort.mean,pop.name,cohort.grp,cohort,Pob.desc,density,dsensity.unit,sampling.type,N,marker,no.markers,FSGS.significance,F(1),bF,Sp,Sp (SE),f o F,FST,FIS ,Ho,He,AR,Kinship.coefficient,Kinship.coefficient (citation),time.w/o.dist,time.from.dist,disturbance,dist.desc,dist.clas,dist.code,logging,experimental.fragmentation,opening.clearings,agriculture,farming,urbanization,mining,construction,roads,fire,silviculture,agrofoestry,plantations,fertilizers/pesticides,conserved,year,first.author,citation,reference,Sp,F1,B,correlogram,data
1,1,Olea europaea spp europaea var sylvestris,Oleaceae,tree/shrub,tree,Perennial,Evergreen,Monoecious,m.out,SI,NA,NA,NA,Abiotic,Ab,Wi,Biotic,Mix-l,Bi,Spain,Mediterranean forest,Temperate,N,N,P1,adult,adult,undisturbed forest of olive and Quercus,NA,NA,exhaustive adults (6 ha),225,microsatellites,8,Y,NA,NA,4.8999999999999998E-3,4.5999999999999999E-3,NA,NA,-1.38E-2,0.8226,0.81440000000000001,NA,Kinship coefficient,Loiselle et al 1995,NA,NA,und,undisturbed,U,P1-Sp1-U,N,N,N,N,N,N,N,N,N,N,N,N,N,N,Y,2017,Beghe,Beghe et al. 2017,"Beghé, D., Piotti, A., Satovic, Z., De La Rosa, R., Belaj, A., 2017. Pollen-mediated gene flow and fine-scale spatial genetic structure in Olea europaea subsp. europaea var. sylvestris. Ann. Bot. 119, 671–679. https://doi.org/10.1093/aob/mcw246",Y,N,N,Y,N
2,2,Prunus africana,Rosaceae,tree/shrub,tree,Perennial,Evergreen,Monoecious,m.out,NA,NA,NA,5 to 13,Biotic,Bs,In,Biotic,Mix-l,Pr,Kenya,Tropical deciduous rainforest,Tropical,N,N,P1.5,adult,adult,non-fragmented block surrounded by agriculture matrix,2.2000000000000001E-3,ind/m2,transects (22)  E to W,260,microsatellites,6,Y,7.0000000000000007E-2,-1.2999999999999999E-2,1.4E-2,NA,NA,NA,0.08,0.77,0.83,20.3,Kinship coefficient,Hardy & Vekemans 2002,<100 y,>100 y,log+agr,logging by clearing (before protection). Logging and bark harvesting surrounded by agriculture matrix,FM,P2-Sp1-FM,Y,N,N,Y,N,N,N,N,N,N,N,N,N,N,N,2014,Berens,Berens et al. 2014,"Berens, D.G., Braun, C., Gonzalez-Martinez, S.C., Griebeler, E.M., Nathan, R., Böhning-Gaese, K., 2014. Fine-scale spatial genetic dynamics over the life cycle of the tropical tree Prunus africana. Heredity (Edinb). 113, 401–407. https://doi.org/10.1038/hdy.2014.40",N,Y,Y,Y,doi:10.5061/dryad.39fs7.
4,4,Milicia excelsa,Moraceae,tree/shrub,tree,Perennial,Deciduous,Dioecious,m.out,NA,NA,NA,NA,Abiotic,Ab,Wi,Biotic,Mix-l,Ba,Cameroon,Tropical,Tropical,Y,N,P1,non-defined mixed,non-defined mixed,"Mindorou: moist semi-evergreen forest, high cover canopy",4.9000000000000004,tree/km2,near roads accesible by vehicule,104,microsatellites,8,Y,2.1999999999999999E-2,-6.3E-3,6.3E-3,1.6000000000000001E-3,NA,NA,0.184,NA,0.55300000000000005,NA,Kinship coefficient,Loiselle et al 1995,0 y,decades,agr,agriculture,FM,P4-Sp1-FM,N,N,N,Y,N,N,N,N,N,N,N,N,N,N,N,2009,Bizoux,Bizoux et al. 2009,"Bizoux, J.P., Daïnou, K., Bourland, N., Hardy, O.J., Heuertz, M., Mahy, G., Doucet, J.L., 2009. Spatial genetic structure in Milicia excelsa (Moraceae) indicates extensive gene dispersal in a low-density wind-pollinated tropical tree. Mol. Ecol. 18, 4398–4408. https://doi.org/10.1111/j.1365-294X.2009.04365.x",Y,Y,Y,Y,N
4,4,Milicia excelsa,Moraceae,tree/shrub,tree,Perennial,Deciduous,Dioecious,m.out,NA,NA,NA,NA,Abiotic,Ab,Wi,Biotic,Mix-l,Ba,Cameroon,Tropical,Tropical,Y,N,P2,non-defined mixed,non-defined mixed,Djoum: As Mindorou,19.600000000000001,tree/km2,near roads accesible by vehicule,54,microsatellites,8,Y,3.5000000000000003E-2,-1.01E-2,3.8999999999999998E-3,5.1000000000000004E-3,NA,NA,0.19800000000000001,NA,0.53100000000000003,NA,Kinship coefficient,Loiselle et al 1995,0 y,decades,agr,agriculture,FM,P4-Sp1-FM,N,N,N,Y,N,N,N,N,N,N,N,N,N,N,N,2009,Bizoux,Bizoux et al. 2009,"Bizoux, J.P., Daïnou, K., Bourland, N., Hardy, O.J., Heuertz, M., Mahy, G., Doucet, J.L., 2009. Spatial genetic structure in Milicia excelsa (Moraceae) indicates extensive gene dispersal in a low-density wind-pollinated tropical tree. Mol. Ecol. 18, 4398–4408. https://doi.org/10.1111/j.1365-294X.2009.04365.x",Y,Y,Y,Y,N
8,8,Carapa guianensis,Meliaceae,tree/shrub,tree,Perennial,Semideciduous,Monoecious,m.out,SC,0.91800000000000004,tm,NA,Biotic,Bs,In,Abiotic,Ab-s,Gr,Brazil,Tropical deciduous rainforest,Tropical,N,N,P1.1,adult,adult,FT adults; 400 ha ,2.5,tree/ha,random sampling of fruits from trees in plot,199,microsatellites,4,Y,NA,NA,4.4999999999999997E-3,2.3999999999999998E-3,NA,NA,2.9000000000000001E-2,NA,NA,NA,Kinship coefficient,Hardy 2003,0 y,uns,silv,managed forest,D,P8-Sp1-D,N,N,N,N,N,N,N,N,N,N,Y,N,N,N,N,2007,Cloutier,Cloutier et al. 2007,"Cloutier, D., Hardy, O.J., Caron, H., Ciampi, A.Y., Degen, B., Kanashiro, M., Schoen, D.J., 2007. Low Inbreeding and High Pollen Dispersal Distances in Populations of Two Amazonian Forest Tree Species. Biotropica 39, 406–415. https://doi.org/10.1111/j.1744-7429.2007.00266.x",Y,N,N,N,N
8,9,Sextonia rubra,Lauraceae,tree/shrub,tree,Perennial,Evergreen,Hermaphrodite,m.out,SC,0.94499999999999995,tm,NA,Biotic,Bs,In,Biotic,Mix-l,Bi,French Guiane,Tropical forest,Tropical,N,N,P1.1,adult,adult,PA adults; 16 lotes de estudio en 119 ha,1.3,tree/ha,random sampling of fruits from trees in plot,154,microsatellites,4,Y,8.0000000000000002E-3,NA,5.0000000000000001E-3,1E-3,NA,NA,7.5999999999999998E-2,NA,NA,NA,Kinship coefficient,Hardy 2003,0 y,uns,silv,managed forest,D,P8-Sp2-D,N,N,N,N,N,N,N,N,N,N,Y,N,N,N,N,2007,Cloutier,Cloutier et al. 2007,"Cloutier, D., Hardy, O.J., Caron, H., Ciampi, A.Y., Degen, B., Kanashiro, M., Schoen, D.J., 2007. Low Inbreeding and High Pollen Dispersal Distances in Populations of Two Amazonian Forest Tree Species. Biotropica 39, 406–415. https://doi.org/10.1111/j.1744-7429.2007.00266.x",Y,N,N,N,N
9,10,Notholithocarpus densiflorus,Fagaceae,tree/shrub,tree/shrub,Perennial,Evergreen,NA,m.out,NA,NA,NA,NA,Biotic,Bs,In,Biotic,Ab-s,Gr,USA,Forest,Tropical,Y,N,P2,non-defined mixed,non-defined mixed,Lowland humid,NA,NA,exhaustive sampling in patches (1/2 ha lowland),258,microsatellites,8,Y,NA,NA,1.6E-2,NA,NA,NA,0.05,NA,0.57999999999999996,3.8,Kinship coefficient,Loiselle et al 1995,<50 y,>50 y,fire,fire,D,P9-Sp1-D,N,N,N,N,N,N,N,N,N,Y,N,N,N,N,N,2013,Dodd,Dodd et al. 2013,"Dodd, R.S., Mayer, W., Nettel, A., Afzal-Rafii, Z., 2013. Clonal growth and fine-scale genetic structure in tanoak (Notholithocarpus densiflorus: Fagaceae). J. Hered. 104, 105–114. https://doi.org/10.1093/jhered/ess080",Y,N,N,Y,N
9,10,Notholithocarpus densiflorus,Fagaceae,tree/shrub,tree/shrub,Perennial,Evergreen,NA,m.out,NA,NA,NA,NA,Biotic,Bs,In,Biotic,Ab-s,Gr,USA,Forest,Tropical,Y,N,P4,non-defined mixed,non-defined mixed,Upland xeric,NA,NA,exhaustive sampling in patches (1/2 ha lowland),843,microsatellites,8,Y,NA,NA,0.01,NA,NA,NA,-0.01,NA,0.61,4,Kinship coefficient,Loiselle et al 1995,<50 y,>50 y,fire,"fire, more frequent",D,P9-Sp1-D,N,N,N,N,N,N,N,N,N,Y,N,N,N,N,N,2013,Dodd,Dodd et al. 2013,"Dodd, R.S., Mayer, W., Nettel, A., Afzal-Rafii, Z., 2013. Clonal growth and fine-scale genetic structure in tanoak (Notholithocarpus densiflorus: Fagaceae). J. Hered. 104, 105–114. https://doi.org/10.1093/jhered/ess080",Y,N,N,Y,N
9,10,Notholithocarpus densiflorus,Fagaceae,tree/shrub,tree/shrub,Perennial,Evergreen,NA,m.out,NA,NA,NA,NA,Biotic,Bs,In,Biotic,Ab-s,Gr,USA,Forest,Tropical,Y,N,P5,non-defined mixed,non-defined mixed,Upland xeric,NA,NA,exhaustive sampling in patches (1/2 ha lowland),573,microsatellites,8,Y,NA,NA,1.0999999999999999E-2,NA,NA,NA,-0.03,NA,0.56000000000000005,4,Kinship coefficient,Loiselle et al 1995,<50 y,>50 y,fire,"fire, more frequent",D,P9-Sp1-D,N,N,N,N,N,N,N,N,N,Y,N,N,N,N,N,2013,Dodd,Dodd et al. 2013,"Dodd, R.S., Mayer, W., Nettel, A., Afzal-Rafii, Z., 2013. Clonal growth and fine-scale genetic structure in tanoak (Notholithocarpus densiflorus: Fagaceae). J. Hered. 104, 105–114. https://doi.org/10.1093/jhered/ess080",Y,N,N,Y,N
9,10,Notholithocarpus densiflorus,Fagaceae,tree/shrub,tree/shrub,Perennial,Evergreen,NA,m.out,NA,NA,NA,NA,Biotic,Bs,In,Biotic,Ab-s,Gr,USA,Forest,Tropical,Y,N,P6,non-defined mixed,non-defined mixed,Upland xeric,NA,NA,exhaustive sampling in patches (1/2 ha lowland),651,microsatellites,8,Y,NA,NA,8.9999999999999993E-3,NA,NA,NA,-0.08,NA,0.57999999999999996,4.0999999999999996,Kinship coefficient,Loiselle et al 1995,<50 y,>50 y,fire,"fire, more frequent",D,P9-Sp1-D,N,N,N,N,N,N,N,N,N,Y,N,N,N,N,N,2013,Dodd,Dodd et al. 2013,"Dodd, R.S., Mayer, W., Nettel, A., Afzal-Rafii, Z., 2013. Clonal growth and fine-scale genetic structure in tanoak (Notholithocarpus densiflorus: Fagaceae). J. Hered. 104, 105–114. https://doi.org/10.1093/jhered/ess080",Y,N,N,Y,N
10,11,Baillonella toxisperma,Sapotaceae,tree/shrub,tree,Perennial,Deciduous,Hermaphrodite,mixed,SC,0.73,tm,NA,Biotic,Bs,In,Biotic,Mix-l,"El,Pr,Ro",Gabon,Rainforest,Tropical,N,N,P1,defined mixed,defined mixed,mature trees and saplings,NA,NA,exhaustive adults and representative for other cohorts,438,microsatellites,10,Y,NA,NA,9.4999999999999998E-3,3.7000000000000002E-3,NA,NA,NA,NA,NA,NA,Kinship coefficient,Loiselle et al 1995,<10 y,>20 y,silv,controlled logging 2010-2014,D,P10-Sp1-D,N,N,N,N,N,N,N,N,N,N,Y,N,N,N,N,2016,Duminil,Duminil et al. 2016a,"Duminil, J., Mendene Abessolo, D.T., Ndiade Bourobou, D., Doucet, J.L., Loo, J., Hardy, O.J., 2016. High selfing rate, limited pollen dispersal and inbreeding depression in the emblematic African rain forest tree Baillonella toxisperma – Management implications. For. Ecol. Manage. 379, 20–29. https://doi.org/10.1016/j.foreco.2016.08.003",Y,N,N,Y,N
11,12,Erythrophleum suaveolens,Fabaceae,tree/shrub,tree,Perennial,Evergreen,Hermaphrodite,mixed,SC,0.78200000000000003,tm,NA,Biotic,Bs,In,Abiotic,Ab-s,Gr,Cameroon,Semi-evergreen evergreen rainforest,Tropical,Y,N,P1.1,adult,adult,Cameroon adults;  never logged,1.72,ind/ha,max sampling in patch (47.5 y 100 ha)  and 3-4 transects,177,microsatellites,9,Y,5.5399999999999998E-2,NA,6.1000000000000004E-3,1.6000000000000001E-3,0.155,NA,NA,0.53100000000000003,0.628,5.03,Kinship coefficient,Loiselle et al 1995,NA,NA,und,"undisturbed, never logged",U,P11-Sp1-U,N,N,N,N,N,N,N,N,N,N,N,N,N,N,Y,2016,Duminil,Duminil et al. 2016,"Duminil, J., Daïnou, K., Kaviriri, D.K., Gillet, P., Loo, J., Doucet, J.L., Hardy, O.J., 2016. Relationships between population density, fine-scale genetic structure, mating system and pollen dispersal in a timber tree from African rainforests. Heredity (Edinb). 116, 295–303. https://doi.org/10.1038/hdy.2015.101",Y,Y,N,Y,http://dx.doi.org/10.5061/dryad.b78fb.
11,12,Erythrophleum suaveolens,Fabaceae,tree/shrub,tree,Perennial,Evergreen,Hermaphrodite,mixed,SC,0.81799999999999995,tm,NA,Biotic,Bs,In,Abiotic,Ab-s,Gr,DRC,Semi-evergreen evergreen rainforest,Tropical,Y,N,P2.1,adult,adult,DRC adults; never logged,0.68,ind/ha,max sampling in patch (47.5 y 100 ha)  and 3-4 transects,88,microsatellites,9,Y,4.1500000000000002E-2,NA,5.3E-3,1.1999999999999999E-3,0.11899999999999999,NA,NA,0.51200000000000001,0.58099999999999996,5.07,Kinship coefficient,Loiselle et al 1995,NA,NA,und,"undisturbed, never logged",U,P11-Sp1-U,N,N,N,N,N,N,N,N,N,N,N,N,N,N,Y,2016,Duminil,Duminil et al. 2016,"Duminil, J., Daïnou, K., Kaviriri, D.K., Gillet, P., Loo, J., Doucet, J.L., Hardy, O.J., 2016. Relationships between population density, fine-scale genetic structure, mating system and pollen dispersal in a timber tree from African rainforests. Heredity (Edinb). 116, 295–303. https://doi.org/10.1038/hdy.2015.101",Y,Y,N,Y,http://dx.doi.org/10.5061/dryad.b78fb.
11,12,Erythrophleum suaveolens,Fabaceae,tree/shrub,tree,Perennial,Evergreen,Hermaphrodite,mixed,SC,0.85,tm,NA,Biotic,Bs,In,Abiotic,Ab-s,Gr,Gabon,Semi-evergreen evergreen rainforest,Tropical,N,N,P3.1,adult,adult,Gabon adults;  2 logging events,0.11,ind/ha,intensive sampling 7000 ha,31,microsatellites,9,Y,4.7699999999999999E-2,NA,7.0000000000000001E-3,8.0999999999999996E-3,0.217,NA,NA,0.51500000000000001,0.65800000000000003,6.08,Kinship coefficient,Loiselle et al 1995,<10 y,>10 y,silv,2 logging events. First species was not logged. Second 60-70% big ind logged,D,P11-Sp1-D,N,N,N,N,N,N,N,N,N,N,Y,N,N,N,N,2016,Duminil,Duminil et al. 2016,"Duminil, J., Daïnou, K., Kaviriri, D.K., Gillet, P., Loo, J., Doucet, J.L., Hardy, O.J., 2016. Relationships between population density, fine-scale genetic structure, mating system and pollen dispersal in a timber tree from African rainforests. Heredity (Edinb). 116, 295–303. https://doi.org/10.1038/hdy.2015.101",Y,Y,N,Y,http://dx.doi.org/10.5061/dryad.b78fb.
13,14,Manikara maxima,Sapotaceae,tree/shrub,tree,Perennial,Evergreen,NA,m.out,NA,NA,NA,NA,Biotic,Bs,In,Biotic,Mix-l,"Ba,Bi,Pr",Brazil,Atlantic forest,Tropical,Y,N, P1.1,adult,adult,NE Adults; large fragment,4.13,stem/ha, (25 ha)  patches de 10 ha.,43,microsatellites,5,Y,NA,NA,1.7999999999999999E-2,NA,NA,NA,0.11,0.55000000000000004,0.63,NA,Multilocus relatedness coefficient; Kinship coefficient,Peakall & Smouse 2006; Loiselle et al 1995,uns,>30 y,log,"logging, big fragments",FL,P13-Sp1-FL,Y,N,N,N,N,N,N,N,N,N,N,N,N,N,N,2015,Ghanzorn,Ganzhorn et al. 2015,"Ganzhorn, S.M., Thomas, W.W., Gaiotto, F.A., Lewis, J.D., 2015. Spatial genetic structure of Manilkara maxima (Sapotaceae), a tree species from the Brazilian Atlantic forest. J. Trop. Ecol. 31, 437–447. https://doi.org/10.1017/S0266467415000292",Y,N,N,Y,N
13,14,Manikara maxima,Sapotaceae,tree/shrub,tree,Perennial,Evergreen,NA,m.out,NA,NA,NA,NA,Biotic,Bs,In,Biotic,Mix-l,"Ba,Bi,Pr",Brazil,Atlantic forest,Tropical,Y,N, P2.1,adult,adult,UE Adults; large fragment,4,stem/ha, (25 ha)  patches de 10 ha.,40,microsatellites,5,Y,NA,NA,0,NA,NA,NA,-0.08,0.54,0.5,NA,Multilocus relatedness coefficient; Kinship coefficient,Peakall & Smouse 2006; Loiselle et al 1995,uns,>30 y,log,"logging, big fragments",FL,P13-Sp1-FL,Y,N,N,N,N,N,N,N,N,N,N,N,N,N,N,2015,Ghanzorn,Ganzhorn et al. 2015,"Ganzhorn, S.M., Thomas, W.W., Gaiotto, F.A., Lewis, J.D., 2015. Spatial genetic structure of Manilkara maxima (Sapotaceae), a tree species from the Brazilian Atlantic forest. J. Trop. Ecol. 31, 437–447. https://doi.org/10.1017/S0266467415000292",Y,N,N,Y,N
13,14,Manikara maxima,Sapotaceae,tree/shrub,tree,Perennial,Evergreen,NA,m.out,NA,NA,NA,NA,Biotic,Bs,In,Biotic,Mix-l,"Ba,Bi,Pr",Brazil,Atlantic forest,Tropical,N,N, P3.1,adult,adult,LM Adults; little fragments (8),0.9,stem/ha, (25 ha)  patches de 10 ha. All fragment( 10 & 5 ha),60,microsatellites,5,Y,NA,NA,1.4E-2,NA,NA,NA,0.21,0.6,0.74,NA,Multilocus relatedness coefficient; Kinship coefficient,Peakall & Smouse 2006; Loiselle et al 1995,0 y,>30 y,log+agr,logging and crops,FM,P13-Sp1-FM,Y,N,N,Y,N,N,N,N,N,N,N,N,N,N,N,2015,Ghanzorn,Ganzhorn et al. 2015,"Ganzhorn, S.M., Thomas, W.W., Gaiotto, F.A., Lewis, J.D., 2015. Spatial genetic structure of Manilkara maxima (Sapotaceae), a tree species from the Brazilian Atlantic forest. J. Trop. Ecol. 31, 437–447. https://doi.org/10.1017/S0266467415000292",Y,N,N,Y,N
15,18,Dycorynia guianensis,Fabaceae,tree/shrub,tree,Perennial,Evergreen,Hermaphrodite,NA,NA,NA,NA,NA,Biotic,Bs,In,Mixed,T-s,"Ro,Wi",French Guiane,Tropical forest,Tropical,N,N,P1.2,non-defined mixed,non-defined mixed,Paracou,3.51,ind/ha,exhaustive trees dbh >10 cm,181,microsatellites,7,Y,0.1,NA,2.5999999999999999E-2,4.0000000000000001E-3,5.0000000000000001E-3,NA,NA,NA,NA,NA,Kinship coefficient,Hardy 2003,NA,NA,und,undisturbed,U,P15-Sp3-U,N,N,N,N,N,N,N,N,N,N,N,N,N,N,Y,2006,Hardy,Hardy et al. 2006,"Hardy, O.J., Maggia, L., Bandou, E., Breyne, P., Caron, H., Chevallier, M.H., Doligez, A., Dutech, C., Kremer, A., Latouche-Hallé, C., Troispoux, V., Veron, V., Degen, B., 2006. Fine-scale genetic structure and gene dispersal inferences in 10 Neotropical tree species. Mol. Ecol. 15, 559–571. https://doi.org/10.1111/j.1365-294X.2005.02785.x",Y,Y,N,Y,N
15,18,Dycorynia guianensis,Fabaceae,tree/shrub,tree,Perennial,Evergreen,Hermaphrodite,NA,NA,NA,NA,NA,Biotic,Bs,In,Mixed,T-s,"Ro,Wi",French Guiane,Tropical forest,Tropical,N,N,P2.1,non-defined mixed,non-defined mixed,Counami,3.6,ind/ha,exhaustive trees dbh >10 cm,140,RAPD,7,Y,0.03,NA,1.9E-2,3.0000000000000001E-3,NA,NA,NA,NA,NA,NA,Kinship coefficient,Hardy 2003,NA,NA,und,pristine,U,P15-Sp3-U,N,N,N,N,N,N,N,N,N,N,N,N,N,N,Y,2006,Hardy,Hardy et al. 2006,"Hardy, O.J., Maggia, L., Bandou, E., Breyne, P., Caron, H., Chevallier, M.H., Doligez, A., Dutech, C., Kremer, A., Latouche-Hallé, C., Troispoux, V., Veron, V., Degen, B., 2006. Fine-scale genetic structure and gene dispersal inferences in 10 Neotropical tree species. Mol. Ecol. 15, 559–571. https://doi.org/10.1111/j.1365-294X.2005.02785.x",Y,Y,N,Y,N
15,21,Moronobea coccinea,Clusiaceae,tree/shrub,tree,Perennial,NA,Hermaphrodite,NA,NA,NA,NA,NA,Biotic,Bmx,Bi,Biotic,T-s,Ro,French Guiane,Tropical forest,Tropical,N,N,P1,non-defined mixed,non-defined mixed,Paracou,1.63,ind/ha,exhaustive trees dbh >10 cm,68,RAPD,13,Y,0.114,NA,5.2999999999999999E-2,1.4999999999999999E-2,NA,NA,NA,NA,NA,NA,Kinship coefficient,Hardy 2003,NA,NA,und,undisturbed,U,P15-Sp6-U,N,N,N,N,N,N,N,N,N,N,N,N,N,N,Y,2006,Hardy,Hardy et al. 2006,"Hardy, O.J., Maggia, L., Bandou, E., Breyne, P., Caron, H., Chevallier, M.H., Doligez, A., Dutech, C., Kremer, A., Latouche-Hallé, C., Troispoux, V., Veron, V., Degen, B., 2006. Fine-scale genetic structure and gene dispersal inferences in 10 Neotropical tree species. Mol. Ecol. 15, 559–571. https://doi.org/10.1111/j.1365-294X.2005.02785.x",Y,Y,N,Y,N
15,22,Sextonia rubra,Lauraceae,tree/shrub,tree,Perennial,Evergreen,Hermaphrodite,NA,NA,NA,NA,NA,Biotic,Bs,In,Biotic,Mix-l,Bi,French Guiane,Tropical forest,Tropical,N,N,P1.1,non-defined mixed,non-defined mixed,Paracou,1.73,ind/ha,exhaustive trees dbh >10 cm,202,microsatellites,5,Y,8.0000000000000002E-3,NA,5.0000000000000001E-3,1E-3,7.5999999999999998E-2,NA,NA,NA,NA,NA,Kinship coefficient,Hardy 2003,NA,NA,und,undisturbed,U,P15-Sp7-U,N,N,N,N,N,N,N,N,N,N,N,N,N,N,Y,2006,Hardy,Hardy et al. 2006,"Hardy, O.J., Maggia, L., Bandou, E., Breyne, P., Caron, H., Chevallier, M.H., Doligez, A., Dutech, C., Kremer, A., Latouche-Hallé, C., Troispoux, V., Veron, V., Degen, B., 2006. Fine-scale genetic structure and gene dispersal inferences in 10 Neotropical tree species. Mol. Ecol. 15, 559–571. https://doi.org/10.1111/j.1365-294X.2005.02785.x",Y,Y,N,Y,N
15,23,Symphonia globulifera,Clusiaceae,tree/shrub,tree,Perennial,Evergreen,Hermaphrodite,NA,NA,NA,NA,NA,Biotic,Bmx,Bi,Biotic,Mix-l,Ba,French Guiane,Tropical forest,Tropical,N,N,P1.1,non-defined mixed,non-defined mixed,Paracou,6.12,ind/ha,exhaustive trees dbh >10 cm,156,microsatellites,3,Y,2.5000000000000001E-2,NA,7.0000000000000001E-3,3.0000000000000001E-3,0.17,NA,NA,NA,NA,NA,Kinship coefficient,Hardy 2003,NA,NA,und,undisturbed,U,P15-Sp8-U,N,N,N,N,N,N,N,N,N,N,N,N,N,N,Y,2006,Hardy,Hardy et al. 2006,"Hardy, O.J., Maggia, L., Bandou, E., Breyne, P., Caron, H., Chevallier, M.H., Doligez, A., Dutech, C., Kremer, A., Latouche-Hallé, C., Troispoux, V., Veron, V., Degen, B., 2006. Fine-scale genetic structure and gene dispersal inferences in 10 Neotropical tree species. Mol. Ecol. 15, 559–571. https://doi.org/10.1111/j.1365-294X.2005.02785.x",Y,Y,N,Y,N
15,25,Vouacapoua americana,Fabaceae,tree/shrub,tree,Perennial,Semideciduous,Hermaphrodite,NA,NA,NA,NA,NA,Biotic,Bs,In,Biotic,T-s,Ro,French Guiane,Tropical forest,Tropical,Y,N,P1.1,non-defined mixed,non-defined mixed,Paracou,6.27,ind/ha,exhaustive trees dbh >10 cm,187,microsatellites,6,Y,0.13,NA,5.0999999999999997E-2,8.9999999999999993E-3,3.5999999999999997E-2,NA,NA,NA,NA,NA,Kinship coefficient,Hardy 2003,NA,NA,und,undisturbed,U,P15-Sp10-U,N,N,N,N,N,N,N,N,N,N,N,N,N,N,Y,2006,Hardy,Hardy et al. 2006,"Hardy, O.J., Maggia, L., Bandou, E., Breyne, P., Caron, H., Chevallier, M.H., Doligez, A., Dutech, C., Kremer, A., Latouche-Hallé, C., Troispoux, V., Veron, V., Degen, B., 2006. Fine-scale genetic structure and gene dispersal inferences in 10 Neotropical tree species. Mol. Ecol. 15, 559–571. https://doi.org/10.1111/j.1365-294X.2005.02785.x",Y,Y,N,Y,N
15,25,Vouacapoua americana,Fabaceae,tree/shrub,tree,Perennial,Semideciduous,Hermaphrodite,NA,NA,NA,NA,NA,Biotic,Bs,In,Biotic,T-s,Ro,French Guiane,Tropical forest,Tropical,Y,N,P2.1,non-defined mixed,non-defined mixed,Counami,4.16,ind/ha,exhaustive trees dbh >10 cm,1564,microsatellites,6,Y,5.8000000000000003E-2,NA,1.2E-2,6.0000000000000001E-3,0.186,NA,NA,NA,NA,NA,Kinship coefficient,Hardy 2003,NA,NA,und,pristine,U,P15-Sp10-U,N,N,N,N,N,N,N,N,N,N,N,N,N,N,Y,2006,Hardy,Hardy et al. 2006,"Hardy, O.J., Maggia, L., Bandou, E., Breyne, P., Caron, H., Chevallier, M.H., Doligez, A., Dutech, C., Kremer, A., Latouche-Hallé, C., Troispoux, V., Veron, V., Degen, B., 2006. Fine-scale genetic structure and gene dispersal inferences in 10 Neotropical tree species. Mol. Ecol. 15, 559–571. https://doi.org/10.1111/j.1365-294X.2005.02785.x",Y,Y,N,Y,N
16,27,Ficus yoponensis,Moraceae,tree/shrub,tree,Perennial,Evergreen,Monoecious,NA,NA,NA,NA,NA,Biotic,Bs,In,Biotic,Mix-l,Ba,Republic of Panama,Moist tropical forest,Tropical,N,N,P1,non-defined mixed,non-defined mixed,BCI,NA,NA,sampling of numerous ind,37,microsatellites,8,Y,1.4E-2,-8.2000000000000007E-3,8.3000000000000001E-3,1.24E-2,NA,NA,-5.6000000000000001E-2,NA,0.64,NA,Kinship coefficient,Loiselle et al 1995,<150 y,>150 y,agr,agriculture,FM,P16-Sp2-FM,N,N,N,Y,N,N,N,N,N,N,N,N,N,N,N,2015,Heer,Heer et al. 2015,"Heer, K., Kalko, E.K.V., Albrecht, L., García-Villacorta, R., Staeps, F.C., Herre, E.A., Dick, C.W., 2015. Spatial scales of genetic structure in free-standing and strangler figs (Ficus, Moraceae) inhabiting neotropical forests. PLoS One 10, 1–18. https://doi.org/10.1371/journal.pone.0133581",Y,Y,Y,Y,https://doi.org/10.1371/journal.pone.0133581.s001
17,28,Fagus sylvatica,Fagaceae,tree/shrub,tree,Perennial,Deciduous,Monoecious,m.out,NA,NA,NA,NA,Abiotic,Ab,Wi,Abiotic,Ab-s,Gr,Spain,Temperate forest,Temperate,Y,N,P1,non-adult,juvenil,Bergueda,682.67,tree/ha,150 trees,150,AFLP,6,Y,NA,NA,2.2200000000000001E-2,1.2999999999999999E-3,NA,NA,NA,NA,NA,NA,Kinship coefficient,Hardy 2003,NA,uns,und,w/o recent disturbance,U,P17-Sp1-U,N,N,N,N,N,N,N,N,N,N,N,N,N,N,Y,2012,Jump,Jump et al. 2012,"Jump, A.S., Rico, L., Coll, M., Peñuelas, J., 2012. Wide variation in spatial genetic structure between natural populations of the European beech (Fagus sylvatica) and its implications for SGS comparability. Heredity (Edinb). 108, 633–639. https://doi.org/10.1038/hdy.2012.1",Y,N,N,Y,doi:10.5061/dryad.6qg398d1
17,28,Fagus sylvatica,Fagaceae,tree/shrub,tree,Perennial,Deciduous,Monoecious,m.out,NA,NA,NA,NA,Abiotic,Ab,Wi,Abiotic,Ab-s,Gr,Spain,Temperate forest,Temperate,Y,N,P2,non-adult,juvenil,Vail d Aran,573.58000000000004,tree/ha,150 trees,150,AFLP,6,Y,NA,NA,1.6199999999999999E-2,1.4E-3,NA,NA,NA,NA,NA,NA,Kinship coefficient,Hardy 2003,NA,uns,und,w/o recent disturbance,U,P17-Sp1-U,N,N,N,N,N,N,N,N,N,N,N,N,N,N,Y,2012,Jump,Jump et al. 2012,"Jump, A.S., Rico, L., Coll, M., Peñuelas, J., 2012. Wide variation in spatial genetic structure between natural populations of the European beech (Fagus sylvatica) and its implications for SGS comparability. Heredity (Edinb). 108, 633–639. https://doi.org/10.1038/hdy.2012.1",Y,N,N,Y,doi:10.5061/dryad.6qg398d2
17,28,Fagus sylvatica,Fagaceae,tree/shrub,tree,Perennial,Deciduous,Monoecious,m.out,NA,NA,NA,NA,Abiotic,Ab,Wi,Abiotic,Ab-s,Gr,Spain,Temperate forest,Temperate,Y,N,P3,non-adult,juvenil,Ripolles,552.07000000000005,tree/ha,150 trees,150,AFLP,6,Y,NA,NA,1.03E-2,8.9999999999999998E-4,NA,NA,NA,NA,NA,NA,Kinship coefficient,Hardy 2003,NA,uns,und,w/o recent disturbance,U,P17-Sp1-U,N,N,N,N,N,N,N,N,N,N,N,N,N,N,Y,2012,Jump,Jump et al. 2012,"Jump, A.S., Rico, L., Coll, M., Peñuelas, J., 2012. Wide variation in spatial genetic structure between natural populations of the European beech (Fagus sylvatica) and its implications for SGS comparability. Heredity (Edinb). 108, 633–639. https://doi.org/10.1038/hdy.2012.1",Y,N,N,Y,doi:10.5061/dryad.6qg398d3
17,28,Fagus sylvatica,Fagaceae,tree/shrub,tree,Perennial,Deciduous,Monoecious,m.out,NA,NA,NA,NA,Abiotic,Ab,Wi,Abiotic,Ab-s,Gr,Spain,Temperate forest,Temperate,Y,N,P4,non-adult,juvenil,Montseny,542.14,tree/ha,150 trees,150,AFLP,6,Y,NA,NA,5.4000000000000003E-3,6.9999999999999999E-4,NA,NA,NA,NA,NA,NA,Kinship coefficient,Hardy 2003,NA,uns,und,w/o recent disturbance,U,P17-Sp1-U,N,N,N,N,N,N,N,N,N,N,N,N,N,N,Y,2012,Jump,Jump et al. 2012,"Jump, A.S., Rico, L., Coll, M., Peñuelas, J., 2012. Wide variation in spatial genetic structure between natural populations of the European beech (Fagus sylvatica) and its implications for SGS comparability. Heredity (Edinb). 108, 633–639. https://doi.org/10.1038/hdy.2012.1",Y,N,N,Y,doi:10.5061/dryad.6qg398d4
19,30,Adansonia digitata,Malvaceae,tree/shrub,tree,Perennial,Deciduous,NA,m.out,NA,NA,NA,NA,Biotic,Bmx,Ba,Biotic,Mix-l,Ba,Republic of Benin,Savanna,Tropical,Y,N,P1,non-defined mixed,non-defined mixed,Benin,5,ind/km2,random sampling ind (15-29),29,AFLP,5,Y,NA,NA,1.2E-2,NA,NA,NA,NA,NA,0.3,NA,Kinship coefficient,Hardy 2003,0 y,uns,agfor,agroforestry and  high human influence,D,P19-Sp1-D,N,N,N,N,N,N,N,N,N,N,N,Y,N,N,N,2009,Kyndt,Kyndt et al. 2009,"Kyndt, T., Assogbadjo, A.E., Hardy, O.J., Kaka’Ï, R.G., Sinsin, B., Van Damme, P., Gheysen, G., 2009. Spatial genetic structuring of baobab (Adansonia digitata, Malvaceae) in the traditional agroforestry systems of west africa. Am. J. Bot. 96, 950–957. https://doi.org/10.3732/ajb.0800266",Y,N,N,Y,N
19,30,Adansonia digitata,Malvaceae,tree/shrub,tree,Perennial,Deciduous,NA,m.out,NA,NA,NA,NA,Biotic,Bmx,Ba,Biotic,Mix-l,Ba,Burkina Faso,Savanna,Tropical,Y,N,P10,non-defined mixed,non-defined mixed,Burkina Faso,6,ind/km2,random sampling ind (15-29),26,AFLP,5,Y,NA,NA,4.9000000000000002E-2,NA,NA,NA,NA,NA,0.32,NA,Kinship coefficient,Hardy 2003,0 y,uns,agfor,agroforestry and human influence,D,P19-Sp1-D,N,N,N,N,N,N,N,N,N,N,N,Y,N,N,N,2009,Kyndt,Kyndt et al. 2009,"Kyndt, T., Assogbadjo, A.E., Hardy, O.J., Kaka’Ï, R.G., Sinsin, B., Van Damme, P., Gheysen, G., 2009. Spatial genetic structuring of baobab (Adansonia digitata, Malvaceae) in the traditional agroforestry systems of west africa. Am. J. Bot. 96, 950–957. https://doi.org/10.3732/ajb.0800266",Y,N,N,Y,N
19,30,Adansonia digitata,Malvaceae,tree/shrub,tree,Perennial,Deciduous,NA,m.out,NA,NA,NA,NA,Biotic,Bmx,Ba,Biotic,Mix-l,Ba,Republic of Ghana,Savanna,Tropical,Y,N,P4,non-defined mixed,non-defined mixed,Ghana,4,ind/km2,random sampling ind (15-29),28,AFLP,5,Y,NA,NA,1.9E-2,NA,NA,NA,NA,NA,0.32,NA,Kinship coefficient,Hardy 2003,0 y,uns,agfor,agroforestry and human influence,D,P19-Sp1-D,N,N,N,N,N,N,N,N,N,N,N,Y,N,N,N,2009,Kyndt,Kyndt et al. 2009,"Kyndt, T., Assogbadjo, A.E., Hardy, O.J., Kaka’Ï, R.G., Sinsin, B., Van Damme, P., Gheysen, G., 2009. Spatial genetic structuring of baobab (Adansonia digitata, Malvaceae) in the traditional agroforestry systems of west africa. Am. J. Bot. 96, 950–957. https://doi.org/10.3732/ajb.0800266",Y,N,N,Y,N
19,30,Adansonia digitata,Malvaceae,tree/shrub,tree,Perennial,Deciduous,NA,m.out,NA,NA,NA,NA,Biotic,Bmx,Ba,Biotic,Mix-l,Ba,Republic of Senegal,Savanna,Tropical,Y,N,P8,non-defined mixed,non-defined mixed,Senegal,7,ind/km2,random sampling ind (15-29),26,AFLP,5,Y ,NA,NA,1.0999999999999999E-2,NA,NA,NA,NA,NA,0.27,NA,Kinship coefficient,Hardy 2003,0 y,uns,agfor,agroforestry and less human influence,D,P19-Sp1-D,N,N,N,N,N,N,N,N,N,N,N,Y,N,N,N,2009,Kyndt,Kyndt et al. 2009,"Kyndt, T., Assogbadjo, A.E., Hardy, O.J., Kaka’Ï, R.G., Sinsin, B., Van Damme, P., Gheysen, G., 2009. Spatial genetic structuring of baobab (Adansonia digitata, Malvaceae) in the traditional agroforestry systems of west africa. Am. J. Bot. 96, 950–957. https://doi.org/10.3732/ajb.0800266",Y,N,N,Y,N
19,30,Adansonia digitata,Malvaceae,tree/shrub,tree,Perennial,Deciduous,NA,m.out,NA,NA,NA,NA,Biotic,Bmx,Ba,Biotic,Mix-l,Ba,Burkina Faso,Savanna,Tropical,Y,N,P9,non-defined mixed,non-defined mixed,Burkina Faso,6,ind/km2,random sampling ind (15-29),22,AFLP,5,Y,NA,NA,4.5999999999999999E-2,NA,NA,NA,NA,NA,0.32,NA,Kinship coefficient,Hardy 2003,0 y,uns,agfor,agroforestry and human influence,D,P19-Sp1-D,N,N,N,N,N,N,N,N,N,N,N,Y,N,N,N,2009,Kyndt,Kyndt et al. 2009,"Kyndt, T., Assogbadjo, A.E., Hardy, O.J., Kaka’Ï, R.G., Sinsin, B., Van Damme, P., Gheysen, G., 2009. Spatial genetic structuring of baobab (Adansonia digitata, Malvaceae) in the traditional agroforestry systems of west africa. Am. J. Bot. 96, 950–957. https://doi.org/10.3732/ajb.0800266",Y,N,N,Y,N
20,31,Schinus molle,Anacardiaceae,tree/shrub,tree,Perennial,Evergreen,NA,NA,NA,NA,NA,NA,Biotic,Bs,In,Mixed,Mix-l,"Bi, MMa",Brazil,Savanna,Tropical,Y,N,P1,adult,adult,DP,1.55,tree/ha,"27-32 adults, aprox. 70-95% adults",30,AFLP,2,Y,4.0500000000000001E-2,-8.6E-3,8.8999999999999999E-3,NA,NA,NA,NA,NA,0.18,NA,Kinship coefficient,Hardy 2003,0 y,uns,agr+urb,"fragmented by grassland, crops or urbanization",FH,P20-Sp1-FH,N,N,N,Y,N,Y,N,N,N,N,N,N,N,N,N,2015,Lemos,Lemos et al. 2015,"Lemos, R.P.M., D’Oliveira, C.B., Stefenon, V.M., 2015. Genetic structure and internal gene flow in populations of Schinus molle (Anacardiaceae) in the Brazilian Pampa. Tree Genet. Genomes 11. https://doi.org/10.1007/s11295-015-0885-7",Y,Y,Y,Y,https://treegenesdb.org/tpps_details/accession/TGDR045
20,31,Schinus molle,Anacardiaceae,tree/shrub,tree,Perennial,Evergreen,NA,NA,NA,NA,NA,NA,Biotic,Bs,In,Mixed,Mix-l,"Bi, MMa",Brazil,Savanna,Tropical,Y,N,P2,adult,adult,BG,0.16,tree/ha,"27-32 adults, aprox. 70-95% adults",30,AFLP,2,Y,5.2600000000000001E-2,-1.7500000000000002E-2,1.8499999999999999E-2,NA,NA,NA,NA,NA,0.23,NA,Kinship coefficient,Hardy 2003,0 y,uns,agr+urb,"fragmented by grassland, crops or urbanization",FH,P20-Sp1-FH,N,N,N,Y,N,Y,N,N,N,N,N,N,N,N,N,2015,Lemos,Lemos et al. 2015,"Lemos, R.P.M., D’Oliveira, C.B., Stefenon, V.M., 2015. Genetic structure and internal gene flow in populations of Schinus molle (Anacardiaceae) in the Brazilian Pampa. Tree Genet. Genomes 11. https://doi.org/10.1007/s11295-015-0885-7",Y,Y,Y,Y,https://treegenesdb.org/tpps_details/accession/TGDR046
20,31,Schinus molle,Anacardiaceae,tree/shrub,tree,Perennial,Evergreen,NA,NA,NA,NA,NA,NA,Biotic,Bs,In,Mixed,Mix-l,"Bi, MMa",Brazil,Savanna,Tropical,Y,N,P3,adult,adult,SG,32.67,tree/ha,"27-32 adults, aprox. 70-95% adults",27,AFLP,2,Y,5.9400000000000001E-2,-2.5700000000000001E-2,2.7300000000000001E-2,NA,NA,NA,NA,NA,0.16,NA,Kinship coefficient,Hardy 2003,0 y,uns,agr+urb,"fragmented by grassland, crops or urbanization",FH,P20-Sp1-FH,N,N,N,Y,N,Y,N,N,N,N,N,N,N,N,N,2015,Lemos,Lemos et al. 2015,"Lemos, R.P.M., D’Oliveira, C.B., Stefenon, V.M., 2015. Genetic structure and internal gene flow in populations of Schinus molle (Anacardiaceae) in the Brazilian Pampa. Tree Genet. Genomes 11. https://doi.org/10.1007/s11295-015-0885-7",Y,Y,Y,Y,https://treegenesdb.org/tpps_details/accession/TGDR047
20,31,Schinus molle,Anacardiaceae,tree/shrub,tree,Perennial,Evergreen,NA,NA,NA,NA,NA,NA,Biotic,Bs,In,Mixed,Mix-l,"Bi, MMa",Brazil,Savanna,Tropical,Y,N,P4,adult,adult,SL,3.69,tree/ha,"27-32 adults, aprox. 70-95% adults",32,AFLP,2,Y,6.1800000000000001E-2,-1.44E-2,1.54E-2,NA,NA,NA,NA,NA,0.14000000000000001,NA,Kinship coefficient,Hardy 2003,0 y,uns,agr+urb,"fragmented by grassland, crops or urbanization",FH,P20-Sp1-FH,N,N,N,Y,N,Y,N,N,N,N,N,N,N,N,N,2015,Lemos,Lemos et al. 2015,"Lemos, R.P.M., D’Oliveira, C.B., Stefenon, V.M., 2015. Genetic structure and internal gene flow in populations of Schinus molle (Anacardiaceae) in the Brazilian Pampa. Tree Genet. Genomes 11. https://doi.org/10.1007/s11295-015-0885-7",Y,Y,Y,Y,https://treegenesdb.org/tpps_details/accession/TGDR048
20,31,Schinus molle,Anacardiaceae,tree/shrub,tree,Perennial,Evergreen,NA,NA,NA,NA,NA,NA,Biotic,Bs,In,Mixed,Mix-l,"Bi, MMa",Brazil,Savanna,Tropical,Y,N,P5,adult,adult,MV,0.76,tree/ha,"27-32 adults, aprox. 70-95% adults",32,AFLP,2,Y,5.2999999999999999E-2,-9.1000000000000004E-3,9.5999999999999992E-3,NA,NA,NA,NA,NA,0.17,NA,Kinship coefficient,Hardy 2003,0 y,uns,agr+urb,"fragmented by grassland, crops or urbanization",FH,P20-Sp1-FH,N,N,N,Y,N,Y,N,N,N,N,N,N,N,N,N,2015,Lemos,Lemos et al. 2015,"Lemos, R.P.M., D’Oliveira, C.B., Stefenon, V.M., 2015. Genetic structure and internal gene flow in populations of Schinus molle (Anacardiaceae) in the Brazilian Pampa. Tree Genet. Genomes 11. https://doi.org/10.1007/s11295-015-0885-7",Y,Y,Y,Y,https://treegenesdb.org/tpps_details/accession/TGDR049
20,31,Schinus molle,Anacardiaceae,tree/shrub,tree,Perennial,Evergreen,NA,NA,NA,NA,NA,NA,Biotic,Bs,In,Mixed,Mix-l,"Bi, MMa",Brazil,Savanna,Tropical,Y,N,P6,adult,adult,AL,31.75,tree/ha,"27-32 adults, aprox. 70-95% adults",32,AFLP,2,Y,3.4700000000000002E-2,-8.5000000000000006E-3,8.8999999999999999E-3,NA,NA,NA,NA,NA,0.13,NA,Kinship coefficient,Hardy 2003,0 y,uns,agr+urb,"fragmented by grassland, crops or urbanization",FH,P20-Sp1-FH,N,N,N,Y,N,Y,N,N,N,N,N,N,N,N,N,2015,Lemos,Lemos et al. 2015,"Lemos, R.P.M., D’Oliveira, C.B., Stefenon, V.M., 2015. Genetic structure and internal gene flow in populations of Schinus molle (Anacardiaceae) in the Brazilian Pampa. Tree Genet. Genomes 11. https://doi.org/10.1007/s11295-015-0885-7",Y,Y,Y,Y,https://treegenesdb.org/tpps_details/accession/TGDR050
20,31,Schinus molle,Anacardiaceae,tree/shrub,tree,Perennial,Evergreen,NA,NA,NA,NA,NA,NA,Biotic,Bs,In,Mixed,Mix-l,"Bi, MMa",Brazil,Savanna,Tropical,Y,N,P7,adult,adult,CS,2.52,tree/ha,"27-32 adults, aprox. 70-95% adults",31,AFLP,2,Y,3.7699999999999997E-2,-1.41E-2,1.46E-2,NA,NA,NA,NA,NA,0.1,NA,Kinship coefficient,Hardy 2003,0 y,uns,agr+urb,"fragmented by grassland, crops or urbanization",FH,P20-Sp1-FH,N,N,N,Y,N,Y,N,N,N,N,N,N,N,N,N,2015,Lemos,Lemos et al. 2015,"Lemos, R.P.M., D’Oliveira, C.B., Stefenon, V.M., 2015. Genetic structure and internal gene flow in populations of Schinus molle (Anacardiaceae) in the Brazilian Pampa. Tree Genet. Genomes 11. https://doi.org/10.1007/s11295-015-0885-7",Y,Y,Y,Y,https://treegenesdb.org/tpps_details/accession/TGDR051
20,31,Schinus molle,Anacardiaceae,tree/shrub,tree,Perennial,Evergreen,NA,NA,NA,NA,NA,NA,Biotic,Bs,In,Mixed,Mix-l,"Bi, MMa",Brazil,Savanna,Tropical,Y,N,P8,adult,adult,VN,198.02,tree/ha,"27-32 adults, aprox. 70-95% adults",32,AFLP,2,Y,8.4199999999999997E-2,-3.5999999999999997E-2,3.9300000000000002E-2,NA,NA,NA,NA,NA,0.06,NA,Kinship coefficient,Hardy 2003,0 y,uns,agr+urb,"fragmented by grassland, crops or urbanization",FH,P20-Sp1-FH,N,N,N,Y,N,Y,N,N,N,N,N,N,N,N,N,2015,Lemos,Lemos et al. 2015,"Lemos, R.P.M., D’Oliveira, C.B., Stefenon, V.M., 2015. Genetic structure and internal gene flow in populations of Schinus molle (Anacardiaceae) in the Brazilian Pampa. Tree Genet. Genomes 11. https://doi.org/10.1007/s11295-015-0885-7",Y,Y,Y,Y,https://treegenesdb.org/tpps_details/accession/TGDR052
20,31,Schinus molle,Anacardiaceae,tree/shrub,tree,Perennial,Evergreen,NA,NA,NA,NA,NA,NA,Biotic,Bs,In,Mixed,Mix-l,"Bi, MMa",Brazil,Savanna,Tropical,Y,N,P9,adult,adult,QI,90.17,tree/ha,"27-32 adults, aprox. 70-95% adults",32,AFLP,2,Y,9.7699999999999995E-2,-4.3999999999999997E-2,4.87E-2,NA,NA,NA,NA,NA,0.2,NA,Kinship coefficient,Hardy 2003,0 y,uns,agr+urb,"fragmented by grassland, crops or urbanization",FH,P20-Sp1-FH,N,N,N,Y,N,Y,N,N,N,N,N,N,N,N,N,2015,Lemos,Lemos et al. 2015,"Lemos, R.P.M., D’Oliveira, C.B., Stefenon, V.M., 2015. Genetic structure and internal gene flow in populations of Schinus molle (Anacardiaceae) in the Brazilian Pampa. Tree Genet. Genomes 11. https://doi.org/10.1007/s11295-015-0885-7",Y,Y,Y,Y,https://treegenesdb.org/tpps_details/accession/TGDR053
21,32,Quercus rubra,Fagaceae,tree/shrub,tree,Perennial,Deciduous,NA,m.out,NA,NA,NA,NA,Abiotic,Ab,Wi,Mixed,Ab-s,Gr,USA,Temperate forest,Temperate,Y,N,P5,non-defined mixed,non-defined mixed,"HMR-IH UnM, DBH>10cm",NA,NA,exhaustive,76,microsatellites,15,Y,2.5999999999999999E-2,-8.9999999999999993E-3,8.9999999999999993E-3,NA,NA,NA,0.08,0.69799999999999995,0.77800000000000002,12,"Moran's I
Kinship coefficient",Loiselle et al 1995,>70 y,>100 y,log+fire,"pine logging late 1800's, common fires until 1930",FL,P21-Sp1-FL,Y,N,N,N,N,N,N,N,N,Y,N,N,N,N,N,2015,Lind-Riehl,Lind-Riehl & Gailing 2015,"Lind-Riehl, J., Gailing, O., 2015. Fine-scale spatial genetic structure of two red oak species, Quercus rubra and Quercus ellipsoidalis. Plant Syst. Evol. 301, 1601–1612. https://doi.org/10.1007/s00606-014-1173-y",Y,Y,Y,Y,N
21,32,Quercus rubra,Fagaceae,tree/shrub,tree,Perennial,Deciduous,NA,m.out,NA,NA,NA,NA,Abiotic,Ab,Wi,Mixed,Ab-s,Gr,USA,Temperate forest,Temperate,Y,N,P6,non-defined mixed,non-defined mixed,"HMR-LP UnM, DBH>10cm",NA,NA,intensive,52,microsatellites,15,Y,1.2999999999999999E-2,-2E-3,2E-3,NA,NA,NA,0.12,0.66600000000000004,0.78,13,"Moran's I
Kinship coefficient",Loiselle et al 1995,>70 y,>100 y,log+fire,"pine logging late 1800's, common fires until 1930",FL,P21-Sp1-FL,Y,N,N,N,N,N,N,N,N,Y,N,N,N,N,N,2015,Lind-Riehl,Lind-Riehl & Gailing 2015,"Lind-Riehl, J., Gailing, O., 2015. Fine-scale spatial genetic structure of two red oak species, Quercus rubra and Quercus ellipsoidalis. Plant Syst. Evol. 301, 1601–1612. https://doi.org/10.1007/s00606-014-1173-y",Y,Y,Y,Y,N
21,32,Quercus rubra,Fagaceae,tree/shrub,tree,Perennial,Deciduous,NA,m.out,NA,NA,NA,NA,Abiotic,Ab,Wi,Mixed,Ab-s,Gr,USA,Temperate forest,Temperate,Y,N,P8,non-defined mixed,non-defined mixed,"PM-QR UnM, DBH>10cm",NA,NA,intensive,40,microsatellites,15,Y,1.6E-2,-6.0000000000000001E-3,6.0000000000000001E-3,NA,NA,NA,0.105,0.63500000000000001,0.72299999999999998,12,"Moran's I
Kinship coefficient",Loiselle et al 1995,>60 y,>100 y,log+fire,"pine logging late 1800's, common fires until 1930",FL,P21-Sp1-FL,Y,N,N,N,N,N,N,N,N,Y,N,N,N,N,N,2015,Lind-Riehl,Lind-Riehl & Gailing 2015,"Lind-Riehl, J., Gailing, O., 2015. Fine-scale spatial genetic structure of two red oak species, Quercus rubra and Quercus ellipsoidalis. Plant Syst. Evol. 301, 1601–1612. https://doi.org/10.1007/s00606-014-1173-y",Y,Y,Y,Y,N
21,32,Quercus rubra,Fagaceae,tree/shrub,tree,Perennial,Deciduous,NA,m.out,NA,NA,NA,NA,Abiotic,Ab,Wi,Mixed,Ab-s,Gr,USA,Temperate forest,Temperate,Y,N,P2,non-defined mixed,non-defined mixed,"FC-A Man,DBH>10cm",NA,NA,exhaustive,48,microsatellites,15,Y,1.6E-2,-7.0000000000000001E-3,7.0000000000000001E-3,NA,NA,NA,0.14399999999999999,0.66900000000000004,0.80500000000000005,11,"Moran's I
Kinship coefficient",Loiselle et al 1995,<10 y,>100 y,log+fire+sil,"logging 1800s & 1920-1940, last fire 1910. silviculture from 1954, and localized fires. Common fires until 1930. Management by shelter wood cutting",FM,P21-Sp1-FM,2 events,N,N,N,N,N,N,N,N,Y,Y,N,N,N,N,2015,Lind-Riehl,Lind-Riehl & Gailing 2015,"Lind-Riehl, J., Gailing, O., 2015. Fine-scale spatial genetic structure of two red oak species, Quercus rubra and Quercus ellipsoidalis. Plant Syst. Evol. 301, 1601–1612. https://doi.org/10.1007/s00606-014-1173-y",Y,Y,Y,Y,N
21,32,Quercus rubra,Fagaceae,tree/shrub,tree,Perennial,Deciduous,NA,m.out,NA,NA,NA,NA,Abiotic,Ab,Wi,Mixed,Ab-s,Gr,USA,Temperate forest,Temperate,Y,N,P3,non-defined mixed,non-defined mixed,"FC-B Man, DBH>10cm",NA,NA,exhaustive,48,microsatellites,15,Y,1.7000000000000001E-2,-4.0000000000000001E-3,4.0000000000000001E-3,NA,NA,NA,0.15,0.65200000000000002,0.78700000000000003,12,"Moran's I
Kinship coefficient",Loiselle et al 1995,0 y,>100 y,log+fire+sil,"logging 1800s & 1920-1940, last fire 1910. silviculture from 1954, and localized fires. Common fires until 1930. Management by shelter wood cutting",FM,P21-Sp1-FM,2 events,N,N,N,N,N,N,N,N,Y,Y,N,N,N,N,2015,Lind-Riehl,Lind-Riehl & Gailing 2015,"Lind-Riehl, J., Gailing, O., 2015. Fine-scale spatial genetic structure of two red oak species, Quercus rubra and Quercus ellipsoidalis. Plant Syst. Evol. 301, 1601–1612. https://doi.org/10.1007/s00606-014-1173-y",Y,Y,Y,Y,N
21,33,Quercus ellipsoidalis,Fagaceae,tree/shrub,tree,Perennial,Deciduous,NA,m.out,NA,NA,NA,NA,Abiotic,Ab,Wi,Mixed,Ab-s,Gr,USA,Temperate forest,Temperate,Y,N,P1,non-defined mixed,non-defined mixed,"CNF-QE Man,DBH>10cm",NA,NA,intensive,40,microsatellites,15,Y,2.1999999999999999E-2,-6.0000000000000001E-3,6.0000000000000001E-3,NA,NA,NA,9.0999999999999998E-2,0.69199999999999995,0.77700000000000002,12,"Moran's I
Kinship coefficient",Loiselle et al 1995,<10 y,>100 y,log+fire+sil,"logging, fires, clear cut last in 1994",FM,P21-Sp2-FM,Y,N,N,N,N,N,N,N,N,Y,Y,N,N,N,N,2015,Lind-Riehl,Lind-Riehl & Gailing 2015,"Lind-Riehl, J., Gailing, O., 2015. Fine-scale spatial genetic structure of two red oak species, Quercus rubra and Quercus ellipsoidalis. Plant Syst. Evol. 301, 1601–1612. https://doi.org/10.1007/s00606-014-1173-y",Y,Y,Y,Y,N
21,33,Quercus ellipsoidalis,Fagaceae,tree/shrub,tree,Perennial,Deciduous,NA,m.out,NA,NA,NA,NA,Abiotic,Ab,Wi,Mixed,Ab-s,Gr,USA,Temperate forest,Temperate,Y,N,P2,non-defined mixed,non-defined mixed,"FC-C Man, DBH>10cm",NA,NA,intensive,50,microsatellites,15,Y,0.02,-5.0000000000000001E-3,5.0000000000000001E-3,NA,NA,NA,8.3000000000000004E-2,0.69,0.76700000000000002,11,"Moran's I
Kinship coefficient",Loiselle et al 1995,0 y,>100 y,log+fire+sil,"logging, fire, silviculture",FM,P21-Sp2-FM,Y,N,N,N,N,N,N,N,N,Y,Y,N,N,N,N,2015,Lind-Riehl,Lind-Riehl & Gailing 2015,"Lind-Riehl, J., Gailing, O., 2015. Fine-scale spatial genetic structure of two red oak species, Quercus rubra and Quercus ellipsoidalis. Plant Syst. Evol. 301, 1601–1612. https://doi.org/10.1007/s00606-014-1173-y",Y,Y,Y,Y,N
21,33,Quercus ellipsoidalis,Fagaceae,tree/shrub,tree,Perennial,Deciduous,NA,m.out,NA,NA,NA,NA,Abiotic,Ab,Wi,Mixed,Ab-s,Gr,USA,Temperate forest,Temperate,Y,N,P3,non-defined mixed,non-defined mixed,"FC-E Man, DBH>10cm",NA,NA,intensive,47,microsatellites,15,Y,2.3E-2,-1.4E-2,1.4E-2,NA,NA,NA,0.214,0.59,0.749,10,"Moran's I
Kinship coefficient",Loiselle et al 1995,0 y,>100 y,log+fire+sil,"logging, fire, silviculture",FM,P21-Sp2-FM,Y,N,N,N,N,N,N,N,N,Y,Y,N,N,N,N,2015,Lind-Riehl,Lind-Riehl & Gailing 2015,"Lind-Riehl, J., Gailing, O., 2015. Fine-scale spatial genetic structure of two red oak species, Quercus rubra and Quercus ellipsoidalis. Plant Syst. Evol. 301, 1601–1612. https://doi.org/10.1007/s00606-014-1173-y",Y,Y,Y,Y,N
21,33,Quercus ellipsoidalis,Fagaceae,tree/shrub,tree,Perennial,Deciduous,NA,m.out,NA,NA,NA,NA,Abiotic,Ab,Wi,Mixed,Ab-s,Gr,USA,Temperate forest,Temperate,Y,N,P4,non-defined mixed,non-defined mixed,"NNF-QE Man, DBH>10cm",NA,NA,intensive,39,microsatellites,15,Y,2.7E-2,-1.7000000000000001E-2,1.7000000000000001E-2,NA,NA,NA,0.13900000000000001,0.71099999999999997,0.80100000000000005,14,"Moran's I
Kinship coefficient",Loiselle et al 1995,<10 y,>100 y,log+fire+sil,"logging, fire, silviculture",FM,P21-Sp2-FM,Y,N,N,N,N,N,N,N,N,Y,Y,N,N,N,N,2015,Lind-Riehl,Lind-Riehl & Gailing 2015,"Lind-Riehl, J., Gailing, O., 2015. Fine-scale spatial genetic structure of two red oak species, Quercus rubra and Quercus ellipsoidalis. Plant Syst. Evol. 301, 1601–1612. https://doi.org/10.1007/s00606-014-1173-y",Y,Y,Y,Y,N
22,34,Dioscorea japonica,Dioscoreaceae,herb,herb,Perennial,Deciduous,Dioecious,m.out,NA,NA,NA,NA,Biotic,Bs,In,Abiotic,Ab-l,Wi,Japan,Forest,Temperate,N,N,P1.c,adult,adult,central genet,NA,NA,all mature ramets,111,microsatellites,9,Y,7.9000000000000001E-2,-1.2E-2,1.2999999999999999E-2,NA,NA,NA,-7.0000000000000007E-2,,0.71,7.95,Kinship coefficient,Loiselle et al 1995,uns,uns,plant,plantation,D,P22-Sp1-D,N,N,N,N,N,N,N,N,N,N,N,N,Y,N,N,2010,Mizuki,Mizuki et al. 2010,"Mizuki, I., Ishida, K., Tani, N., Tsumura, Y., 2010. Fine-scale spatial structure of genets and sexes in the dioecious plant Dioscorea japonica, which disperses by both bulbils and seeds. Evol. Ecol. 24, 1399–1415. https://doi.org/10.1007/s10682-010-9396-z.",Y,Y,Y,Y,N
23,35,Polygala reinii,Polygalaceae,herb,herb,Perennial,NA,NA,m.out,NA,NA,NA,NA,Biotic,Bs,In,Biotic,T-s,An,Japan,Forest,Temperate,Y,N,P1.a,non-defined mixed,non-defined mixed,IK1,NA,NA,all ind,156,Allozymes,10,Y,NA,NA,2.5999999999999999E-2,NA,1.4E-2,NA,NA,NA,0.16800000000000001,NA,Kinship coefficient,Loiselle et al 1995,uns,uns,plant,plantation,D,P23-Sp1-D,N,N,N,N,N,N,N,N,N,N,N,N,Y,N,N,2010,Nakagawa,Nakagawa et al. 2010,"Nakagawa, M., 2010. Fine-scale genetic structure within plots of Polygala reinii (Polygalaceae) having an ant-dispersal seed. J. Plant Res. 123, 355–362. https://doi.org/10.1007/s10265-009-0276-y",Y,N,N,Y,N
23,35,Polygala reinii,Polygalaceae,herb,herb,Perennial,NA,NA,m.out,NA,NA,NA,NA,Biotic,Bs,In,Biotic,T-s,An,Japan,Forest,Temperate,Y,N,P1.b,non-defined mixed,non-defined mixed,IK2,NA,NA,all ind,60,Allozymes,10,Y,NA,NA,2.5000000000000001E-2,NA,-5.5E-2,NA,NA,NA,0.17,NA,Kinship coefficient,Loiselle et al 1995,uns,uns,plant,plantation,D,P23-Sp1-D,N,N,N,N,N,N,N,N,N,N,N,N,Y,N,N,2010,Nakagawa,Nakagawa et al. 2010,"Nakagawa, M., 2010. Fine-scale genetic structure within plots of Polygala reinii (Polygalaceae) having an ant-dispersal seed. J. Plant Res. 123, 355–362. https://doi.org/10.1007/s10265-009-0276-y",Y,N,N,Y,N
24,36,Sorbus torminalis,Rosaceae,tree/shrub,tree,Perennial,Deciduous,NA,m.out,NA,NA,NA,NA,Biotic,Bs,In,Biotic,Mix-l,Bi,France,Temperate forest,Temperate,N,N,P1,adult,adult,22 UM; 8 logging units (reproductive trees),NA,NA,exhaustive,170,microsatellites,6,Y,5.3999999999999999E-2,-1.6999999999999999E-3,2E-3,NA,NA,NA,NA,NA,NA,NA,"Kinship coefficient
Fraternity coefficient","Loiselle et al. 1995
Lynch & Ritland 1999",>10 y,>70 y,silv,Logging 30% trees 1932; Logging by clearing 1960;few UM w/o logging for 15 y,D,P24-Sp1-D,N,N,N,N,N,N,N,N,N,N,Y,N,N,N,N,2004,Oddou-Muratorio,Oddou-Muratorio et al. 2004,"Oddou-Muratorio, S., Demesure-Musch, B., Pélissier, R., Gouyon, P.H., 2004. Impacts of gene flow and logging history on the local genetic structure of a scattered tree species, Sorbus torminalis L. Crantz. Mol. Ecol. 13, 3689–3702. https://doi.org/10.1111/j.1365-294X.2004.02373.x",N,Y,Y,Y,N
25,122,Fagus crenata,Fagaceae,tree/shrub,tree,Perennial,Deciduous,Hermaphrodite,m.out,NA,NA,NA,0,Abiotic,Ab,Wi,Abiotic,Ab-s,Gr,Japan,Temperate deciduous forest,Temperate,N,N,P1.1,adult,adult,FC adult,379,tree/ha,intensive in plot,287,microsatellites,7,Y,3.4299999999999997E-2,NA,3.2000000000000002E-3,6.9999999999999999E-4,NA,NA,NA,NA,NA,NA,Kinship coefficient,Loisellle et al 1995,NA,NA,und,primary forest,U,P25-Sp2-U,N,N,N,N,N,N,N,N,N,N,N,N,N,N,Y,2010,Oddou-Muratorio,Oddou-Muratorio et al. 2010,"Oddou-Muratorio, S., Bontemps, A., Klein, E.K., Chybicki, I., Vendramin, G.G., Suyama, Y., 2010. Comparison of direct and indirect genetic methods for estimating seed and pollen dispersal in Fagus sylvatica and Fagus crenata. For. Ecol. Manage. 259, 2151–2159. https://doi.org/10.1016/j.foreco.2010.03.001",Y,Y,N,Y,N
25,37,Fagus sylvatica,Fagaceae,tree/shrub,tree,Perennial,Deciduous,Hermaphrodite,m.out,NA,NA,NA,0.01,Abiotic,Ab,Wi,Abiotic,Ab-s,Gr,France,"Pine forest, Fagus forest",Temperate,Y,N,P1.1,adult,adult,FS1 adult; recolonization,50,tree/ha,exhaustive sampling of adults in  patches.,96,microsatellites,11,Y,8.2100000000000006E-2,NA,2.18E-2,4.5999999999999999E-3,NA,NA,NA,NA,NA,NA,Kinship coefficient,Loiselle et al 1995,uns,uns,open,recent disturbance and expansion,FL,P25-Sp1-FL,N,N,Y,N,N,N,N,N,N,N,N,N,N,N,N,2010,Oddou-Muratorio,Oddou-Muratorio et al. 2010,"Oddou-Muratorio, S., Bontemps, A., Klein, E.K., Chybicki, I., Vendramin, G.G., Suyama, Y., 2010. Comparison of direct and indirect genetic methods for estimating seed and pollen dispersal in Fagus sylvatica and Fagus crenata. For. Ecol. Manage. 259, 2151–2159. https://doi.org/10.1016/j.foreco.2010.03.001",Y,Y,N,Y,N
25,37,Fagus sylvatica,Fagaceae,tree/shrub,tree,Perennial,Deciduous,Hermaphrodite,m.out,NA,NA,NA,0.04,Abiotic,Ab,Wi,Abiotic,Ab-s,Gr,France,"Pine forest, Fagus forest",Temperate,Y,N,P2.1,adult,adult,FS2 adult; recolonization,19,tree/ha,exhaustive sampling of adults in  patches.,50,microsatellites,11,Y,7.85E-2,NA,3.5400000000000001E-2,7.6E-3,NA,NA,NA,NA,NA,NA,Kinship coefficient,Loiselle et al 1995,uns,uns,open,recent disturbance and expansion,FL,P25-Sp1-FL,N,N,Y,N,N,N,N,N,N,N,N,N,N,N,N,2010,Oddou-Muratorio,Oddou-Muratorio et al. 2010,"Oddou-Muratorio, S., Bontemps, A., Klein, E.K., Chybicki, I., Vendramin, G.G., Suyama, Y., 2010. Comparison of direct and indirect genetic methods for estimating seed and pollen dispersal in Fagus sylvatica and Fagus crenata. For. Ecol. Manage. 259, 2151–2159. https://doi.org/10.1016/j.foreco.2010.03.001",Y,Y,N,Y,N
25,37,Fagus sylvatica,Fagaceae,tree/shrub,tree,Perennial,Deciduous,Hermaphrodite,m.out,NA,NA,NA,0.03,Abiotic,Ab,Wi,Abiotic,Ab-s,Gr,France,"Pine forest, Fagus forest",Temperate,Y,N,P3.1,adult,adult,FS3 adult; old,44,tree/ha,exhaustive sampling of adults in  patches.,350,microsatellites,5,Y,5.7700000000000001E-2,,8.6999999999999994E-3,1.1999999999999999E-3,NA,NA,NA,NA,NA,NA,Kinship coefficient,Loiselle et al 1995,uns,<20 y,open,"recent disturbance, clear openning by storm 1999",FL,P25-Sp1-FL,N,N,Y,N,N,N,N,N,N,N,N,N,N,N,N,2010,Oddou-Muratorio,Oddou-Muratorio et al. 2010,"Oddou-Muratorio, S., Bontemps, A., Klein, E.K., Chybicki, I., Vendramin, G.G., Suyama, Y., 2010. Comparison of direct and indirect genetic methods for estimating seed and pollen dispersal in Fagus sylvatica and Fagus crenata. For. Ecol. Manage. 259, 2151–2159. https://doi.org/10.1016/j.foreco.2010.03.001",Y,Y,N,Y,N
27,40,Araucaria angustifolia,Araucariaceae,tree/shrub,tree,Perennial,Evergreen,Dioecious,m.out,NA,NA,NA,NA,Abiotic,Ab,Wi,Abiotic,Ab-s,Gr,Brazil,Atlantic forest,Tropical,N,Y,P1.prom,defined mixed,defined mixed,"adults, juveniles",NA,NA,exhaustive sampling in patch  (7.2 ha) divided in subpatches (100 m2),290,microsatellites,9,Y,2.0195000000000001E-2,-3.4499999999999999E-3,3.3999999999999998E-3,1.9499999999999999E-3,0.1295,NA,NA,0.55700000000000005,0.63549999999999995,7.78,Nason's coancetsry coefficient,Loiselle et al 1995,<80 y,>80 y,log,low wood exploitation,FL,P27-Sp1-FL,Y,N,N,N,N,N,N,N,N,N,N,N,N,N,N,2013,Sant'Anna,Sant'Anna et al. 2013,"Sant’Anna, C.S., Sebbenn, A.M., Klabunde, G.H.F., Bittencourt, R., Nodari, R.O., Mantovani, A., dos Reis, M.S., 2013. Realized pollen and seed dispersal within a continuous population of the dioecious coniferous Brazilian pine [Araucaria angustifolia (Bertol.) Kuntze]. Conserv. Genet. 14, 601–613. https://doi.org/10.1007/s10592-013-0451-5",Y,Y,Y,Y,N
28,41,Pouteria reticulata,Sapotaceae,tree/shrub,tree,Perennial,NA,Dioecious,m.out,NA,NA,NA,NA,Biotic,Bs,In,Biotic,Mix-l,"Bi, Pr",Republic of Panama,Tropical deciduous rainforest,Tropical,N,N,P1.1,adult,adult,BCI adults,NA,NA,random,99,microsatellites,5,Y,3.4000000000000002E-2,-6.0000000000000001E-3,5.9999999999999995E-4,2E-3,NA,NA,NA,0.56000000000000005,0.71,NA,Kinship coefficient,Loiselle et al 1995,uns,>100 y,channel,channel construction,FH,P28-Sp1-FH,N,N,N,N,N,N,N,channel,N,N,N,N,N,N,N,2014,Schroeder,Schroeder et al. 2014,"Schroeder, J.W., Tran, H.T., Dick, C.W., 2014. Fine scale spatial genetic structure in Pouteria reticulata (Engl.) Eyma (Sapotaceae), a dioecious, vertebrate dispersed tropical rain forest tree species. Glob. Ecol. Conserv. 1, 43–49. https://doi.org/10.1016/j.gecco.2014.07.002",Y,Y,Y,Y,N
29,42,Quercus ilex,Fagaceae,tree/shrub,tree,Perennial,Evergreen,NA,NA,NA,NA,NA,NA,Abiotic,Ab,Wi,Biotic,Mix-l,"Bi,Ro",Spain,Mediterranean forest,Temperate,N,N,P1,defined mixed,defined mixed,old+mature+offspring,NA,NA,all adults & juveniles in central quadrant,95,microsatellites,9,Y,NA,NA,3.5000000000000001E-3,NA,-5.6399999999999999E-2,2.3800000000000002E-2,NA,0.76559999999999995,0.72470000000000001,NA,Kinship coefficient,Loiselle et al 1995,<20 y,>20 y,agr+farm,protected of grazing,FH,P29-Sp1-FH,N,N,N,Y,Y,N,N,N,N,N,N,N,N,N,N,2007,Soto,Soto et al. 2007,"Soto, A., Lorenzo, Z., Gil, L., 2007. Differences in fine-scale genetic structure and dispersal in Quercus ilex L. and Q. suber L.: Consequences for regeneration of mediterranean open woods. Heredity (Edinb). 99, 601–607. https://doi.org/10.1038/sj.hdy.6801007",Y,N,N,Y,N
29,43,Quercus suber,Fagaceae,tree/shrub,tree,Perennial,Evergreen,NA,m.out,NA,NA,NA,NA,Abiotic,Ab,Wi,Biotic,Mix-l,"Bi,Ro",Spain,Mediterranean forest,Temperate,N,N,P1,defined mixed,defined mixed,old+mature+offspring,NA,NA,all adults & juveniles in central quadrant,96,microsatellites,9,Y,NA,NA,2.29E-2,NA,-7.1499999999999994E-2,6.1100000000000002E-2,NA,0.55089999999999995,0.51870000000000005,NA,Kinship coefficient,Loiselle et al 1995,<20 y,>20 y,agr+farm,protected of grazing,FH,P29-Sp2-FH,N,N,N,Y,Y,N,N,N,N,N,N,N,N,N,N,2007,Soto,Soto et al. 2007,"Soto, A., Lorenzo, Z., Gil, L., 2007. Differences in fine-scale genetic structure and dispersal in Quercus ilex L. and Q. suber L.: Consequences for regeneration of mediterranean open woods. Heredity (Edinb). 99, 601–607. https://doi.org/10.1038/sj.hdy.6801007",Y,N,N,Y,N
30,44,Psychotria acuminata,Rubiaceae,tree/shrub,shrub,Perennial,Evergreen,Hermaphrodite,m.out,SI.heterostyly,NA,NA,NA,Biotic,Bs,In,Biotic,Mix-l,Bi,Republic of Panama,Moist tropical forest,Tropical,N,N,P1,non-defined mixed,non-defined mixed,BCI,82.9,ind/ha,200 random ind,200,AFLP,2,Y,0.14000000000000001,-0.03,3.5999999999999997E-2,NA,0,NA,NA,NA,NA,NA,Kinship coefficient,Hardy 2003,uns,,channel,channel construction,FH,P30-Sp1-FH,N,N,N,N,N,N,N,channel,N,N,N,N,N,N,N,2014,Theim,Theim et al. 2014,"Theim, T.J., Shirk, R.Y., Givnish, T.J., 2014. Spatial genetic structure in four understory Psychotria species (Rubiaceae) and implications for tropical forest diversity. Am. J. Bot. 101, 1189–1199. https://doi.org/10.3732/ajb.1300460",Y,Y,Y,Y,"datadryad.org, doi: 10.506 l/dryad.c2"
30,45,Psychotria hoffmannseggiana,Rubiaceae,tree/shrub,shrub,Perennial,Evergreen,Hermaphrodite,m.self,SC.monomorphic,NA,NA,NA,Biotic,Bs,In,Biotic,Mix-l,Bi,Republic of Panama,Moist tropical forest,Tropical,N,N,P1,non-defined mixed,non-defined mixed,BCI,142.9,ind/ha,200 random ind,200,AFLP,2,Y,0.12,-0.02,2.3E-2,NA,0,NA,NA,NA,NA,NA,Kinship coefficient,Hardy 2003,uns,,channel,channel construction,FH,P30-Sp2-FH,N,N,N,N,N,N,N,channel,N,N,N,N,N,N,N,2014,Theim,Theim et al. 2014,"Theim, T.J., Shirk, R.Y., Givnish, T.J., 2014. Spatial genetic structure in four understory Psychotria species (Rubiaceae) and implications for tropical forest diversity. Am. J. Bot. 101, 1189–1199. https://doi.org/10.3732/ajb.1300460",Y,Y,Y,Y,"datadryad.org, doi: 10.506 l/dryad.c2"
30,46,Psychothria horizontalis,Rubiaceae,tree/shrub,shrub,Perennial,Evergreen,Hermaphrodite,m.out,SI.heterostyly,NA,NA,NA,Biotic,Bs,In,Biotic,Mix-l,Bi,Republic of Panama,Moist tropical forest,Tropical,N,N,P1,non-defined mixed,non-defined mixed,BCI,154.6,ind/ha,200 random ind,200,AFLP,2,Y,0.1,-0.01,1.4999999999999999E-2,NA,0,NA,NA,NA,NA,NA,Kinship coefficient,Hardy 2003,uns,,channel,channel construction,FH,P30-Sp3-FH,N,N,N,N,N,N,N,channel,N,N,N,N,N,N,N,2014,Theim,Theim et al. 2014,"Theim, T.J., Shirk, R.Y., Givnish, T.J., 2014. Spatial genetic structure in four understory Psychotria species (Rubiaceae) and implications for tropical forest diversity. Am. J. Bot. 101, 1189–1199. https://doi.org/10.3732/ajb.1300460",Y,Y,Y,Y,"datadryad.org, doi: 10.506 l/dryad.c2"
30,47,Psychothria marginata,Rubiaceae,tree/shrub,shrub,Perennial,Evergreen,Hermaphrodite,m.out,SI.heterostyly,NA,NA,NA,Biotic,Bs,In,Biotic,Mix-l,Bi,Republic of Panama,Moist tropical forest,Tropical,N,N,P1,non-defined mixed,non-defined mixed,BCI,101.2,ind/ha,200 random ind,200,AFLP,2,Y,0.21,-0.04,4.5999999999999999E-2,NA,0,NA,NA,NA,NA,NA,Kinship coefficient,Hardy 2003,uns,,channel,channel construction,FH,P30-Sp4-FH,N,N,N,N,N,N,N,channel,N,N,N,N,N,N,N,2014,Theim,Theim et al. 2014,"Theim, T.J., Shirk, R.Y., Givnish, T.J., 2014. Spatial genetic structure in four understory Psychotria species (Rubiaceae) and implications for tropical forest diversity. Am. J. Bot. 101, 1189–1199. https://doi.org/10.3732/ajb.1300460",Y,Y,Y,Y,"datadryad.org, doi: 10.506 l/dryad.c2"
31,48,Ceratiola ericoides,Empetraceae,tree/shrub,shrub,Perennial,Evergreen,Dioecious,m.out,NA,NA,NA,NA,Abiotic,Ab,Wi,Mixed,Ab-s,Gr,USA,Shrubland,Tropical,Y,N,P1,defined mixed,defined mixed,CBK smaller population,NA,NA,exhaustive sampling,146,Allozymes,4,Y,NA,NA,3.8E-3,NA,NA,NA,NA,NA,5.8999999999999997E-2,NA,multiallelic codominant multilocus,Smouse & Peakall 1999,>10 y,>10 y,fire,localized fire every 5 y,D,P31-Sp1-D,N,N,N,N,N,N,N,N,N,Y,N,N,N,N,N,2008,Trapnell,Trapnell et al. 2008,"Theim, T.J., Shirk, R.Y., Givnish, T.J., 2014. Spatial genetic structure in four understory Psychotria species (Rubiaceae) and implications for tropical forest diversity. Am. J. Bot. 101, 1189–1199. https://doi.org/10.3732/ajb.1300460",Y,N,N,Y,N
31,48,Ceratiola ericoides,Empetraceae,tree/shrub,shrub,Perennial,Evergreen,Dioecious,m.out,NA,NA,NA,NA,Abiotic,Ab,Wi,Mixed,Mix-l,Bi,USA,Shrubland,Tropical,Y,N,P2,defined mixed,defined mixed,FTG,NA,NA,exhaustive sampling,500,Allozymes,4,Y,NA,NA,4.1099999999999998E-2,NA,NA,NA,NA,NA,1.4999999999999999E-2,NA,multiallelic codominant multilocus,Smouse & Peakall 1999,0 y,<40 y,fire,fire every 3 y from 1970,D,P31-Sp1-D,N,N,N,N,N,N,N,N,N,Y,N,N,N,N,N,2008,Trapnell,Trapnell et al. 2008,"Theim, T.J., Shirk, R.Y., Givnish, T.J., 2014. Spatial genetic structure in four understory Psychotria species (Rubiaceae) and implications for tropical forest diversity. Am. J. Bot. 101, 1189–1199. https://doi.org/10.3732/ajb.1300460",Y,N,N,Y,N
32,49,Castanopsis sclerophylla,Fagaceae,tree/shrub,tree,Perennial,Evergreen,Monoecious,m.out,NA,NA,NA,NA,Abiotic,Ab,Wi,Abiotic,Ab-s,Gr,China,Subtropical evergreen forest,Tropical,Y,Y,P2.prom,defined mixed,defined mixed,Laoshan Island pre; 875 ha; moderadamente fragmentado,NA,NA,exhaustive sampling in patches. Subpatches 20m from border,257,microsatellites,8,Y,NA,-8.3000000000000001E-3,8.3999999999999995E-3,NA,NA,NA,0.11,0.54500000000000004,0.61,7.35,Kinship coefficient,Loiselle et al. 1995,uns,>50 y,damn,construction of damn in 1959 produced a lake,FH,P32-Sp1-FH,N,N,N,N,N,N,N,damn,N,N,N,N,N,N,N,2011,Wang,Wang et al. 2011,"Wang, R., Compton, S.G., Chen, X.Y., 2011. Fragmentation can increase spatial genetic structure without decreasing pollen-mediated gene flow in a wind-pollinated tree. Mol. Ecol. 20, 4421–4432. https://doi.org/10.1111/j.1365-294X.2011.05293.x",Y,N,Y,Y,https://doi.org/10.5061/dryad.500dm
32,49,Castanopsis sclerophylla,Fagaceae,tree/shrub,tree,Perennial,Evergreen,Monoecious,m.out,NA,NA,NA,NA,Abiotic,Ab,Wi,Abiotic,Ab-s,Gr,China,Subtropical evergreen forest,Tropical,Y,Y,P3.prom,defined mixed,defined mixed,"Xianshan Peninsula post; continental area, continuous forest >2500 ha",NA,NA,exhaustive sampling in patches. Subpatches 20m from border,307,microsatellites,8,Y,NA,-5.4000000000000003E-3,5.4000000000000003E-3,NA,NA,NA,0.16700000000000001,0.52500000000000002,0.63,7.78,Kinship coefficient,Loiselle et al. 1995,uns,>50 y,damn,construction of damn in 1959 produced a lake,FH,P32-Sp1-FH,N,N,N,N,N,N,N,damn,N,N,N,N,N,N,N,2011,Wang,Wang et al. 2011,"Wang, R., Compton, S.G., Chen, X.Y., 2011. Fragmentation can increase spatial genetic structure without decreasing pollen-mediated gene flow in a wind-pollinated tree. Mol. Ecol. 20, 4421–4432. https://doi.org/10.1111/j.1365-294X.2011.05293.x",Y,N,Y,Y,https://doi.org/10.5061/dryad.500dm
42,64,Primula vulgaris,Primulaceae,herb,herb,Perennial,Evergreen,Hermaphrodite,m.out,SI.distily,NA,NA,NA,Biotic,Bs,In,Abiotic,Ab-s,Au,Belgium,Moist deciduous forest,Temperate,Y,N,P1,adult,adult,Vakeleie,NA,NA,reproductive ind (% pop),92,Allozymes,15,Y,0.06,-1.23E-2,1.2999999999999999E-2,NA,NA,NA,2.7499999999999998E-3,5.9249999999999997E-2,5.9749999999999998E-2,1.1725000000000001,Kinship coefficient,Loiselle et al 1995,0 y,uns,agr,Intensive agriculture,FM,P42-Sp1-FM,N,N,N,Y,N,N,N,N,N,N,N,N,N,N,N,2003,Van Rossum,Van Rossum & Triest 2003,"Van Rossum, F., Triest, L., 2003. Spatial Genetic Structure and Reproductive Success in Fragmented and Continuous Populations of Primula vulgaris. Folia Geobot. 38, 239–254.",N,Y,Y,Y,N
42,64,Primula vulgaris,Primulaceae,herb,herb,Perennial,Evergreen,Hermaphrodite,m.out,SI.distily,NA,NA,NA,Biotic,Bs,In,Abiotic,Ab-s,Au,Belgium,Moist deciduous forest,Temperate,Y,N,P2,adult,adult,Pratboos,NA,NA,reproductive ind (% pop),66,Allozymes,15,Y,8.5999999999999993E-2,-1.49E-2,1.6E-2,NA,NA,NA,0.25800000000000001,4.7666667000000003E-2,6.3333333000000006E-2,1.19,Kinship coefficient,Loiselle et al 1995,0 y,uns,agr,Intensive agriculture,FM,P42-Sp1-FM,N,N,N,Y,N,N,N,N,N,N,N,N,N,N,N,2003,Van Rossum,Van Rossum & Triest 2003,"Van Rossum, F., Triest, L., 2003. Spatial Genetic Structure and Reproductive Success in Fragmented and Continuous Populations of Primula vulgaris. Folia Geobot. 38, 239–254.",N,Y,Y,Y,N
42,64,Primula vulgaris,Primulaceae,herb,herb,Perennial,Evergreen,Hermaphrodite,m.out,SI.distily,NA,NA,NA,Biotic,Bs,In,Abiotic,Ab-s,Au,Belgium,Moist deciduous forest,Temperate,Y,N,P3,adult,adult,Merkenvelde,NA,NA,reproductive ind (% pop),52,Allozymes,15,Y,5.1999999999999998E-2,-1.18E-2,1.2E-2,NA,NA,NA,8.3000000000000004E-2,5.8000000000000003E-2,6.3E-2,1.19,Kinship coefficient,Loiselle et al 1995,0 y,uns,agr,Intensive agriculture,FM,P42-Sp1-FM,N,N,N,Y,N,N,N,N,N,N,N,N,N,N,N,2003,Van Rossum,Van Rossum & Triest 2003,"Van Rossum, F., Triest, L., 2003. Spatial Genetic Structure and Reproductive Success in Fragmented and Continuous Populations of Primula vulgaris. Folia Geobot. 38, 239–254.",N,Y,Y,Y,N
44,66,Primula veris,Primulaceae,herb,herb,Perennial,Evergreen,Hermaphrodite,m.out,SI.distily,NA,NA,NA,Biotic,Bs,In,Abiotic,Ab-s,Au,Belgium,Grassland,Temperate,Y,N,P1,adult,adult,Moeren (WH),0.82,NA,flowering ind in transects ,75,Allozymes,13,Y,1.7999999999999999E-2,-1.38E-2,1.4E-2,NA,0.34399999999999997,NA,NA,NA,NA,NA,Kinship coefficient,Loiselle et al 1995,0 y,decades,agr,Intensive agriculture,FM,P44-Sp1-FM,N,N,N,Y,N,N,N,N,N,N,N,N,N,N,N,2007,Van Rossum,Van Rossum & Triest 2007,"Van Rossum, F., Triest, L., 2007. Fine-scale spatial genetic structure of the distylous Primula veris in fragmented habitats. Plant Biol. 9, 374–382. https://doi.org/10.1055/s-2006-924632",Y,Y,Y,Y,N
44,66,Primula veris,Primulaceae,herb,herb,Perennial,Evergreen,Hermaphrodite,m.out,SI.distily,NA,NA,NA,Biotic,Bs,In,Abiotic,Ab-s,Au,Belgium,Grassland,Temperate,Y,N,P2,adult,adult,Pervijze (WH),9.2899999999999991,NA,flowering ind in transects ,75,Allozymes,13,Y,5.8000000000000003E-2,-2.64E-2,2.8000000000000001E-2,NA,0.29499999999999998,NA,NA,NA,NA,NA,Kinship coefficient,Loiselle et al 1995,0 y,decades,agr,Intensive agriculture,FM,P44-Sp1-FM,N,N,N,Y,N,N,N,N,N,N,N,N,N,N,N,2007,Van Rossum,Van Rossum & Triest 2007,"Van Rossum, F., Triest, L., 2007. Fine-scale spatial genetic structure of the distylous Primula veris in fragmented habitats. Plant Biol. 9, 374–382. https://doi.org/10.1055/s-2006-924632",Y,Y,Y,Y,N
44,66,Primula veris,Primulaceae,herb,herb,Perennial,Evergreen,Hermaphrodite,m.out,SI.distily,NA,NA,NA,Biotic,Bs,In,Abiotic,Ab-s,Au,Belgium,Grassland,Temperate,Y,N,P3,adult,adult,Veurs (VR),15.2,NA,flowering ind in 3 transects ,75,Allozymes,13,Y,5.8999999999999997E-2,-9.1999999999999998E-3,0.01,NA,0.23100000000000001,NA,NA,NA,NA,NA,Kinship coefficient,Loiselle et al 1995,0 y,decades,agr,Extensive agriculture,FM,P44-Sp1-FM,N,N,N,Y,N,N,N,N,N,N,N,N,N,N,N,2007,Van Rossum,Van Rossum & Triest 2007,"Van Rossum, F., Triest, L., 2007. Fine-scale spatial genetic structure of the distylous Primula veris in fragmented habitats. Plant Biol. 9, 374–382. https://doi.org/10.1055/s-2006-924632",Y,Y,Y,Y,N
46,70,Aucoumea klaineana,Burseraceae,tree/shrub,tree,Perennial,Evergreen,Dioecious,m.out,NA,NA,NA,NA,Biotic,Bs,In,Abiotic,Ab-l,Wi,Gabon,Tropical deciduous rainforest,Tropical,N,N,P1,non-adult,juvenil,Mounana,NA,NA,juvenile trees on recent roads,49,microsatellites,10,Y,4.7600000000000003E-2,-2.01E-2,6.4000000000000003E-3,3.5000000000000001E-3,NA,NA,8.9999999999999993E-3,0.435,0.434,NA,Kinship coeffcient,Loiselle et al 1995,0 y,>10 y,log+agr+min+road,"slash and burn agriculture, minning, roads",FH,P46-Sp1-FH,Y,N,N,Y,N,N,Y,N,Y,N,N,N,N,N,N,2008,Born,Born et al. 2008,"Born, C., Hardy, O.J., Chevallier, M.H., Ossari, S., Attéké, C., Wickings, E.J., Hossaert-Mckey, M., 2008. Small-scale spatial genetic structure in the Central African rainforest tree species Aucoumea klaineana: A stepwise approach to infer the impact of limited gene dispersal, population history and habitat fragmentation. Mol. Ecol. 17, 2041–2050. https://doi.org/10.1111/j.1365-294X.2007.03685.x",Y,Y,Y,Y,N
46,70,Aucoumea klaineana,Burseraceae,tree/shrub,tree,Perennial,Evergreen,Dioecious,m.out,NA,NA,NA,NA,Biotic,Bs,In,Abiotic,Ab-l,Wi,Gabon,Tropical deciduous rainforest,Tropical,Y,N,P2,non-adult,juvenil,Boumango,NA,NA,juvenile trees on recent roads,88,microsatellites,10,Y,7.8200000000000006E-2,-2.3400000000000001E-2,1.2200000000000001E-2,7.3000000000000001E-3,NA,NA,4.2999999999999997E-2,0.36199999999999999,0.376,NA,Kinship coeffcient,Loiselle et al 1995,0 y,uns,road,recent roads,FL,P46-Sp1-FL,N,N,N,N,N,N,N,N,rural,N,N,N,N,N,N,2008,Born,Born et al. 2008,"Born, C., Hardy, O.J., Chevallier, M.H., Ossari, S., Attéké, C., Wickings, E.J., Hossaert-Mckey, M., 2008. Small-scale spatial genetic structure in the Central African rainforest tree species Aucoumea klaineana: A stepwise approach to infer the impact of limited gene dispersal, population history and habitat fragmentation. Mol. Ecol. 17, 2041–2050. https://doi.org/10.1111/j.1365-294X.2007.03685.x",Y,Y,Y,Y,N
46,70,Aucoumea klaineana,Burseraceae,tree/shrub,tree,Perennial,Evergreen,Dioecious,m.out,NA,NA,NA,NA,Biotic,Bs,In,Abiotic,Ab-l,Wi,Gabon,Tropical deciduous rainforest,Tropical,Y,N,P3,non-adult,juvenil,Okondja,NA,NA,juvenile trees on recent roads,96,microsatellites,10,Y,3.6999999999999998E-2,-1.06E-2,1.38E-2,7.1000000000000004E-3,NA,NA,3.4000000000000002E-2,0.40699999999999997,0.41899999999999998,NA,Kinship coeffcient,Loiselle et al 1995,0 y,uns,road,recent roads,FL,P46-Sp1-FL,N,N,N,N,N,N,N,N,rural,N,N,N,N,N,N,2008,Born,Born et al. 2008,"Born, C., Hardy, O.J., Chevallier, M.H., Ossari, S., Attéké, C., Wickings, E.J., Hossaert-Mckey, M., 2008. Small-scale spatial genetic structure in the Central African rainforest tree species Aucoumea klaineana: A stepwise approach to infer the impact of limited gene dispersal, population history and habitat fragmentation. Mol. Ecol. 17, 2041–2050. https://doi.org/10.1111/j.1365-294X.2007.03685.x",Y,Y,Y,Y,N
46,70,Aucoumea klaineana,Burseraceae,tree/shrub,tree,Perennial,Evergreen,Dioecious,m.out,NA,NA,NA,NA,Biotic,Bs,In,Abiotic,Ab-l,Wi,Gabon,Tropical deciduous rainforest,Tropical,Y,N,P4,non-adult,juvenil,Zomoko,NA,NA,juvenile trees on recent roads,114,microsatellites,10,Y,5.3499999999999999E-2,-9.9000000000000008E-3,1.38E-2,5.4999999999999997E-3,NA,NA,8.7999999999999995E-2,0.51100000000000001,0.55300000000000005,NA,Kinship coeffcient,Loiselle et al 1995,0 y,uns,road,recent roads,FL,P46-Sp1-FL,N,N,N,N,N,N,N,N,rural,N,N,N,N,N,N,2008,Born,Born et al. 2008,"Born, C., Hardy, O.J., Chevallier, M.H., Ossari, S., Attéké, C., Wickings, E.J., Hossaert-Mckey, M., 2008. Small-scale spatial genetic structure in the Central African rainforest tree species Aucoumea klaineana: A stepwise approach to infer the impact of limited gene dispersal, population history and habitat fragmentation. Mol. Ecol. 17, 2041–2050. https://doi.org/10.1111/j.1365-294X.2007.03685.x",Y,Y,Y,Y,N
46,70,Aucoumea klaineana,Burseraceae,tree/shrub,tree,Perennial,Evergreen,Dioecious,m.out,NA,NA,NA,NA,Biotic,Bs,In,Abiotic,Ab-l,Wi,Gabon,Tropical deciduous rainforest,Tropical,Y,N,P5,non-adult,juvenil,Foret des Abeilles,NA,NA,juvenile trees on recent roads,60,microsatellites,10,Y,3.8199999999999998E-2,-1.5299999999999999E-2,1.7000000000000001E-2,7.1999999999999998E-3,NA,NA,3.1E-2,0.50700000000000001,0.51800000000000002,NA,Kinship coeffcient,Loiselle et al 1995,0 y,uns,road,recent roads,FL,P46-Sp1-FL,N,N,N,N,N,N,N,N,rural,N,N,N,N,N,N,2008,Born,Born et al. 2008,"Born, C., Hardy, O.J., Chevallier, M.H., Ossari, S., Attéké, C., Wickings, E.J., Hossaert-Mckey, M., 2008. Small-scale spatial genetic structure in the Central African rainforest tree species Aucoumea klaineana: A stepwise approach to infer the impact of limited gene dispersal, population history and habitat fragmentation. Mol. Ecol. 17, 2041–2050. https://doi.org/10.1111/j.1365-294X.2007.03685.x",Y,Y,Y,Y,N
46,70,Aucoumea klaineana,Burseraceae,tree/shrub,tree,Perennial,Evergreen,Dioecious,m.out,NA,NA,NA,NA,Biotic,Bs,In,Abiotic,Ab-l,Wi,Gabon,Tropical deciduous rainforest,Tropical,Y,N,P6,non-adult,juvenil,Ovan,NA,NA,juvenile trees on recent roads,117,microsatellites,10,Y,6.7799999999999999E-2,-0.01,1.7100000000000001E-2,2.8999999999999998E-3,NA,NA,3.1E-2,0.51100000000000001,0.52500000000000002,NA,Kinship coeffcient,Loiselle et al 1995,0 y,uns,road,recent roads,FL,P46-Sp1-FL,N,N,N,N,N,N,N,N,rural,N,N,N,N,N,N,2008,Born,Born et al. 2008,"Born, C., Hardy, O.J., Chevallier, M.H., Ossari, S., Attéké, C., Wickings, E.J., Hossaert-Mckey, M., 2008. Small-scale spatial genetic structure in the Central African rainforest tree species Aucoumea klaineana: A stepwise approach to infer the impact of limited gene dispersal, population history and habitat fragmentation. Mol. Ecol. 17, 2041–2050. https://doi.org/10.1111/j.1365-294X.2007.03685.x",Y,Y,Y,Y,N
48,72,Rhododendron kaempferi ,Ericaceae,tree/shrub,shrub,Perennial,Semideciduous,Hermaphrodite,NA,NA,NA,,NA,Biotic,Bs,In,Abiotic,Ab-l,Wi,Japan,Deciduous forest,Temperate,N,N,P1,non-defined mixed,non-defined mixed,"Utsonomiya University Forest, independent stems",NA,NA,all shoots in patch (10x10 m),74,microsatellites,5,Y,NA,NA,7.7999999999999996E-3,NA,NA,NA,0.16800000000000001,0.68400000000000005,0.80700000000000005,NA,Kinship coefficient,Loiselle et al. 1995,<50 y,>50 y,silv,logging for choal and materials for compost ,D,P48-Sp1-D,N,N,N,N,N,N,N,N,N,N,Y,N,N,N,N,2016,Aizawa,Aizawa et al. 2016,"Aizawa, M., Nakayama, C., Ohkubo, T., 2016. Comparison of fine-scale spatial genetic structure of two sympatric Rhododendron shrub species in forest habitat having different seed weights: A case study. Silvae Genet. 65, 39–45. https://doi.org/10.1515/sg-2016-0015",Y,N,N,Y,N
48,73,Rhodondendron semibarbatum,Ericaceae,tree/shrub,shrub,Perennial,Deciduous,Hermaphrodite,m.out,SI,NA,,NA,Biotic,Bs,In,Abiotic,Ab-l,Wi,Japan,Deciduous forest,Temperate,N,N,P1,non-defined mixed,non-defined mixed,"Utsonomiya University Forest, independent stems",NA,NA,all shoots in patch (10x10 m),36,microsatellites,5,Y,NA,NA,1.8499999999999999E-2,NA,NA,NA,9.9000000000000005E-2,0.52200000000000002,0.58399999999999996,NA,Kinship coefficient,Loiselle et al. 1995,<50 y,>50 y,silv,logging for choal and materials for compost ,D,P48-Sp2-D,N,N,N,N,N,N,N,N,N,N,Y,N,N,N,N,2016,Aizawa,Aizawa et al. 2016,"Aizawa, M., Nakayama, C., Ohkubo, T., 2016. Comparison of fine-scale spatial genetic structure of two sympatric Rhododendron shrub species in forest habitat having different seed weights: A case study. Silvae Genet. 65, 39–45. https://doi.org/10.1515/sg-2016-0015",Y,N,N,Y,N
49,74,Pistacia lentiscus,Anacardiaceae,tree/shrub,shrub,Perennial,Evergreen,Dioecious,m.out,NA,0.999,tm,NA,Abiotic,Ab,Wi,Biotic,Mix-l,Bi,Spain,Mediterranean landscape,Temperate,N,N,P1,adult,adult,Guadalquivir,NA,NA,reproductive ind (all masculines and random fraction femenines),193,microsatellites,7,Y,NA,-1.17E-2,1.2200000000000001E-2,NA,0.152,NA,NA,NA,0.65800000000000003,NA,Kinship coefficient,Loiselle et al. 1995,0 y,uns,log+agr+farm+plant,"cattle rising, cereal fields, vineyards, olive trees and plantations",FH,P49-Sp1-FH,N,N,N,Y,Y,N,N,N,N,N,N,N,Y,N,N,2012,Albadalejo,Albaladejo et al. 2012,"Albaladejo, R.G., Guzmán, B., González-Martínez, S.C., Aparicio, A., 2012. Extensive pollen flow but few pollen donors and high reproductive variance in an extremely fragmented landscape. PLoS One 7, 1–9. https://doi.org/10.1371/journal.pone.0049012",Y,N,Y,Y,N
51,75,Acrocomia aculeata,Arecaceae,tree/shrub,tree,Perennial,Evergreen,Monoecious,m.out,SI,1.2,tm,NA,Biotic,Bs,In,Mixed,Ab-s,Gr,Brazil,Tropical forest,Tropical,N,Y,P1.prom,defined mixed,defined mixed,"adults, juveniles",NA,NA,all adult ind,216,microsatellites,7,Y,3.3500000000000002E-2,-1.6E-2,1.6500000000000001E-2,NA,0.22550000000000001,NA,NA,0.54549999999999998,0.70650000000000002,NA,Coancestry coefficient,"Hardy, 2003",0 y,uns,log+agr+farm+fire+plant,"cattle, fires, selective looging for pastures and plantations",FH,P51-Sp1-FH,Y,N,N,Y,Y,N,N,N,N,Y,N,N,Y,N,N,2017,Araujo,Araujo et al. 2017,"Araújo, M.R.G., Melo Júnior, A.F. de, Menezes, E.V., Brandão, M.M., Cota, L.G., Oliveira, D.A. de, Royo, V. de A., Vieira, F.A., 2017. Fine-scale spatial genetic structure and gene flow in Acrocomia aculeata (Arecaceae): Analysis in an overlapping generation. Biochem. Syst. Ecol. 71, 147–154. https://doi.org/10.1016/j.bse.2017.02.005",Y,Y,Y,Y,N
52,76,Prosopis alba,Fabaceae,tree/shrub,tree,Perennial,Semideciduous,NA,m.out,NA,NA,NA,NA,Biotic,Bs,In,Biotic,T-s,Ro,Argentina,Forest,Subtropical,N,N,P2,adult,adult,"CD population in aboriginalcommunity, many cohorts",NA,NA,reproductive ind ditanced by 50 m,96,microsatellites,12,Y,1.12E-2,-4.8999999999999998E-3,5.0000000000000001E-3,NA,NA,NA,0.16600000000000001,NA,0.68799999999999994,11.08,Kinship coefficient,Loiselle et al. 1995,NA,uns,und,w/o management,U,P52-Sp1-U,N,N,N,N,N,N,N,N,N,N,N,N,N,N,Y,2016,Bessega,Bessega et al. 2016,"Bessega, C., Pometti, C.L., Ewens, M., Saidman, B.O., Vilardi, J.C., 2016. Fine-scale spatial genetic structure analysis in two Argentine populations of Prosopis alba (Mimosoideae) with different levels of ecological disturbance. Eur. J. For. Res. 135, 495–505. https://doi.org/10.1007/s10342-016-0948-9",Y,Y,Y,Y,N
53,77,Oenocarpus bataua,Arecaceae,tree/shrub,tree,Perennial,Evergreen,Monoecious,m.out,NA,NA,NA,NA,Biotic,Bs,In,Biotic,Mix-l,Bi,Ecuador,Rainforest,Tropical,N,N,P1.1,adult,adult,BBS adults,NA,NA,reproductive ind in patches 130 ha,185,microsatellites,10,Y,1.11E-2,-2.5000000000000001E-3,3.0000000000000001E-3,NA,NA,NA,-0.01,0.68,0.67,5.51,Kinship coeffcient,Loiselle et al. 1995,<20 y,<40 y,log,deforestation,FL,P53-Sp1-FL,Y,N,N,N,N,N,N,N,N,N,N,N,N,N,N,2015,Browne,Browne et al. 2015,"Browne, L., Ottewell, K., Karubian, J., 2015. Short-term genetic consequences of habitat loss and fragmentation for the neotropical palm Oenocarpus bataua. Heredity (Edinb). 115, 389–395. https://doi.org/10.1038/hdy.2015.35",Y,Y,Y,Y,http://dx.doi.org/10.5061/dryad.v025v
53,77,Oenocarpus bataua,Arecaceae,tree/shrub,tree,Perennial,Evergreen,Monoecious,m.out,NA,NA,NA,NA,Biotic,Bs,In,Biotic,Mix-l,Bi,Ecuador,Rainforest,Tropical,Y,N,P4.1,adult,adult,F3 adults,NA,NA,oportunistic sampling of adults in fragment,18,microsatellites,10,Y,-3.1800000000000002E-2,1.23E-2,0,NA,NA,NA,0.03,0.66,0.68,5.54,Kinship coeffcient,Loiselle et al. 1995,0 y,<40 y,log+agr,logging and agriculture matrix,FM,P53-Sp1-FM,Y,N,N,Y,N,N,N,N,N,N,N,N,N,N,N,2015,Browne,Browne et al. 2015,"Browne, L., Ottewell, K., Karubian, J., 2015. Short-term genetic consequences of habitat loss and fragmentation for the neotropical palm Oenocarpus bataua. Heredity (Edinb). 115, 389–395. https://doi.org/10.1038/hdy.2015.35",Y,Y,Y,N,http://dx.doi.org/10.5061/dryad.v025v
54,78,Pinus halepensis,Pinaceae,tree/shrub,tree,Perennial,Evergreen,Monoecious,NA,NA,NA,NA,NA,Abiotic,Ab,Wi,Abiotic,Ab-l,Wi,Spain,Mediterranean forest,Temperate,Y,N,P1.2,adult,adult,Alzira,NA,NA,Non intensive sampling of adults,39,SNP,251,Y,NA,-6.7999999999999996E-3,6.7999999999999996E-3,NA,NA,NA,2.7E-2,NA,0.28999999999999998,NA,Kinship coeffcient,Loiselle et al. 1995,<20 y,<40 y,fire,fequent fires,D,P54-Sp1-D-SNP,N,N,N,N,N,N,N,N,N,Y,N,N,N,N,N,2017,Budde,Budde et al. 2017,"Budde, K.B., González-Martínez, S.C., Navascués, M., Burgarella, C., Mosca, E., Lorenzo, Z., Zabal-Aguirre, M., Vendramin, G.G., Verdú, M., Pausas, J.G., Heuertz, M., 2017. Increased fire frequency promotes stronger spatial genetic structure and natural selection at regional and local scales in Pinus halepensis Mill. Ann. Bot. 119, 1061–1072. https://doi.org/10.1093/aob/mcw286",Y,N,Y,Y,10.5061/dryad.n193d
54,78,Pinus halepensis,Pinaceae,tree/shrub,tree,Perennial,Evergreen,Monoecious,NA,NA,NA,NA,NA,Abiotic,Ab,Wi,Abiotic,Ab-l,Wi,Spain,Mediterranean forest,Temperate,Y,N,P2.2,adult,adult,Cabanes,NA,NA,Non intensive sampling of adults,31,SNP,251,Y,NA,-1.5599999999999999E-2,1.6E-2,NA,NA,NA,8.3000000000000004E-2,NA,0.24399999999999999,NA,Kinship coeffcient,Loiselle et al. 1995,<20 y,<40 y,fire,fequent fires,D,P54-Sp1-D-SNP,N,N,N,N,N,N,N,N,N,Y,N,N,N,N,N,2017,Budde,Budde et al. 2017,"Budde, K.B., González-Martínez, S.C., Navascués, M., Burgarella, C., Mosca, E., Lorenzo, Z., Zabal-Aguirre, M., Vendramin, G.G., Verdú, M., Pausas, J.G., Heuertz, M., 2017. Increased fire frequency promotes stronger spatial genetic structure and natural selection at regional and local scales in Pinus halepensis Mill. Ann. Bot. 119, 1061–1072. https://doi.org/10.1093/aob/mcw286",Y,N,Y,Y,10.5061/dryad.n193d
54,78,Pinus halepensis,Pinaceae,tree/shrub,tree,Perennial,Evergreen,Monoecious,NA,NA,NA,NA,NA,Abiotic,Ab,Wi,Abiotic,Ab-l,Wi,Spain,Mediterranean forest,Temperate,Y,N,P3.2,adult,adult,Serra Calderona,NA,NA,Non intensive sampling of adults,64,SNP,251,Y,NA,-1.0699999999999999E-2,1.12E-2,NA,NA,NA,7.0999999999999994E-2,NA,0.3,NA,Kinship coeffcient,Loiselle et al. 1995,<20 y,<40 y,fire,fequent fires,D,P54-Sp1-D-SNP,N,N,N,N,N,N,N,N,N,Y,N,N,N,N,N,2017,Budde,Budde et al. 2017,"Budde, K.B., González-Martínez, S.C., Navascués, M., Burgarella, C., Mosca, E., Lorenzo, Z., Zabal-Aguirre, M., Vendramin, G.G., Verdú, M., Pausas, J.G., Heuertz, M., 2017. Increased fire frequency promotes stronger spatial genetic structure and natural selection at regional and local scales in Pinus halepensis Mill. Ann. Bot. 119, 1061–1072. https://doi.org/10.1093/aob/mcw286",Y,N,Y,Y,10.5061/dryad.n193d
54,78,Pinus halepensis,Pinaceae,tree/shrub,tree,Perennial,Evergreen,Monoecious,NA,NA,NA,NA,NA,Abiotic,Ab,Wi,Abiotic,Ab-l,Wi,Spain,Mediterranean forest,Temperate,Y,N,P4.1,adult,adult,Eslida,NA,NA,Non intensive sampling of adults,67,microsatellites,9,Y,NA,-1.04E-2,1.09E-2,NA,NA,NA,-6.0000000000000001E-3,NA,0.35899999999999999,2.6059999999999999,Kinship coeffcient,Loiselle et al. 1995,<20 y,<40 y,fire,fequent fires,D,P54-Sp1-D-micros,N,N,N,N,N,N,N,N,N,Y,N,N,N,N,N,2017,Budde,Budde et al. 2017,"Budde, K.B., González-Martínez, S.C., Navascués, M., Burgarella, C., Mosca, E., Lorenzo, Z., Zabal-Aguirre, M., Vendramin, G.G., Verdú, M., Pausas, J.G., Heuertz, M., 2017. Increased fire frequency promotes stronger spatial genetic structure and natural selection at regional and local scales in Pinus halepensis Mill. Ann. Bot. 119, 1061–1072. https://doi.org/10.1093/aob/mcw286",Y,N,Y,Y,10.5061/dryad.n193d
54,78,Pinus halepensis,Pinaceae,tree/shrub,tree,Perennial,Evergreen,Monoecious,NA,NA,NA,NA,NA,Abiotic,Ab,Wi,Abiotic,Ab-l,Wi,Spain,Mediterranean forest,Temperate,Y,N,P4.2,adult,adult,Eslida,NA,NA,Non intensive sampling of adults,67,SNP,251,Y,NA,-0.01,1.04E-2,NA,NA,NA,5.3999999999999999E-2,NA,0.26600000000000001,NA,Kinship coeffcient,Loiselle et al. 1995,<20 y,<40 y,fire,fequent fires,D,P54-Sp1-D-SNP,N,N,N,N,N,N,N,N,N,Y,N,N,N,N,N,2017,Budde,Budde et al. 2017,"Budde, K.B., González-Martínez, S.C., Navascués, M., Burgarella, C., Mosca, E., Lorenzo, Z., Zabal-Aguirre, M., Vendramin, G.G., Verdú, M., Pausas, J.G., Heuertz, M., 2017. Increased fire frequency promotes stronger spatial genetic structure and natural selection at regional and local scales in Pinus halepensis Mill. Ann. Bot. 119, 1061–1072. https://doi.org/10.1093/aob/mcw286",Y,N,Y,Y,10.5061/dryad.n193d
54,78,Pinus halepensis,Pinaceae,tree/shrub,tree,Perennial,Evergreen,Monoecious,NA,NA,NA,NA,NA,Abiotic,Ab,Wi,Abiotic,Ab-l,Wi,Spain,Mediterranean forest,Temperate,Y,N,P5.2,adult,adult,Serra d Irta,NA,NA,Non intensive sampling of adults,39,SNP,251,Y,NA,-2E-3,2E-3,NA,NA,NA,3.5999999999999997E-2,NA,0.28000000000000003,NA,Kinship coeffcient,Loiselle et al. 1995,<20 y,<40 y,fire,fequent fires,D,P54-Sp1-D-SNP,N,N,N,N,N,N,N,N,N,Y,N,N,N,N,N,2017,Budde,Budde et al. 2017,"Budde, K.B., González-Martínez, S.C., Navascués, M., Burgarella, C., Mosca, E., Lorenzo, Z., Zabal-Aguirre, M., Vendramin, G.G., Verdú, M., Pausas, J.G., Heuertz, M., 2017. Increased fire frequency promotes stronger spatial genetic structure and natural selection at regional and local scales in Pinus halepensis Mill. Ann. Bot. 119, 1061–1072. https://doi.org/10.1093/aob/mcw286",Y,N,Y,Y,10.5061/dryad.n193d
54,78,Pinus halepensis,Pinaceae,tree/shrub,tree,Perennial,Evergreen,Monoecious,NA,NA,NA,NA,NA,Abiotic,Ab,Wi,Abiotic,Ab-l,Wi,Spain,Sclerophyllous semideciduous forests,Temperate,Y,N,P6.1,adult,adult,Montan,NA,NA,Non intensive sampling of adults,31,microsatellites,9,Y,NA,-1.6299999999999999E-2,1.6899999999999998E-2,NA,NA,NA,4.2999999999999997E-2,NA,0.39500000000000002,3.23,Kinship coeffcient,Loiselle et al. 1995,<20 y,<40 y,fire,less frequent fires,D,P54-Sp1-D-micros,N,N,N,N,N,N,N,N,N,Y,N,N,N,N,N,2017,Budde,Budde et al. 2017,"Budde, K.B., González-Martínez, S.C., Navascués, M., Burgarella, C., Mosca, E., Lorenzo, Z., Zabal-Aguirre, M., Vendramin, G.G., Verdú, M., Pausas, J.G., Heuertz, M., 2017. Increased fire frequency promotes stronger spatial genetic structure and natural selection at regional and local scales in Pinus halepensis Mill. Ann. Bot. 119, 1061–1072. https://doi.org/10.1093/aob/mcw286",Y,N,Y,Y,10.5061/dryad.n193d
54,78,Pinus halepensis,Pinaceae,tree/shrub,tree,Perennial,Evergreen,Monoecious,NA,NA,NA,NA,NA,Abiotic,Ab,Wi,Abiotic,Ab-l,Wi,Spain,Sclerophyllous semideciduous forests,Temperate,Y,N,P6.2,adult,adult,Montan,NA,NA,Non intensive sampling of adults,31,SNP,251,Y,NA,-1.37E-2,1.43E-2,NA,NA,NA,6.5000000000000002E-2,NA,0.28000000000000003,NA,Kinship coeffcient,Loiselle et al. 1995,<20 y,<40 y,fire,less frequent fires,D,P54-Sp1-D-SNP,N,N,N,N,N,N,N,N,N,Y,N,N,N,N,N,2017,Budde,Budde et al. 2017,"Budde, K.B., González-Martínez, S.C., Navascués, M., Burgarella, C., Mosca, E., Lorenzo, Z., Zabal-Aguirre, M., Vendramin, G.G., Verdú, M., Pausas, J.G., Heuertz, M., 2017. Increased fire frequency promotes stronger spatial genetic structure and natural selection at regional and local scales in Pinus halepensis Mill. Ann. Bot. 119, 1061–1072. https://doi.org/10.1093/aob/mcw286",Y,N,Y,Y,10.5061/dryad.n193d
56,80,Dalbergia nigra,Fabaceae,tree/shrub,tree,Perennial,Evergreen,NA,m.out,NA,NA,NA,NA,Biotic,Bs,In,Abiotic,Ab-l,Wi,Brazil,Atlantic forest,Tropical,N,N,P1,adult,adult,Campolina en Rio Doce Reserve,NA,NA,exhaustive in plot 9.3 ha,112,microsatellites,7,Y,3.5999999999999997E-2,-1.7000000000000001E-2,1.7000000000000001E-2,NA,NA,NA,8.6999999999999994E-2,0.64500000000000002,0.70699999999999996,NA,Kinship coefficient,Loiselle et al 1995,NA,NA,und,undisturbed,U,P56-Sp1-U,N,N,N,N,N,N,N,N,N,N,N,N,N,N,Y,2012,Buzatti,Buzatti et al. 2012,"Buzatti, R.S. de O., Ribeiro, R.A., Filho, J.P. de L., Lovato, M.B., 2012. Fine-scale spatial genetic structure of Dalbergia nigra (Fabaceae), a threatened and endemic tree of the Brazilian Atlantic Forest. Genet. Mol. Biol. 35, 838–846. https://doi.org/10.1590/S1415-47572012005000066",Y,Y,Y,Y,N
57,81,Pyrus bourgaeana,Rosaceae,tree/shrub,tree,Perennial,Deciduous,Monoecious,m.out,SI.gam.prob,NA,NA,NA,Biotic,Bs,In,Biotic,Mix-l,"MMa, Un",Spain,Mediterranean landscape,Temperate,Y,N,P1,adult,adult,RV genet,8.8999999999999996E-2,ind/ha,exhaustive reproductive ind ,40,microsatellites,7,Y,NA,NA,0.08,NA,NA,NA,NA,NA,NA,NA,Kinship coefficient,Loiselle et al 1995,uns,uns,log+fire,"land-use change, wood exploitation and fire",FM,P57-Sp1-FM,Y,N,N,N,N,N,N,N,N,Y,N,N,N,N,N,2019,Castilla,Castilla et al. 2019,"Castilla, A.R., Garrote, P.J., ?ywiec, M., Calvo, G., Suárez-Esteban, A., Delibes, M., Godoy, J.A., Picó, F.X., Fedriani, J.M., 2019. Genetic rescue by distant trees mitigates qualitative pollen limitation imposed by fine-scale spatial genetic structure. Mol. Ecol. 28, 4363–4374. https://doi.org/10.1111/mec.15233",Y,N,N,Y,https ://doi.org/10.5061/dryad.6t72p3j
57,81,Pyrus bourgaeana,Rosaceae,tree/shrub,tree,Perennial,Deciduous,Monoecious,m.out,SI.gam.prob,NA,NA,NA,Biotic,Bs,In,Biotic,Mix-l,"MMa, Un",Spain,Mediterranean landscape,Temperate,Y,N,P2,adult,adult,MG genet,0.39600000000000002,ind/ha,exhaustive reproductive ind ,38,microsatellites,8,Y,NA,NA,0.02,NA,NA,NA,NA,NA,NA,NA,Kinship coefficient,Loiselle et al 1995,uns,uns,log+fire,"land-use change, wood exploitation and fire",FM,P57-Sp1-FM,Y,N,N,N,N,N,N,N,N,Y,N,N,N,N,N,2019,Castilla,Castilla et al. 2019,"Castilla, A.R., Garrote, P.J., ?ywiec, M., Calvo, G., Suárez-Esteban, A., Delibes, M., Godoy, J.A., Picó, F.X., Fedriani, J.M., 2019. Genetic rescue by distant trees mitigates qualitative pollen limitation imposed by fine-scale spatial genetic structure. Mol. Ecol. 28, 4363–4374. https://doi.org/10.1111/mec.15233",Y,N,N,Y,https ://doi.org/10.5061/dryad.6t72p3j
62,86,Annona crassiflora,Annonaceae,tree/shrub,tree,Perennial,Deciduous,Hermaphrodite,NA,protogyny,NA,NA,NA,Biotic,Bs,In,Biotic,Mix-l,Un,Brazil,Savanna,Tropical,N,N,P2,adult,adult,PAB,NA,NA,all ind  4.2 ha,100,microsatellites,10,Y,4.2999999999999997E-2,-2.0299999999999999E-2,2.12E-2,NA,0.17299999999999999,NA,NA,0.60599999999999998,0.73299999999999998,14.2,Kinship coefficient,Loiselle et al 1995,0 y,>80 y,agr+farm,pasture and crops,FH,P62-Sp1-FH,N,N,N,Y,Y,N,N,N,N,N,N,N,N,N,N,2014,Collevatti,Collevatti et al. 2014,"Collevatti, R.G., Telles, M.P.C., Lima, J.S., Gouveia, F.O., Soares, T.N., 2014. Contrasting spatial genetic structure in Annona crassiflora populations from fragmented and pristine savannas. Plant Syst. Evol. 300, 1719–1727. https://doi.org/10.1007/s00606-014-0997-9",Y,Y,Y,Y,N
64,88,Orchis purpurea,Orchidaceae,herb,herb,Perennial,Deciduous,NA,m.out,NA,NA,NA,NA,Biotic,Bs,In,Abiotic,Ab-l,Wi,Belgium,Forest,Temperate,Y,N,P1.1,adult,adult,adults,0.13600000000000001,ind/m2,exhaustive,144,AFLP,3,Y,3.9100000000000003E-2,-1.95E-2,1.95E-2,NA,NA,NA,NA,NA,0.2069,NA,Kinship coefficient,Hardy 2003,<20 y,>20 y,silv,Cambio de manejo a bosque de altura,D,P64-Sp1-D,N,N,N,N,N,N,N,N,N,N,Y,N,N,N,N,2006,Jacquemyn,Jacquemyn et al. 2006,"Jacquemyn, H., Brys, R., Vandepitte, K., Honnay, O., Roldán-Ruiz, I., 2006. Fine-scale genetic structure of life history stages in the food-deceptive orchid Orchis purpurea. Mol. Ecol. 15, 2801–2808. https://doi.org/10.1111/j.1365-294X.2006.02978.x",Y,Y,Y,Y,N
64,88,Orchis purpurea,Orchidaceae,herb,herb,Perennial,Deciduous,NA,m.out,NA,NA,NA,NA,Biotic,Bs,In,Abiotic,Ab-l,Wi,Belgium,Grassland,Temperate,Y,N,P2.1,adult,adult,adults,0.45900000000000002,ind/m2,exhaustive,78,AFLP,3,Y,4.0500000000000001E-2,-2.3900000000000001E-2,2.4899999999999999E-2,NA,NA,NA,NA,NA,0.2117,NA,Kinship coefficient,Hardy 2003,<20 y,>20 y,fert,fertilizer,D,P64-Sp1-D,N,N,N,N,N,N,N,N,N,N,N,N,N,fertilizers,N,2006,Jacquemyn,Jacquemyn et al. 2006,"Jacquemyn, H., Brys, R., Vandepitte, K., Honnay, O., Roldán-Ruiz, I., 2006. Fine-scale genetic structure of life history stages in the food-deceptive orchid Orchis purpurea. Mol. Ecol. 15, 2801–2808. https://doi.org/10.1111/j.1365-294X.2006.02978.x",Y,Y,Y,Y,N
65,89,Orchis mascula,Orchidaceae,herb,herb,Perennial,NA,NA,m.out,NA,NA,NA,NA,Biotic,Bs,In,Abiotic,Ab-l,Wi,Belgium,Forest,Temperate,Y,N,P1.1,adult,adult,S1 adult,NA,NA,exhaustive in plot,77,AFLP,4,Y,0.21299999999999999,-1.2500000000000001E-2,1.2800000000000001E-2,NA,NA,NA,NA,NA,0.15440000000000001,NA,Kinship coefficient,Hardy 2003,>30 y,uns,und,undisturbed for more than 30 y,U,P65-Sp1-U,N,N,N,N,N,N,N,N,N,N,N,N,N,N,Y,2009,Jacquemyn,Jacquemyn et al. 2009,"Jacquemyn, H., Wiegand, T., Vandepitte, K., Brys, R., Roldán-Ruiz, I., Honnay, O., 2009. Multigenerational analysis of spatial structure in the terrestrial, food-deceptive orchid Orchis mascula. J. Ecol. 97, 206–216. https://doi.org/10.1111/j.1365-2745.2008.01464.x",Y,Y,Y,Y,N
65,89,Orchis mascula,Orchidaceae,herb,herb,Perennial,NA,NA,m.out,NA,NA,NA,NA,Biotic,Bs,In,Abiotic,Ab-l,Wi,Belgium,Forest,Temperate,Y,N,P2.1,adult,adult,S2 adult,NA,NA,exhaustive in plot,94,AFLP,4,Y,1.43E-2,-9.2999999999999992E-3,9.4999999999999998E-3,NA,NA,NA,NA,NA,0.153,NA,Kinship coefficient,Hardy 2003,>30 y,uns,und,undisturbed for more than 30 y,U,P65-Sp1-U,N,N,N,N,N,N,N,N,N,N,N,N,N,N,Y,2009,Jacquemyn,Jacquemyn et al. 2009,"Jacquemyn, H., Wiegand, T., Vandepitte, K., Brys, R., Roldán-Ruiz, I., Honnay, O., 2009. Multigenerational analysis of spatial structure in the terrestrial, food-deceptive orchid Orchis mascula. J. Ecol. 97, 206–216. https://doi.org/10.1111/j.1365-2745.2008.01464.x",Y,Y,Y,Y,N
66,90,Sinocalucanthus chinensis,Calycanthaceae,tree/shrub,shrub,Perennial,Deciduous,NA,mixed,SC,NA,NA,NA,Biotic,Bs,In,Abiotic,Ab-s,Gr,China,Evergreen deciduous forest,Tropical,N,Y,P2.prom,defined mixed,defined mixed,"Daming mountain, Age II,III",7.7999999999999996E-3,ind/m2,exhaustive/area,161,ISSR,13,Y,5.9999999999999995E-4,1E-4,1E-4,NA,NA,NA,NA,NA,NA,NA,Aurocorrelation coefficient,Smouse & Peakall 1999,uns,uns,log+open,"habitat destruction, extraction",FM,P66-Sp1-FM,Y,N,Y,N,N,N,N,N,N,N,N,N,N,N,N,2012,Jin,Jin et al. 2012,"Jin, Z., Li, J., Liu, L., 2012. Fine-scale spatial genetic structure within age classes of the two fragmented populations of Sinocalycanthus chinensis Cheng et S.Y. Chang, an endangered plant species endemic to China. Biochem. Syst. Ecol. 43, 117–124. https://doi.org/10.1016/j.bse.2012.02.023.",Y,Y,Y,Y,N
67,91,Trillium camschatcense,Melanthiaceae,herb,herb,Perennial,Evergreen,NA,m.out,NA,NA,NA,NA,Biotic,Bs,In,Biotic,T-s,An,Japan,Temperate deciduous forest,Temperate,N,N,P1,adult,adult,Hiroo,NA,NA,quadrant/exhaustive,151,Allozymes,7,Y,5.1200000000000002E-2,0,5.3E-3,NA,NA,NA,7.0000000000000007E-2,0.15,0.16600000000000001,1.87,Kinship coefficient,Loiselle et al 1995,uns,uns,und,w/o recently disturbance,U,P67-Sp1-U,N,N,N,N,N,N,N,N,N,N,N,N,N,N,Y,2007,Yamagishi,Yamagishi et al. 2007,"Yamagishi, H., Tomimatsu, H., Ohara, M., 2007. Fine-scale spatial genetic structure within continuous and fragmented populations of Trillium camschatcense. J. Hered. 98, 367–372. https://doi.org/10.1093/jhered/esm040",Y,Y,Y,Y,N
67,91,Trillium camschatcense,Melanthiaceae,herb,herb,Perennial,Evergreen,NA,m.out,NA,NA,NA,NA,Biotic,Bs,In,Biotic,T-s,An,Japan,Temperate deciduous forest,Temperate,N,N,P3,adult,adult,Kiyokawa,NA,NA,quadrant/exhaustive,154,Allozymes,7,Y,4.2599999999999999E-2,-0.01,1.6500000000000001E-2,NA,NA,NA,0.18,0.04,8.7999999999999995E-2,1.62,Kinship coefficient,Loiselle et al 1995,uns,uns,agr,agriculture,FM,P67-Sp1-FM,N,N,N,Y,N,N,N,N,N,N,N,N,N,N,N,2007,Yamagishi,Yamagishi et al. 2007,"Yamagishi, H., Tomimatsu, H., Ohara, M., 2007. Fine-scale spatial genetic structure within continuous and fragmented populations of Trillium camschatcense. J. Hered. 98, 367–372. https://doi.org/10.1093/jhered/esm040",Y,Y,Y,Y,N
68,92,Sinojackia rehderiana,Styracaceae,tree/shrub,tree,Perennial,Evergreen,Hermaphrodite,m.out,SC,NA,NA,NA,Biotic,Bs,In,Abiotic,Ab-s,Gr,China,Evergreen forest,Subtropical,N,Y,P1.prom,defined mixed,defined mixed,NA,NA,NA,intensive in transect,322,microsatellites,8,Y,5.8099999999999999E-2,-1.72E-2,1.8249999999999999E-2,NA,NA,NA,-1.5E-3,0.78,0.78749999999999998,NA,Kinship coefficient,Loiselle et al 1995,uns,uns,agr,agriculture,FM,P68-Sp1-FM,N,N,N,Y,N,N,N,N,N,N,N,N,N,N,N,2011,Yao,Yao et al. 2011,"Yao, X., Zhang, J., Ye, Q., Huang, H., 2011. Fine-scale spatial genetic structure and gene flow in a small, fragmented population of Sinojackia rehderiana (Styracaceae), an endangered tree species endemic to China. Plant Biol. 13, 401–410. https://doi.org/10.1111/j.1438-8677.2010.00361.x",Y,Y,Y,Y,N
69,93,Hemerocallis thunbergii,Liliaceae,herb,herb,Perennial,Evergreen,NA,mixed,SC,NA,NA,0.54500000000000004,Biotic,Bs,In,Abiotic,Ab-s,Gr,Korea,Grassland transition to shrubland or forest,Temperate,Y,N,P1,defined mixed,all,HAN1,NA,NA,intensive,87,Allozymes,7,Y,1.6E-2,NA,2.5999999999999999E-2,NA,NA,NA,0.4,0.17699999999999999,0.29499999999999998,2.9,Kinship coefficient,Loiselle et al 1995,NA,uns,log,logging,FL,P69-Sp1-FL,Y,N,N,N,N,N,N,N,N,N,N,N,N,N,N,2007,Chung,Chung et a. 2007,"Chung, M.Y., Nason, J.D., Chung, M.G., 2007. Effects of population succession on demographic and genetic processes: Predictions and tests in the daylily Hemerocallis thunbergii (Liliaceae). Mol. Ecol. 16, 2816–2829. https://doi.org/10.1111/j.1365-294X.2007.03361.x",Y,Y,N,Y,N
70,94,Fagus sylvatica,Fabaceae,tree/shrub,tree,Perennial,Evergreen,NA,m.out,SC,NA,NA,1.7000000000000001E-2,Abiotic,Ab,Wi,Abiotic,Ab-s,Gr,Poland,Coniferous forest,Temperate,N,N,P1,adult,adult,Bobolice,NA,NA,intensive,241,microsatellites,8,Y,2.8000000000000001E-2,NA,7.1999999999999998E-3,NA,NA,NA,3.7999999999999999E-2,6.9599999999999995E-2,NA,NA,Kinship coefficient,NA,< 40 y,< 40 y,und,w/o recent disturbance,U,P70-Sp1-U,N,N,N,N,N,N,N,N,N,N,N,N,N,N,Y,2010,Chybicki,"Chybicki, et al. 2009","Chybicki, I.J., Trojankiewicz, M., Oleksa, A., Dzialuk, A., Burczyk, J., 2009. Isolation-by-distance within naturally established populations of European beech (Fagus sylvatica). Botany 87, 791–798. https://doi.org/10.1139/B09-049.",Y,Y,N,Y,N
70,94,Fagus sylvatica,Fabaceae,tree/shrub,tree,Perennial,Evergreen,NA,m.out,SC,NA,NA,4.0000000000000001E-3,Abiotic,Ab,Wi,Abiotic,Ab-s,Gr,Poland,Coniferous forest,Temperate,N,N,P2,adult,adult,Lutowko,NA,NA,intensive,276,microsatellites,8,Y,2.4E-2,NA,6.7000000000000002E-3,NA,NA,NA,2.1999999999999999E-2,0.72899999999999998,NA,NA,Kinship coefficient,NA,NA,uns,agr+silv,silviculture surrounded by agriculture matrix,FM,P70-Sp1-FM,N,N,N,Y,N,N,N,N,N,N,Y,N,N,N,N,2010,Chybicki,"Chybicki, et al. 2010","Chybicki, I.J., Trojankiewicz, M., Oleksa, A., Dzialuk, A., Burczyk, J., 2009. Isolation-by-distance within naturally established populations of European beech (Fagus sylvatica). Botany 87, 791–798. https://doi.org/10.1139/B09-049.",Y,Y,N,Y,N
71,95,Heliconia acuminata,Heliconiaceae,herb,herb,Perennial,Evergreen,Monoecious,m.out,SI.func,NA,NA,NA,Biotic,Bmx,Bi,Biotic,Mix-l,Bi,Brazil,Tropical forest,Tropical,N,N,P1,adult,adult,NA,NA,NA,intensive,285,microsatellites,10,Y,NA,NA,4.1000000000000003E-3,NA,NA,NA,2.5000000000000001E-2,NA,0.621,NA,Kinship coefficient,Loiselle et al 1995,uns,NA,und,w/o recent disturbance,U,P71-Sp1-U,N,N,N,N,N,N,N,N,N,N,N,N,N,N,Y,2013,Cortes ,Cortes et al. 2013,"Côrtes, M.C., Uriarte, M., Lemes, M.R., Gribel, R., John Kress, W., Smouse, P.E., Bruna, E.M., 2013. Low plant density enhances gene dispersal in the Amazonian understory herb Heliconia acuminata. Mol. Ecol. 22, 5716–5729. https://doi.org/10.1111/mec.12495",Y,N,N,Y,Y
71,95,Heliconia acuminata,Heliconiaceae,herb,herb,Perennial,Evergreen,Monoecious,m.out,SI.func,NA,NA,NA,Biotic,Bmx,Bi,Biotic,Mix-l,Bi,Brazil,Tropical forest,Tropical,N,N,P5,adult,adult,NA,NA,NA,intensive,60,microsatellites,10,Y,NA,NA,1.2500000000000001E-2,NA,NA,NA,6.2E-2,NA,0.70099999999999996,NA,Kinship coefficient,Loiselle et al 1995,uns,< 40 y,exp.frag,experimental fragmentation,FL,P71-Sp1-FL,N,Y,N,N,N,N,N,N,N,N,N,N,N,N,N,2013,Cortes ,Cortes et al. 2013,"Côrtes, M.C., Uriarte, M., Lemes, M.R., Gribel, R., John Kress, W., Smouse, P.E., Bruna, E.M., 2013. Low plant density enhances gene dispersal in the Amazonian understory herb Heliconia acuminata. Mol. Ecol. 22, 5716–5729. https://doi.org/10.1111/mec.12495",Y,N,N,Y,Y
73,97,Prunus serotina,Rosaceae,tree/shrub,tree,Perennial,Deciduous,NA,m.out,SI,NA,NA,NA,Biotic,Bs,In,Biotic,Mix-l,Bi,Poland,Temperate forest,Temperate,Y,N,P2,adult,adult,colonizacion,0.68,,transects in star,180,microsatellites,8,Y,1.43E-2,-6.7200000000000003E-3,6.7999999999999996E-3,NA,NA,NA,1.9E-2,0.68100000000000005,0.69099999999999995,10.625,Kinship coefficient,Loiselle et al 1995,>60 y,since 1960,silv,silviculture,D,P73-Sp1-D,N,N,N,N,N,N,N,N,N,N,Y,N,N,N,N,2018,Dering,Dering et al. 2018,"Dering, M., Sękiewicz, K., Iszkuło, G., Chojnacka, A., Tomaszewski, D., Pers-Kamczyc, E., Karolewski, P., 2018. Spatial genetic structure and clonal structure of Prunus serotina during invasive spread. Silva Fenn. 52, 1–21. https://doi.org/10.14214/sf.9987",Y,Y,Y,Y,N
73,97,Prunus serotina,Rosaceae,tree/shrub,tree,Perennial,Deciduous,NA,m.out,SI,NA,NA,NA,Biotic,Bs,In,Biotic,Mix-l,Bi,Poland,Temperate forest,Temperate,Y,N,P3,adult,adult,established population,1.82,,transects in star,446,microsatellites,8,Y,1.1900000000000001E-2,-5.4200000000000003E-3,5.4000000000000003E-3,NA,NA,NA,1.2999999999999999E-2,0.65,0.65700000000000003,10,Kinship coefficient,Loiselle et al 1995,>60 y,since 1960,silv,silviculture,D,P73-Sp1-D,N,N,N,N,N,N,N,N,N,N,Y,N,N,N,N,2018,Dering,Dering et al. 2018,"Dering, M., Sękiewicz, K., Iszkuło, G., Chojnacka, A., Tomaszewski, D., Pers-Kamczyc, E., Karolewski, P., 2018. Spatial genetic structure and clonal structure of Prunus serotina during invasive spread. Silva Fenn. 52, 1–21. https://doi.org/10.14214/sf.9987",Y,Y,Y,Y,N
73,97,Prunus serotina,Rosaceae,tree/shrub,tree,Perennial,Deciduous,NA,m.out,SI,NA,NA,NA,Biotic,Bs,In,Biotic,Mix-l,Bi,Poland,Temperate forest,Temperate,Y,N,P4,adult,adult,established population,0.84,,transects in star,205,microsatellites,8,Y,2.3199999999999998E-2,-6.4799999999999996E-3,6.6E-3,NA,NA,NA,0.108,0.60599999999999998,0.67400000000000004,11.12,Kinship coefficient,Loiselle et al 1995,>60 y,since 1960,silv,silviculture,D,P73-Sp1-D,N,N,N,N,N,N,N,N,N,N,Y,N,N,N,N,2018,Dering,Dering et al. 2018,"Dering, M., Sękiewicz, K., Iszkuło, G., Chojnacka, A., Tomaszewski, D., Pers-Kamczyc, E., Karolewski, P., 2018. Spatial genetic structure and clonal structure of Prunus serotina during invasive spread. Silva Fenn. 52, 1–21. https://doi.org/10.14214/sf.9987",Y,Y,Y,Y,N
73,97,Prunus serotina,Rosaceae,tree/shrub,tree,Perennial,Deciduous,NA,m.out,SI,NA,NA,NA,Biotic,Bs,In,Biotic,Mix-l,Bi,Poland,Temperate forest,Temperate,N,N,P1,adult,adult,colonization,0.18,,transects in star,109,microsatellites,8,Y,3.4599999999999999E-2,-1.4019999999999999E-2,1.4500000000000001E-2,NA,NA,NA,0.13700000000000001,0.61899999999999999,0.69299999999999995,9.125,Kinship coefficient,Loiselle et al 1995,>60 y,since 1960,agr+log+silv,"agriculture, deforestation, silviculture",FM,P73-Sp1-FM,Y,N,N,Y,N,N,N,N,N,N,Y,N,N,N,N,2018,Dering,Dering et al. 2018,"Dering, M., Sękiewicz, K., Iszkuło, G., Chojnacka, A., Tomaszewski, D., Pers-Kamczyc, E., Karolewski, P., 2018. Spatial genetic structure and clonal structure of Prunus serotina during invasive spread. Silva Fenn. 52, 1–21. https://doi.org/10.14214/sf.9987",Y,Y,Y,Y,N
74,98,Vanilla humblotii,Orchidaceae,herb,herb,Perennial,Evergreen,Hermaphrodite,m.out,SC,NA,NA,6.7000000000000004E-2,Biotic,Bs,In,Abiotic,Ab-l,Wi,Comoros archipelago,Mesophyllous forest,Tropical,N,N,P1.a,adult,adult,genet,NA,NA,transect,42,microsatellites,11,Y,1.2E-2,-1.9E-3,0.02,NA,NA,NA,8.5999999999999993E-2,0.41099999999999998,0.45,NA,Kinship coefficient,Loiselle et al 1995,NA,NA,log,logging,FL,P74-Sp1-FL,Y,N,N,N,N,N,N,N,N,N,N,N,N,N,N,2016,Gigant,Gigant et al. 2016,"Gigant, R.L., De Bruyn, A., M’sa, T., Viscardi, G., Gigord, L., Gauvin-Bialecki, A., Pailler, T., Humeau, L., Grisoni, M., Besse, P., 2016. Combining pollination ecology and fine-scale spatial genetic structure analysis to unravel the reproductive strategy of an insular threatened orchid. South African J. Bot. 105, 25–35. https://doi.org/10.1016/j.sajb.2016.02.205",Y,Y,Y,Y,N
75,99,Syagrus romanzoffiana,Arecaceae,tree/shrub,tree,Perennial,Evergreen,Monoecious,m.out,NA,NA,NA,0,Biotic,Bs,In,Biotic,Mix-l,Un,Argentina,Atlantic forest,Tropical,Y,N,P5,non-adult,seedling,58600,NA,NA,quadrant/exhaustive,52,microsatellites,9,Y,7.8E-2,-8.9999999999999993E-3,8.9999999999999993E-3,NA,NA,NA,5.2999999999999999E-2,NA,0.54,5.61,Kinship coefficient,Loiselle et al 1995,uns,NA,und,w/o recent disturbance,U,P75-Sp1-U,N,N,N,N,N,N,N,N,N,N,N,N,N,N,Y,2017,Giombini,Giombini et al. 2017,"Giombini, M.I., Bravo, S.P., Sica, Y. V., Tosto, D.S., 2017. Early genetic consequences of defaunation in a large-seeded vertebrate-dispersed palm (Syagrus romanzoffiana). Heredity (Edinb). 118, 568–577. https://doi.org/10.1038/hdy.2016.130",Y,Y,Y,Y,Y
75,99,Syagrus romanzoffiana,Arecaceae,tree/shrub,tree,Perennial,Evergreen,Monoecious,m.out,NA,NA,NA,0,Biotic,Bs,In,Biotic,Mix-l,Un,Argentina,Atlantic forest,Tropical,Y,N,P6,non-adult,seedling,58600,NA,NA,quadrant/exhaustive,52,microsatellites,9,Y,2.5000000000000001E-2,-8.0000000000000002E-3,8.0000000000000002E-3,NA,NA,NA,5.5E-2,NA,0.55000000000000004,6.36,Kinship coefficient,Loiselle et al 1995,uns,NA,und,w/o recent disturbance,U,P75-Sp1-U,N,N,N,N,N,N,N,N,N,N,N,N,N,N,Y,2017,Giombini,Giombini et al. 2017,"Giombini, M.I., Bravo, S.P., Sica, Y. V., Tosto, D.S., 2017. Early genetic consequences of defaunation in a large-seeded vertebrate-dispersed palm (Syagrus romanzoffiana). Heredity (Edinb). 118, 568–577. https://doi.org/10.1038/hdy.2016.130",Y,Y,Y,Y,Y
75,99,Syagrus romanzoffiana,Arecaceae,tree/shrub,tree,Perennial,Evergreen,Monoecious,m.out,NA,NA,NA,0,Biotic,Bs,In,Biotic,Mix-l,Un,Argentina,Atlantic forest,Tropical,Y,N,P7,non-adult,seedling,58600,NA,NA,quadrant/exhaustive,51,microsatellites,9,Y,-2.4E-2,-2.4E-2,2.5999999999999999E-2,NA,NA,NA,0.04,NA,0.52,5.61,Kinship coefficient,Loiselle et al 1995,uns,NA,und,w/o recent disturbance,U,P75-Sp1-U,N,N,N,N,N,N,N,N,N,N,N,N,N,N,Y,2017,Giombini,Giombini et al. 2017,"Giombini, M.I., Bravo, S.P., Sica, Y. V., Tosto, D.S., 2017. Early genetic consequences of defaunation in a large-seeded vertebrate-dispersed palm (Syagrus romanzoffiana). Heredity (Edinb). 118, 568–577. https://doi.org/10.1038/hdy.2016.130",Y,Y,Y,Y,Y
75,99,Syagrus romanzoffiana,Arecaceae,tree/shrub,tree,Perennial,Evergreen,Monoecious,m.out,NA,NA,NA,0.01,Biotic,Bs,In,Biotic,Mix-l,Un,Argentina,Atlantic forest,Tropical,Y,N,P1,non-adult,seedling,90 ha ,NA,NA,quadrant/exhaustive,52,microsatellites,9,Y,0.126,-2.7E-2,3.1E-2,NA,NA,NA,8.0000000000000002E-3,NA,0.53,5.38,Kinship coefficient,Loiselle et al 1995,NA,< 40 y,open+urb,open areas by human settlements,FH,P75-Sp1-FH,N,N,Y,N,N,Y,N,N,N,N,N,N,N,N,N,2017,Giombini,Giombini et al. 2017,"Giombini, M.I., Bravo, S.P., Sica, Y. V., Tosto, D.S., 2017. Early genetic consequences of defaunation in a large-seeded vertebrate-dispersed palm (Syagrus romanzoffiana). Heredity (Edinb). 118, 568–577. https://doi.org/10.1038/hdy.2016.130",Y,Y,Y,Y,Y
75,99,Syagrus romanzoffiana,Arecaceae,tree/shrub,tree,Perennial,Evergreen,Monoecious,m.out,NA,NA,NA,0.01,Biotic,Bs,In,Biotic,Mix-l,Un,Argentina,Atlantic forest,Tropical,Y,N,P2,non-adult,seedling,150,NA,NA,quadrant/exhaustive,52,microsatellites,9,Y,7.0000000000000007E-2,-8.0000000000000002E-3,8.0000000000000002E-3,NA,NA,NA,6.0000000000000001E-3,NA,0.56000000000000005,5.42,Kinship coefficient,Loiselle et al 1995,NA,< 40 y,open+urb,open areas by human settlements,FH,P75-Sp1-FH,N,N,Y,N,N,Y,N,N,N,N,N,N,N,N,N,2017,Giombini,Giombini et al. 2017,"Giombini, M.I., Bravo, S.P., Sica, Y. V., Tosto, D.S., 2017. Early genetic consequences of defaunation in a large-seeded vertebrate-dispersed palm (Syagrus romanzoffiana). Heredity (Edinb). 118, 568–577. https://doi.org/10.1038/hdy.2016.130",Y,Y,Y,Y,Y
75,99,Syagrus romanzoffiana,Arecaceae,tree/shrub,tree,Perennial,Evergreen,Monoecious,m.out,NA,NA,NA,0.01,Biotic,Bs,In,Biotic,Mix-l,Un,Argentina,Atlantic forest,Tropical,Y,N,P3,non-adult,seedling,25,NA,NA,quadrant/exhaustive,52,microsatellites,9,Y,0.10199999999999999,-2.9000000000000001E-2,3.2000000000000001E-2,NA,NA,NA,-8.0000000000000002E-3,NA,0.53,5.7,Kinship coefficient,Loiselle et al 1995,NA,< 40 y,open+urb,open areas by human settlements,FH,P75-Sp1-FH,N,N,Y,N,N,Y,N,N,N,N,N,N,N,N,N,2017,Giombini,Giombini et al. 2017,"Giombini, M.I., Bravo, S.P., Sica, Y. V., Tosto, D.S., 2017. Early genetic consequences of defaunation in a large-seeded vertebrate-dispersed palm (Syagrus romanzoffiana). Heredity (Edinb). 118, 568–577. https://doi.org/10.1038/hdy.2016.130",Y,Y,Y,Y,Y
76,100,Dysoxylum malabaricum,Meliaceae,tree/shrub,tree,Perennial,Evergreen,Monoecious,m.out,NA,NA,NA,4.0000000000000001E-3,Biotic,Bs,In,Biotic,Mix-l,Bi,India,Tropical rainforest,Tropical,N,N,P1,adult,adult,NA,1.72,,intensive,235,microsatellites,11,Y,0.14000000000000001,-1.0699999999999999E-2,1.0699999999999999E-2,NA,NA,NA,NA,0.628,0.66600000000000004,NA,Kinship coefficient,NA,NA,>100 y,def,plantation,D,P76-Sp1-D,N,N,N,N,N,N,N,N,N,N,N,N,Y,N,N,2012,Ismail,Ismail et al. 2012,"Ismail, S.A., Ghazoul, J., Ravikanth, G., Uma Shaanker, R., Kushalappa, C.G., Kettle, C.J., 2012. Does long-distance pollen dispersal preclude inbreeding in tropical trees? Fragmentation genetics of Dysoxylum malabaricum in an agro-forest landscape. Mol. Ecol. 21, 5484–5496. https://doi.org/10.1111/mec.12054",Y,Y,Y,Y,Y
77,101,Thuja occidentalis,Cupressaceae,tree/shrub,tree,Perennial,Evergreen,Monoecious,mixed,NA,NA,NA,0.54,Abiotic,Ab,Wi,Abiotic,Ab-l,Wi,Canada,Coniferous forest,Temperate,Y,N,P1,non-defined mixed,non-defined mixed,NA,46.72,tree/ha,intensive,100,microsatellites,6,Y,4.7E-2,-1.7000000000000001E-2,1.7999999999999999E-2,NA,7.0000000000000001E-3,NA,NA,0.64,0.66200000000000003,10.08,Kinship coefficient,NA,uns,NA,und,undisturbed,U,P77-Sp1-U,N,N,N,N,N,N,N,N,N,N,N,N,N,N,Y,2012,Pandey,Pandey & Rajora 2012,"Pandey, M., Rajora, O.P., 2012. Higher fine-scale genetic structure in peripheral than in core populations of a long-lived and mixed-mating conifer - Eastern white cedar (Thuja occidentalis L.). BMC Evol. Biol. 12. https://doi.org/10.1186/1471-2148-12-48",Y,Y,Y,Y,N
77,101,Thuja occidentalis,Cupressaceae,tree/shrub,tree,Perennial,Evergreen,Monoecious,mixed,NA,NA,NA,0.54,Abiotic,Ab,Wi,Abiotic,Ab-l,Wi,Canada,Coniferous forest,Temperate,Y,N,P2,non-defined mixed,non-defined mixed,NA,58.82,tree/ha,intensive,100,microsatellites,6,Y,1.4999999999999999E-2,-8.9999999999999993E-3,8.9999999999999993E-3,NA,-2.5000000000000001E-2,NA,NA,0.64,0.64,16.68,Kinship coefficient,NA,uns,NA,und,undisturbed,U,P77-Sp1-U,N,N,N,N,N,N,N,N,N,N,N,N,N,N,Y,2012,Pandey,Pandey & Rajora 2012,"Pandey, M., Rajora, O.P., 2012. Higher fine-scale genetic structure in peripheral than in core populations of a long-lived and mixed-mating conifer - Eastern white cedar (Thuja occidentalis L.). BMC Evol. Biol. 12. https://doi.org/10.1186/1471-2148-12-48",Y,Y,Y,Y,N
77,101,Thuja occidentalis,Cupressaceae,tree/shrub,tree,Perennial,Evergreen,Monoecious,mixed,NA,NA,NA,0.54,Abiotic,Ab,Wi,Abiotic,Ab-l,Wi,Canada,Coniferous forest,Temperate,Y,N,P3,non-defined mixed,non-defined mixed,NA,18.2,tree/ha,intensive,100,microsatellites,6,Y,4.4999999999999998E-2,-1.5E-3,1.6E-2,NA,0.05,NA,NA,0.56999999999999995,0.56999999999999995,8.42,Kinship coefficient,NA,NA,long time,agr+silv,agriculture and silviculture,FM,P77-Sp1-FM,N,N,N,Y,N,N,N,N,N,N,Y,N,N,N,N,2012,Pandey,Pandey & Rajora 2012,"Pandey, M., Rajora, O.P., 2012. Higher fine-scale genetic structure in peripheral than in core populations of a long-lived and mixed-mating conifer - Eastern white cedar (Thuja occidentalis L.). BMC Evol. Biol. 12. https://doi.org/10.1186/1471-2148-12-48",Y,Y,Y,Y,N
77,101,Thuja occidentalis,Cupressaceae,tree/shrub,tree,Perennial,Evergreen,Monoecious,mixed,NA,NA,NA,0.54,Abiotic,Ab,Wi,Abiotic,Ab-l,Wi,Canada,Coniferous forest,Temperate,Y,N,P4,non-defined mixed,non-defined mixed,NA,24,tree/ha,intensive,94,microsatellites,6,Y,7.0000000000000007E-2,-2.8999999999999998E-3,3.1E-2,NA,4.3999999999999997E-2,NA,NA,0.505,0.505,7.66,Kinship coefficient,NA,NA,long time,agr+silv,agriculture and silviculture,FM,P77-Sp1-FM,N,N,N,Y,N,N,N,N,N,N,Y,N,N,N,N,2012,Pandey,Pandey & Rajora 2012,"Pandey, M., Rajora, O.P., 2012. Higher fine-scale genetic structure in peripheral than in core populations of a long-lived and mixed-mating conifer - Eastern white cedar (Thuja occidentalis L.). BMC Evol. Biol. 12. https://doi.org/10.1186/1471-2148-12-48",Y,Y,Y,Y,N
79,103,Acacia aroma,Fabaceae,tree/shrub,tree,Perennial,Evergreen,NA,m.out,NA,NA,NA,NA,Biotic,Bs,In,Biotic,Mix-l,Un,Argentina,Dry forest,Tropical,Y,N,P1,adult,adult,LA,NA,NA,intensive,50,AFLP,4,Y,0.04,-0.01,0.02,NA,NA,NA,NA,NA,0.21,NA,Kinship coefficient,NA,NA,>100 y,log+farm+agr,almost totally deforested and highly disturbed,FH,P79-Sp1-FH,Y,N,N,Y,Y,N,N,N,N,N,N,N,N,N,N,2018,Pometti,Pometti et al. 2018,"Pometti, C., Bessega, C., Cialdella, A., Ewens, M., Saidman, B., Vilardi, J., 2018. Spatial genetic structure within populations and management implications of the South American species Acacia aroma (Fabaceae). PLoS One 13, 1–14. https://doi.org/10.1371/journal.pone.0192107",Y,Y,Y,Y,N
79,103,Acacia aroma,Fabaceae,tree/shrub,tree,Perennial,Evergreen,NA,m.out,NA,NA,NA,NA,Biotic,Bs,In,Biotic,Mix-l,Un,Argentina,Dry forest,Tropical,Y,N,P3,adult,adult,RO,NA,NA,intensive,22,AFLP,4,Y,0.05,-0.05,0.05,NA,NA,NA,NA,NA,0.21,NA,Kinship coefficient,NA,NA,>100 y,agr+farm+roads,"agriculture, farming, roads",FH,P79-Sp1-FH,N,N,N,Y,Y,N,N,N,Y,N,N,N,N,N,N,2018,Pometti,Pometti et al. 2018,"Pometti, C., Bessega, C., Cialdella, A., Ewens, M., Saidman, B., Vilardi, J., 2018. Spatial genetic structure within populations and management implications of the South American species Acacia aroma (Fabaceae). PLoS One 13, 1–14. https://doi.org/10.1371/journal.pone.0192107",Y,Y,Y,Y,N
79,103,Acacia aroma,Fabaceae,tree/shrub,tree,Perennial,Evergreen,NA,m.out,NA,NA,NA,NA,Biotic,Bs,In,Biotic,Mix-l,Un,Argentina,Dry forest,Tropical,Y,N,P6,adult,adult,QU,NA,NA,intensive,50,AFLP,4,Y,0.15,-0.06,7.0000000000000007E-2,NA,NA,NA,NA,NA,0.23,NA,Kinship coefficient,NA,NA,>100 y,agr+farm,"agriculture, farming",FH,P79-Sp1-FH,N,N,N,Y,Y,N,N,N,N,N,N,N,N,N,N,2018,Pometti,Pometti et al. 2018,"Pometti, C., Bessega, C., Cialdella, A., Ewens, M., Saidman, B., Vilardi, J., 2018. Spatial genetic structure within populations and management implications of the South American species Acacia aroma (Fabaceae). PLoS One 13, 1–14. https://doi.org/10.1371/journal.pone.0192107",Y,Y,Y,Y,N
80,104,Prunus avium,Rosaceae,tree/shrub,tree,Perennial,Evergreen,NA,m.out,NA,NA,NA,NA,Biotic,Bs,In,Biotic,Mix-l,"Bi, MMa",Inglaterra,Temperate forest,Temperate,Y,N,P1,adult,adult,NA,NA,NA,intensive,314,microsatellites,13,Y,6.0999999999999999E-2,-2.8000000000000001E-2,0.03,NA,NA,NA,NA,0.71599999999999997,0.67900000000000005,7.42,Kinship coefficient,Loiselle et al 1995,uns,NA,und,under management for conservation,U,P80-Sp1-U,N,N,N,N,N,N,N,N,N,N,N,N,N,N,Y,2007,Vaughan,Vaughan et al. 2007,"Vaughan, S.P., Cottrell, J.E., Moodley, D.J., Connolly, T., Russell, K., 2007. Distribution and fine-scale spatial-genetic structure in British wild cherry (Prunus avium L.). Heredity (Edinb). 98, 274–283. https://doi.org/10.1038/sj.hdy.6800935",Y,Y,Y,Y,N
80,104,Prunus avium,Rosaceae,tree/shrub,tree,Perennial,Evergreen,NA,m.out,NA,NA,NA,NA,Biotic,Bs,In,Biotic,Mix-l,"Bi, MMa",Inglaterra,Temperate forest,Temperate,Y,N,P2,adult,adult,NA,NA,NA,intensive,237,microsatellites,13,Y,8.3000000000000004E-2,-4.1000000000000002E-2,4.4999999999999998E-2,NA,NA,NA,NA,0.71399999999999997,0.68899999999999995,7.77,Kinship coefficient,Loiselle et al 1995,uns,NA,und,undisturbed,U,P80-Sp1-U,N,N,N,N,N,N,N,N,N,N,N,N,N,N,Y,2007,Vaughan,Vaughan et al. 2007,"Vaughan, S.P., Cottrell, J.E., Moodley, D.J., Connolly, T., Russell, K., 2007. Distribution and fine-scale spatial-genetic structure in British wild cherry (Prunus avium L.). Heredity (Edinb). 98, 274–283. https://doi.org/10.1038/sj.hdy.6800935",Y,Y,Y,Y,N
81,105,Glycine soja,Fabaceae,tree/shrub,tree,Perennial,Evergreen,NA,m.self,SC,0.17,tm,NA,Biotic,Bs,In,Abiotic,Ab-s,Au,China,Riparian vegetation,Tropical,N,N,P4,adult,adult,KL,NA,NA,intensive,616,microsatellites,17,Y,0.20699999999999999,-6.7000000000000004E-2,8.5000000000000006E-2,NA,NA,NA,0.95899999999999996,1.7000000000000001E-2,0.48,2.0499999999999998,Kinship coefficient,Loiselle et al 1995,uns,NA,und,preserved,U,P81-Sp1-U,N,N,N,N,N,N,N,N,N,N,N,N,N,N,Y,2009,Zhao,Zhao et al 2009,"Zhao, R., Xia, H., Lu, B.R., 2009. Fine-scale genetic structure enhances biparental inbreeding by promoting mating events between more related individuals in wild soybean (Glycine soja; Fabaceae) populations. Am. J. Bot. 96, 1138–1147. https://doi.org/10.3732/ajb.0800173",Y,Y,Y,Y,N
81,105,Glycine soja,Fabaceae,tree/shrub,tree,Perennial,Evergreen,NA,m.self,SC,0.13500000000000001,tm,NA,Biotic,Bs,In,Abiotic,Ab-s,Au,China,Riparian vegetation,Tropical,Y,N,P1,adult,adult,JW1,NA,NA,intensive,110,microsatellites,17,Y,0.23899999999999999,-3.3000000000000002E-2,4.3999999999999997E-2,NA,NA,NA,0.93600000000000005,0.04,0.57999999999999996,2.67,Kinship coefficient,Loiselle et al 1995,NA,uns,log+urb,deforestation and urbanization,FH,P81-Sp1-FH,Y,N,N,N,N,Y,N,N,N,N,N,N,N,N,N,2009,Zhao,Zhao et al 2009,"Zhao, R., Xia, H., Lu, B.R., 2009. Fine-scale genetic structure enhances biparental inbreeding by promoting mating events between more related individuals in wild soybean (Glycine soja; Fabaceae) populations. Am. J. Bot. 96, 1138–1147. https://doi.org/10.3732/ajb.0800173",Y,Y,Y,Y,N
81,105,Glycine soja,Fabaceae,tree/shrub,tree,Perennial,Evergreen,NA,m.self,SC,0.128,tm,NA,Biotic,Bs,In,Abiotic,Ab-s,Au,China,Riparian vegetation,Tropical,Y,N,P2,adult,adult,JW2,NA,NA,intensive,128,microsatellites,17,Y,0.08,-3.3000000000000002E-2,3.5999999999999997E-2,NA,NA,NA,0.93300000000000005,3.9E-2,0.59,2.7,Kinship coefficient,Loiselle et al 1995,NA,uns,log+urb,deforestation and urbanization,FH,P81-Sp1-FH,Y,N,N,N,N,Y,N,N,N,N,N,N,N,N,N,2009,Zhao,Zhao et al 2009,"Zhao, R., Xia, H., Lu, B.R., 2009. Fine-scale genetic structure enhances biparental inbreeding by promoting mating events between more related individuals in wild soybean (Glycine soja; Fabaceae) populations. Am. J. Bot. 96, 1138–1147. https://doi.org/10.3732/ajb.0800173",Y,Y,Y,Y,N
81,105,Glycine soja,Fabaceae,tree/shrub,tree,Perennial,Evergreen,NA,m.self,SC,0.16300000000000001,tm,NA,Biotic,Bs,In,Abiotic,Ab-s,Au,China,Riparian vegetation,Tropical,Y,N,P3,adult,adult,BJ,NA,NA,intensive,515,microsatellites,17,Y,0.42799999999999999,-7.2999999999999995E-2,0.128,NA,NA,NA,0.96499999999999997,0.02,0.47,2.1,Kinship coefficient,Loiselle et al 1995,uns,NA,urb,urbanization,FH,P81-Sp1-FH,N,N,N,N,N,Y,N,N,N,N,N,N,N,N,N,2009,Zhao,Zhao et al 2009,"Zhao, R., Xia, H., Lu, B.R., 2009. Fine-scale genetic structure enhances biparental inbreeding by promoting mating events between more related individuals in wild soybean (Glycine soja; Fabaceae) populations. Am. J. Bot. 96, 1138–1147. https://doi.org/10.3732/ajb.0800173",Y,Y,Y,Y,N
82,106,Lodoicea maldivica,Arecaceae,tree/shrub,tree,Perennial,Evergreen,Dioecious,m.out,NA,NA,NA,NA,Mixed,Bmx,Re,Abiotic,Ab-s,Gr,Seychelles archipelago,Tropical forest,Tropical,Y,N,P1.1,adult,adult,VdM adult,NA,NA,intensive,339,microsatellites,12,Y,5.5E-2,-1.0999999999999999E-2,1.0999999999999999E-2,2E-3,NA,NA,NA,NA,NA,NA,Kinship coefficient,Loisellle et al 1995,uns,NA,und,w/o recent disturbance,U,P82-Sp1-U,N,N,N,N,N,N,N,N,N,N,N,N,N,N,Y,2017,Morgan,Morgan et al. 2017,"Morgan, E.J., Kaiser-Bunbury, C.N., Edwards, P.J., Fleischer-Dogley, F., Kettle, C.J., 2017. Keeping it in the family: strong fine-scale genetic structure and inbreeding in Lodoicea maldivica, the largest-seeded plant in the world. Conserv. Genet. 18, 1317–1329. https://doi.org/10.1007/s10592-017-0982-2",Y,Y,Y,N,N
82,106,Lodoicea maldivica,Arecaceae,tree/shrub,tree,Perennial,Evergreen,Dioecious,m.out,NA,NA,NA,NA,Mixed,Bmx,Re,Abiotic,Ab-s,Gr,Seychelles archipelago,Tropical forest,Tropical,Y,N,P2.1,adult,adult,FP adult,NA,NA,intensive,158,microsatellites,12,Y,0.04,-6.0000000000000001E-3,6.0000000000000001E-3,1E-3,NA,NA,NA,NA,NA,NA,Kinship coefficient,Loisellle et al 1995,uns,NA,und,w/o recent disturbance,U,P82-Sp1-U,N,N,N,N,N,N,N,N,N,N,N,N,N,N,Y,2017,Morgan,Morgan et al. 2017,"Morgan, E.J., Kaiser-Bunbury, C.N., Edwards, P.J., Fleischer-Dogley, F., Kettle, C.J., 2017. Keeping it in the family: strong fine-scale genetic structure and inbreeding in Lodoicea maldivica, the largest-seeded plant in the world. Conserv. Genet. 18, 1317–1329. https://doi.org/10.1007/s10592-017-0982-3",Y,Y,Y,N,N
82,106,Lodoicea maldivica,Arecaceae,tree/shrub,tree,Perennial,Evergreen,Dioecious,m.out,NA,NA,NA,NA,Mixed,Bmx,Re,Abiotic,Ab-s,Gr,Seychelles archipelago,Tropical forest,Tropical,Y,N,P3.1,adult,adult,FF adult,NA,NA,intensive,143,microsatellites,12,Y,3.1E-2,-8.9999999999999993E-3,8.9999999999999993E-3,2E-3,NA,NA,NA,NA,NA,NA,Kinship coefficient,Loisellle et al 1995,uns,NA,und,w/o recent disturbance,U,P82-Sp1-U,N,N,N,N,N,N,N,N,N,N,N,N,N,N,Y,2017,Morgan,Morgan et al. 2017,"Morgan, E.J., Kaiser-Bunbury, C.N., Edwards, P.J., Fleischer-Dogley, F., Kettle, C.J., 2017. Keeping it in the family: strong fine-scale genetic structure and inbreeding in Lodoicea maldivica, the largest-seeded plant in the world. Conserv. Genet. 18, 1317–1329. https://doi.org/10.1007/s10592-017-0982-4",Y,Y,Y,N,N
82,106,Lodoicea maldivica,Arecaceae,tree/shrub,tree,Perennial,Evergreen,Dioecious,m.out,NA,NA,NA,NA,Mixed,Bmx,Re,Abiotic,Ab-s,Gr,Seychelles archipelago,Tropical forest,Tropical,N,N,P4.1,adult,adult,CU adult,NA,NA,intensive,119,microsatellites,12,Y,7.5999999999999998E-2,-8.0000000000000002E-3,8.9999999999999993E-3,2E-3,NA,NA,NA,NA,NA,NA,Kinship coefficient,Loisellle et al 1995,NA,uns,log,deforestation,FL,P82-Sp1-FL,Y,N,N,N,N,N,N,N,N,N,N,N,N,N,N,2017,Morgan,Morgan et al. 2017,"Morgan, E.J., Kaiser-Bunbury, C.N., Edwards, P.J., Fleischer-Dogley, F., Kettle, C.J., 2017. Keeping it in the family: strong fine-scale genetic structure and inbreeding in Lodoicea maldivica, the largest-seeded plant in the world. Conserv. Genet. 18, 1317–1329. https://doi.org/10.1007/s10592-017-0982-5",Y,Y,Y,N,N
83,107,Oenocarpus bataua,Arecaceae,tree/shrub,tree,Perennial,Evergreen,Monoecious,m.out,NA,NA,NA,NA,Biotic,Bs,In,Biotic,Mix-l,Bi,Ecuador,Rainforest,Tropical,N,N,P2,non-adult,seedling,Continuous forest (10 plots),NA,NA,"circular plot 10 m diam, seedling",176,microsatellites,9,Y,3.5000000000000003E-2,-0.01,1.0999999999999999E-2,NA,NA,NA,NA,NA,0.62,2.0699999999999998,Kinship coefficient,Loisellle et al 1995,uns,NA,und,relatively non impacted,U,P83-Sp1-U,N,N,N,N,N,N,N,N,N,N,N,N,N,N,Y,2018,Browne,Browne & Karubian 2018,"Browne, L., Karubian, J., 2018. Habitat loss and fragmentation reduce effective gene flow by disrupting seed dispersal in a neotropical palm. Mol. Ecol. 27, 3055–3069. https://doi.org/10.1111/mec.14765",Y,Y,Y,Y,https://doi.org/10.6084/m9.figshare.5142173
83,107,Oenocarpus bataua,Arecaceae,tree/shrub,tree,Perennial,Evergreen,Monoecious,m.out,NA,NA,NA,NA,Biotic,Bs,In,Biotic,Mix-l,Bi,Ecuador,Rainforest,Tropical,N,N,P1,non-adult,seedling,Forest fragments (11),NA,NA,"circular plot 10 m diam, seedling",156,microsatellites,9,Y,5.7000000000000002E-2,-2.5000000000000001E-2,2.5999999999999999E-2,NA,NA,NA,NA,NA,0.6,2.0299999999999998,Kinship coefficient,Loisellle et al 1995,NA,<40 y,log+agr,"deforestation, plantation or pasture matrix",FM,P83-Sp1-FM,Y,N,N,Y,N,N,N,N,N,N,N,N,N,N,N,2018,Browne,Browne & Karubian 2018,"Browne, L., Karubian, J., 2018. Habitat loss and fragmentation reduce effective gene flow by disrupting seed dispersal in a neotropical palm. Mol. Ecol. 27, 3055–3069. https://doi.org/10.1111/mec.14765",Y,Y,Y,Y,https://doi.org/10.6084/m9.figshare.5142172
84,108,Nothofagus pumilio,Nothofagaceae,tree/shrub,tree/shrub,Perennial,Deciduous,Monoecious,m.out,SI,NA,NA,NA,Abiotic,Ab,Wi,Abiotic,Ab-s,Gr,Argentina,Temperate forest,Temperate,N,N,P5,defined mixed,defined mixed,OT1208 (age range 28-206 y),NA,NA,"9 trees/plot, 10 plot/stand",41,"microsatellites, isoenzymes","5, 5",Y,0.35399999999999998,-2E-3,3.0000000000000001E-3,NA,NA,NA,NA,NA,NA,NA,Kinship coefficient,Loisellle et al 1995,uns,uns,fire,fire stand,D,P84-Sp1-D,N,N,N,N,N,N,N,N,N,Y,N,N,N,N,N,2013,Mathiasen,Mathiasen & Premoli 2013,"Mathiasen, P., Premoli, A.C., 2013. Fine-scale genetic structure of Nothofagus pumilio (lenga) at contrasting elevations of the altitudinal gradient. Genetica 141, 95–105. https://doi.org/10.1007/s10709-013-9709-6",Y,Y,Y,Y,N
85,109,Entandrophragma cylindricum,Meliaceae,tree/shrub,tree,Perennial,Semideciduous,Hermaphrodite,m.out,SC,0.92500000000000004,tm,NA,Biotic,Bs,In,Abiotic,Ab-l,Wi,Cameroon,Tropical forest,Tropical,N,N,P1,adult,adult,"FMU 10,046 & 10,060",47.5,ind/ha,non exhaustive 4 transects,393,microsatellites,8,Y,NA,NA,5.7999999999999996E-3,NA,6.0000000000000001E-3,NA,NA,0.53900000000000003,0.79900000000000004,16.07,Kinship coefficient,Loisellle et al 1995,<25 y,>25 y,silv,Selective logging,D,P85-Sp1-D,N,N,N,N,N,N,N,N,N,N,Y,N,N,N,N,2017,Monthe,Monthe et al. 2017,"Monthe, F.K., Hardy, O.J., Doucet, J.L., Loo, J., Duminil, J., 2017. Extensive seed and pollen dispersal and assortative mating in the rain forest tree Entandrophragma cylindricum (Meliaceae) inferred from indirect and direct analyses. Mol. Ecol. 26, 5279–5291. https://doi.org/10.1111/mec.14241",Y,N,N,Y,https://doi.org/10.5061/dryad.09330.
86,110,Menyanthes trifoliata,Menyanthaceae,herb,herb,Perennial,Deciduous,Hermaphrodite,m.out,SI,NA,NA,NA,Biotic,Bs,In,Mixed,Ab-l,Wa,Belgium,Bog,Temperate,Y,N,P1,adult,adult,GFA (bog),NA,NA,"2 plots, intersction points in grill",23,microsatellites,11,Y,2.4E-2,-8.9999999999999993E-3,8.9999999999999993E-3,NA,NA,NA,NA,NA,0.82,4.78,Kinship coefficient,Loisellle et al 1995,NA,>150 y,agr+urb+road,"Land-use change ( matrix of roads, buildings, agriculture or forest)",FH,P86-Sp1-FH,N,N,N,Y,N,Y,N,N,Y,N,N,N,N,N,N,2015,Raabova,Raabova et al. 2015,"Raabová, J., Van Rossum, F., Jacquemart, A.L., Raspé, O., 2015. Population size affects genetic diversity and fine-scale spatial genetic structure in the clonal distylous herb Menyanthes trifoliata. Perspect. Plant Ecol. Evol. Syst. 17, 193–200. https://doi.org/10.1016/j.ppees.2015.02.005",Y,Y,Y,N,N
86,110,Menyanthes trifoliata,Menyanthaceae,herb,herb,Perennial,Deciduous,Hermaphrodite,m.out,SI,NA,NA,NA,Biotic,Bs,In,Mixed,Ab-l,Wa,Belgium,Bog,Temperate,Y,N,P2,adult,adult,MAS (bog),NA,NA,"2 plots, intersction points in grill",25,microsatellites,11,Y,7.2999999999999995E-2,-2.8000000000000001E-2,0.03,NA,NA,NA,NA,NA,0.8,4.3499999999999996,Kinship coefficient,Loisellle et al 1995,NA,>150 y,agr+urb+road,"Land-use change ( matrix of roads, buildings, agriculture or forest)",FH,P86-Sp1-FH,N,N,N,Y,N,Y,N,N,Y,N,N,N,N,N,N,2015,Raabova,Raabova et al. 2015,"Raabová, J., Van Rossum, F., Jacquemart, A.L., Raspé, O., 2015. Population size affects genetic diversity and fine-scale spatial genetic structure in the clonal distylous herb Menyanthes trifoliata. Perspect. Plant Ecol. Evol. Syst. 17, 193–200. https://doi.org/10.1016/j.ppees.2015.02.005",Y,Y,Y,N,N
86,110,Menyanthes trifoliata,Menyanthaceae,herb,herb,Perennial,Deciduous,Hermaphrodite,m.out,SI,NA,NA,NA,Biotic,Bs,In,Mixed,Ab-l,Wa,Belgium,Bog,Temperate,Y,N,P3,adult,adult,POU,NA,NA,"2 plots, intersction points in grill",25,microsatellites,11,Y,0.104,-6.3E-2,7.0999999999999994E-2,NA,NA,NA,NA,NA,0.76,3.3,Kinship coefficient,Loisellle et al 1995,NA,>150 y,agr+urb+road,"Land-use change ( matrix of roads, buildings, agriculture or forest)",FH,P86-Sp1-FH,N,N,N,Y,N,Y,N,N,Y,N,N,N,N,N,N,2015,Raabova,Raabova et al. 2015,"Raabová, J., Van Rossum, F., Jacquemart, A.L., Raspé, O., 2015. Population size affects genetic diversity and fine-scale spatial genetic structure in the clonal distylous herb Menyanthes trifoliata. Perspect. Plant Ecol. Evol. Syst. 17, 193–200. https://doi.org/10.1016/j.ppees.2015.02.005",Y,Y,Y,N,N
86,110,Menyanthes trifoliata,Menyanthaceae,herb,herb,Perennial,Deciduous,Hermaphrodite,m.out,SI,NA,NA,NA,Biotic,Bs,In,Mixed,Ab-l,Wa,Belgium,Bog,Temperate,Y,N,P4,adult,adult,FRA,NA,NA,"2 plots, intersction points in grill",21,microsatellites,11,Y,2.1000000000000001E-2,-5.2999999999999999E-2,5.3999999999999999E-2,NA,NA,NA,NA,NA,0.82,4.88,Kinship coefficient,Loisellle et al 1995,NA,>150 y,agr+urb+road,"Land-use change ( matrix of roads, buildings, agriculture or forest)",FH,P86-Sp1-FH,N,N,N,Y,N,Y,N,N,Y,N,N,N,N,N,N,2015,Raabova,Raabova et al. 2015,"Raabová, J., Van Rossum, F., Jacquemart, A.L., Raspé, O., 2015. Population size affects genetic diversity and fine-scale spatial genetic structure in the clonal distylous herb Menyanthes trifoliata. Perspect. Plant Ecol. Evol. Syst. 17, 193–200. https://doi.org/10.1016/j.ppees.2015.02.005",Y,Y,Y,N,N
86,110,Menyanthes trifoliata,Menyanthaceae,herb,herb,Perennial,Deciduous,Hermaphrodite,m.out,SI,NA,NA,NA,Biotic,Bs,In,Mixed,Ab-l,Wa,Belgium,Fen,Temperate,Y,N,P5,adult,adult,SAM (fen),NA,NA,"2 plots, intersction points in grill",47,microsatellites,11,Y,5.2999999999999999E-2,-1.2999999999999999E-2,1.4E-2,NA,NA,NA,NA,NA,0.83,5.15,Kinship coefficient,Loisellle et al 1995,NA,>150 y,agr+urb+road,"Land-use change ( matrix of roads, buildings, agriculture or forest)",FH,P86-Sp1-FH,N,N,N,Y,N,Y,N,N,Y,N,N,N,N,N,N,2015,Raabova,Raabova et al. 2015,"Raabová, J., Van Rossum, F., Jacquemart, A.L., Raspé, O., 2015. Population size affects genetic diversity and fine-scale spatial genetic structure in the clonal distylous herb Menyanthes trifoliata. Perspect. Plant Ecol. Evol. Syst. 17, 193–200. https://doi.org/10.1016/j.ppees.2015.02.005",Y,Y,Y,N,N
86,110,Menyanthes trifoliata,Menyanthaceae,herb,herb,Perennial,Deciduous,Hermaphrodite,m.out,SI,NA,NA,NA,Biotic,Bs,In,Mixed,Ab-l,Wa,Belgium,Fen,Temperate,Y,N,P6,adult,adult,HEI (fen),NA,NA,"2 plots, intersction points in grill",52,microsatellites,11,Y,6.5000000000000002E-2,-2.7E-2,2.9000000000000001E-2,NA,NA,NA,NA,NA,0.84,5.21,Kinship coefficient,Loisellle et al 1995,NA,>150 y,agr+urb+road,"Land-use change ( matrix of roads, buildings, agriculture or forest)",FH,P86-Sp1-FH,N,N,N,Y,N,Y,N,N,Y,N,N,N,N,N,N,2015,Raabova,Raabova et al. 2015,"Raabová, J., Van Rossum, F., Jacquemart, A.L., Raspé, O., 2015. Population size affects genetic diversity and fine-scale spatial genetic structure in the clonal distylous herb Menyanthes trifoliata. Perspect. Plant Ecol. Evol. Syst. 17, 193–200. https://doi.org/10.1016/j.ppees.2015.02.005",Y,Y,Y,N,N
86,110,Menyanthes trifoliata,Menyanthaceae,herb,herb,Perennial,Deciduous,Hermaphrodite,m.out,SI,NA,NA,NA,Biotic,Bs,In,Mixed,Ab-l,Wa,Belgium,Fen,Temperate,Y,N,P7,adult,adult,STO,NA,NA,"2 plots, intersction points in grill",20,microsatellites,11,Y,0.05,-5.1999999999999998E-2,5.5E-2,NA,NA,NA,NA,NA,0.8,4.32,Kinship coefficient,Loisellle et al 1995,NA,>150 y,agr+urb+road,"Land-use change ( matrix of roads, buildings, agriculture or forest)",FH,P86-Sp1-FH,N,N,N,Y,N,Y,N,N,Y,N,N,N,N,N,N,2015,Raabova,Raabova et al. 2015,"Raabová, J., Van Rossum, F., Jacquemart, A.L., Raspé, O., 2015. Population size affects genetic diversity and fine-scale spatial genetic structure in the clonal distylous herb Menyanthes trifoliata. Perspect. Plant Ecol. Evol. Syst. 17, 193–200. https://doi.org/10.1016/j.ppees.2015.02.005",Y,Y,Y,N,N
86,110,Menyanthes trifoliata,Menyanthaceae,herb,herb,Perennial,Deciduous,Hermaphrodite,m.out,SI,NA,NA,NA,Biotic,Bs,In,Mixed,Ab-l,Wa,Belgium,Fen,Temperate,Y,N,P8,adult,adult,GRE,NA,NA,"2 plots, intersction points in grill",20,microsatellites,11,Y,3.5999999999999997E-2,-3.2000000000000001E-2,3.4000000000000002E-2,NA,NA,NA,NA,NA,0.8,4.3600000000000003,Kinship coefficient,Loisellle et al 1995,NA,>150 y,agr+urb+road,"Land-use change ( matrix of roads, buildings, agriculture or forest)",FH,P86-Sp1-FH,N,N,N,Y,N,Y,N,N,Y,N,N,N,N,N,N,2015,Raabova,Raabova et al. 2015,"Raabová, J., Van Rossum, F., Jacquemart, A.L., Raspé, O., 2015. Population size affects genetic diversity and fine-scale spatial genetic structure in the clonal distylous herb Menyanthes trifoliata. Perspect. Plant Ecol. Evol. Syst. 17, 193–200. https://doi.org/10.1016/j.ppees.2015.02.005",Y,Y,Y,N,N
86,110,Menyanthes trifoliata,Menyanthaceae,herb,herb,Perennial,Deciduous,Hermaphrodite,m.out,SI,NA,NA,NA,Biotic,Bs,In,Mixed,Ab-l,Wa,Belgium,Fen,Temperate,Y,N,P9,adult,adult,PLA,NA,NA,"2 plots, intersction points in grill",17,microsatellites,11,Y,5.6000000000000001E-2,-5.1999999999999998E-2,5.5E-2,NA,NA,NA,NA,NA,0.77,3.71,Kinship coefficient,Loisellle et al 1995,NA,>150 y,agr+urb+road,"Land-use change ( matrix of roads, buildings, agriculture or forest)",FH,P86-Sp1-FH,N,N,N,Y,N,Y,N,N,Y,N,N,N,N,N,N,2015,Raabova,Raabova et al. 2015,"Raabová, J., Van Rossum, F., Jacquemart, A.L., Raspé, O., 2015. Population size affects genetic diversity and fine-scale spatial genetic structure in the clonal distylous herb Menyanthes trifoliata. Perspect. Plant Ecol. Evol. Syst. 17, 193–200. https://doi.org/10.1016/j.ppees.2015.02.005",Y,Y,Y,N,N
87,111,Zamia furfuraceae,Cycadaceae,tree/shrub,shrub,Perennial,Evergreen,Dioecious,m.out,NA,NA,NA,NA,Biotic,Bs,In,Abiotic,Ab-s,Gr,Mexico,Tropical forest,Tropical,N,N,P1,defined mixed,all,La Catalana,NA,NA,intensive,115,ISSR,9,Y,2E-3,3.2919999999999998,1.1379999999999999E-3,2.4669999999999999E-5,NA,NA,NA,NA,0.27700000000000002,NA,Kinship coefficient,Ritland 1996,NA,10 y,urb,urbanization,FH,P87-Sp1-FH,N,N,N,N,N,Y,N,N,N,N,N,N,N,N,N,2017,Octavio-Aguilar,Octavio-Aguilar et al 2017,"Octavio-Aguilar, P., Iglesias-Andreu, L.G., de Cáceres-González, F.F.N., Galván-Hernández, D.M., 2017. Fine-scale genetic structure of Zamia furfuracea: Variation with life-cycle stages. Int. J. Plant Sci. 178, 57–66. https://doi.org/10.1086/689200",Y,Y,Y,Y,N
88,112,Halophila ovalis,Hydrocharitaceae,herb,herb,Perennial,Evergreen,Dioecious,m.out,NA,NA,NA,NA,Abiotic,Ab,Wa,Abiotic,Ab-l,Wa,China,Meadow,Tropical,N,N,P1,non-defined mixed,non-defined mixed,Xialongwei central genet,997.3,shoots/m2,grill 20x40 m,160,microsatellites,8,Y,7.6700000000000004E-2,-1.3299999999999999E-2,1.44E-2,NA,NA,NA,-5.1999999999999998E-2,NA,0.68799999999999994,NA,Kinship coefficient,Loisellle et al 1995,NA,NA,und,more preserved,U,P88-Sp1-U,N,N,N,N,N,N,N,N,N,N,N,N,N,N,Y,2019,Xu,Xu et al. 2019,"Xu, N., Jiang, K., Biswas, S.R., Tong, X., Wang, R., Chen, X., 2019. Clone Configuration and Spatial Genetic Structure of Two Halophila ovalis Populations With Contrasting Internode Lengths. Front. Ecol. Evol. 7, 1–13. https://doi.org/10.3389/fevo.2019.00170",Y,Y,Y,Y,10.5061/dryad.68s80k7
88,112,Halophila ovalis,Hydrocharitaceae,herb,herb,Perennial,Evergreen,Dioecious,m.out,NA,NA,NA,NA,Abiotic,Ab,Wa,Abiotic,Ab-l,Wa,China,Meadow,Tropical,N,N,P2,non-defined mixed,non-defined mixed,Yingluo central genet,1446.4,shoots/m2,grill 20x40 m,160,microsatellites,8,Y,3.6499999999999998E-2,-7.4999999999999997E-3,7.9000000000000008E-3,NA,NA,NA,0.248,NA,0.29499999999999998,NA,Kinship coefficient,Loisellle et al 1995,uns,uns,log,land extension by anthropogenic disturbance,FL,P88-Sp1-FL,Y,N,N,N,N,N,N,N,N,N,N,N,N,N,N,2019,Xu,Xu et al. 2019,"Xu, N., Jiang, K., Biswas, S.R., Tong, X., Wang, R., Chen, X., 2019. Clone Configuration and Spatial Genetic Structure of Two Halophila ovalis Populations With Contrasting Internode Lengths. Front. Ecol. Evol. 7, 1–13. https://doi.org/10.3389/fevo.2019.00170",Y,Y,Y,Y,10.5061/dryad.68s80k7
90,114,Glechoma longituba,Lamiaceae,herb,herb,Perennial,Deciduous,NA,NA,NA,NA,NA,NA,Biotic,Bs,In,Abiotic,Ab-s,Gr,China,Forest,Subtropical,N,N,P1,non-defined mixed,non-defined mixed,Shuiqubian: open field beside of channel),NA,NA,intersection grill 50x50 cm,106,ISSR,6,Y,NA,NA,5.5800000000000002E-2,NA,NA,NA,NA,NA,6.2700000000000006E-2,NA,Aurocorrelation coefficient,NA,uns,NA,und,more preserved,U,P90-Sp1-U,N,N,N,N,N,N,N,N,N,N,N,N,N,N,Y,2015,Zuo,Zuo et al. 2015,"Zuo, W., Song, W., Jin, Z., Li, J., 2015. Fine-scale spatial genetic structure of Glechoma longituba. Shengtai Xuebao/ Acta Ecol. Sin. 35, 5761–5768. https://doi.org/10.5846/stxb201312223001",Y,N,N,Y,N
90,114,Glechoma longituba,Lamiaceae,herb,herb,Perennial,Deciduous,NA,NA,NA,NA,NA,NA,Biotic,Bs,In,Abiotic,Ab-s,Gr,China,Forest,Subtropical,N,N,P2,non-defined mixed,non-defined mixed,Pinggecum: open field beside village crops,NA,NA,intersection grill 50x50 cm,115,ISSR,6,Y,NA,NA,9.4399999999999998E-2,NA,NA,NA,NA,NA,7.3000000000000001E-3,NA,Aurocorrelation coefficient,NA,NA,uns,agr+farm,"side of crops, farming",FH,P90-Sp1-FH,N,N,N,Y,Y,N,N,N,N,N,N,N,N,N,N,2015,Zuo,Zuo et al. 2015,"Zuo, W., Song, W., Jin, Z., Li, J., 2015. Fine-scale spatial genetic structure of Glechoma longituba. Shengtai Xuebao/ Acta Ecol. Sin. 35, 5761–5768. https://doi.org/10.5846/stxb201312223001",Y,N,N,Y,N
91,115,Mercurialis perennis,Euphorbiaceae,herb,herb,Perennial,NA,Dioecious,m.out,NA,NA,NA,NA,Abiotic,Ab,Wi,Biotic,T-s,An,Belgium,Forest,Temperate,Y,N,P5,non-defined mixed,non-defined mixed,closed A,NA,NA,every 50 cm in perpendicular axis 20 m,49,AFLP,3,Y,7.5999999999999998E-2,-9.5000000000000001E-2,0.1,NA,NA,NA,NA,NA,NA,NA,Kinship coefficient,Hardy 2003,uns,NA,und,continuous canopy,U,P91-Sp1-U,N,N,N,N,N,N,N,N,N,N,N,N,N,N,Y,2009,Vandepitte,Vandepitte et al. 2009,"Vandepitte, K., Roldán-Ruiz, I., Leus, L., Jacquemyn, H., Honnay, O., 2009. Canopy closure shapes clonal diversity and fine-scale genetic structure in the dioecious understorey perennial Mercurialis perennis. J. Ecol. 97, 404–414. https://doi.org/10.1111/j.1365-2745.2009.01484.x",Y,Y,Y,Y,N
91,115,Mercurialis perennis,Euphorbiaceae,herb,herb,Perennial,NA,Dioecious,m.out,NA,NA,NA,NA,Abiotic,Ab,Wi,Biotic,T-s,An,Belgium,Forest,Temperate,Y,N,P6,non-defined mixed,non-defined mixed,closed B,NA,NA,every 50 cm in perpendicular axis 20 m,43,AFLP,3,Y,6.0999999999999999E-2,-8.3000000000000004E-2,8.7999999999999995E-2,NA,NA,NA,NA,NA,NA,NA,Kinship coefficient,Hardy 2003,uns,NA,und,continuous canopy,U,P91-Sp1-U,N,N,N,N,N,N,N,N,N,N,N,N,N,N,Y,2009,Vandepitte,Vandepitte et al. 2009,"Vandepitte, K., Roldán-Ruiz, I., Leus, L., Jacquemyn, H., Honnay, O., 2009. Canopy closure shapes clonal diversity and fine-scale genetic structure in the dioecious understorey perennial Mercurialis perennis. J. Ecol. 97, 404–414. https://doi.org/10.1111/j.1365-2745.2009.01484.x",Y,Y,Y,Y,N
91,115,Mercurialis perennis,Euphorbiaceae,herb,herb,Perennial,NA,Dioecious,m.out,NA,NA,NA,NA,Abiotic,Ab,Wi,Biotic,T-s,An,Belgium,Forest,Temperate,Y,N,P3,non-defined mixed,non-defined mixed,small gaps A,NA,NA,every 50 cm in perpendicular axis 20 m,36,AFLP,3,Y,6.8000000000000005E-2,-7.0000000000000007E-2,7.4999999999999997E-2,NA,NA,NA,NA,NA,NA,NA,Kinship coefficient,Hardy 2003,NA,uns,open.small,small clearing,FL,P91-Sp1-FL,N,N,small,N,N,N,N,N,N,N,N,N,N,N,N,2009,Vandepitte,Vandepitte et al. 2009,"Vandepitte, K., Roldán-Ruiz, I., Leus, L., Jacquemyn, H., Honnay, O., 2009. Canopy closure shapes clonal diversity and fine-scale genetic structure in the dioecious understorey perennial Mercurialis perennis. J. Ecol. 97, 404–414. https://doi.org/10.1111/j.1365-2745.2009.01484.x",Y,Y,Y,Y,N
91,115,Mercurialis perennis,Euphorbiaceae,herb,herb,Perennial,NA,Dioecious,m.out,NA,NA,NA,NA,Abiotic,Ab,Wi,Biotic,T-s,An,Belgium,Forest,Temperate,Y,N,P4,non-defined mixed,non-defined mixed,small gaps B,NA,NA,every 50 cm in perpendicular axis 20 m,27,AFLP,3,Y,7.3999999999999996E-2,-9.0999999999999998E-2,9.8000000000000004E-2,NA,NA,NA,NA,NA,NA,NA,Kinship coefficient,Hardy 2003,NA,uns,open.small,small clearing,FL,P91-Sp1-FL,N,N,small,N,N,N,N,N,N,N,N,N,N,N,N,2009,Vandepitte,Vandepitte et al. 2009,"Vandepitte, K., Roldán-Ruiz, I., Leus, L., Jacquemyn, H., Honnay, O., 2009. Canopy closure shapes clonal diversity and fine-scale genetic structure in the dioecious understorey perennial Mercurialis perennis. J. Ecol. 97, 404–414. https://doi.org/10.1111/j.1365-2745.2009.01484.x",Y,Y,Y,Y,N
91,115,Mercurialis perennis,Euphorbiaceae,herb,herb,Perennial,NA,Dioecious,m.out,NA,NA,NA,NA,Abiotic,Ab,Wi,Biotic,T-s,An,Belgium,Forest,Temperate,Y,N,P1,non-defined mixed,non-defined mixed,large gaps A,NA,NA,every 50 cm in perpendicular axis 20 m,29,AFLP,3,Y,6.8000000000000005E-2,-4.9000000000000002E-2,5.1999999999999998E-2,NA,NA,NA,NA,NA,NA,NA,Kinship coefficient,Hardy 2003,NA,uns,open.big,big clearing,FM,P91-Sp1-FM,N,N,big,N,N,N,N,N,N,N,N,N,N,N,N,2009,Vandepitte,Vandepitte et al. 2009,"Vandepitte, K., Roldán-Ruiz, I., Leus, L., Jacquemyn, H., Honnay, O., 2009. Canopy closure shapes clonal diversity and fine-scale genetic structure in the dioecious understorey perennial Mercurialis perennis. J. Ecol. 97, 404–414. https://doi.org/10.1111/j.1365-2745.2009.01484.x",Y,Y,Y,Y,N
91,115,Mercurialis perennis,Euphorbiaceae,herb,herb,Perennial,NA,Dioecious,m.out,NA,NA,NA,NA,Abiotic,Ab,Wi,Biotic,T-s,An,Belgium,Forest,Temperate,Y,N,P2,non-defined mixed,non-defined mixed,large gaps B,NA,NA,every 50 cm in perpendicular axis 20 m,19,AFLP,3,Y,0.05,-3.7999999999999999E-2,0.04,NA,NA,NA,NA,NA,NA,NA,Kinship coefficient,Hardy 2003,NA,uns,open.big,big clearing,FM,P91-Sp1-FM,N,N,big,N,N,N,N,N,N,N,N,N,N,N,N,2009,Vandepitte,Vandepitte et al. 2009,"Vandepitte, K., Roldán-Ruiz, I., Leus, L., Jacquemyn, H., Honnay, O., 2009. Canopy closure shapes clonal diversity and fine-scale genetic structure in the dioecious understorey perennial Mercurialis perennis. J. Ecol. 97, 404–414. https://doi.org/10.1111/j.1365-2745.2009.01484.x",Y,Y,Y,Y,N
92,116,Glycine soja,Fabaceae,herb,herb,Anual,NA,NA,m.self,NA,1-2.3 to 17-25,%,NA,Biotic,Bs,In,Abiotic,Ab-s,Au,China,Deciduous forest,Tropical,N,N,P1,non-defined mixed,non-defined mixed,BYD-1: orilla lago,2.86E-2,ind/m2,grill 5m,100,ISSR,15,Y,0.14119999999999999,-8.2699999999999996E-2,9.6299999999999997E-2,NA,NA,NA,NA,NA,NA,NA,Kinship coefficient,Hardy 2003,NA,NA,und,menos disturbio,U,P92-Sp1-U,N,N,N,N,N,N,N,N,N,N,N,N,N,N,Y,2006,Jin,Jin et al. 2006,"Jin, Y., He, T., Lu, B.R., 2006. Genetic spatial clustering: Significant implications for conservation of wild soybean (Glycine soja: Fabaceae). Genetica 128, 41–49. https://doi.org/10.1007/s10709-005-4823-8",Y,Y,Y,Y,N
92,116,Glycine soja,Fabaceae,herb,herb,Anual,NA,NA,m.self,NA,1-2.3 to 17-26,%,NA,Biotic,Bs,In,Abiotic,Ab-s,Au,China,Deciduous forest,Tropical,N,N,P2,non-defined mixed,non-defined mixed,BYD-2: rural road,4.1799999999999997E-2,ind/m2,almost all ind,68,ISSR,15,Y,0.13450000000000001,-6.5100000000000005E-2,7.5200000000000003E-2,NA,NA,NA,NA,NA,NA,NA,Kinship coefficient,Hardy 2003,NA,uns,road,rural road,FL,P92-Sp1-FL,N,N,N,N,N,N,N,N,rural,N,N,N,N,N,N,2006,Jin,Jin et al. 2006,"Jin, Y., He, T., Lu, B.R., 2006. Genetic spatial clustering: Significant implications for conservation of wild soybean (Glycine soja: Fabaceae). Genetica 128, 41–49. https://doi.org/10.1007/s10709-005-4823-8",Y,Y,Y,Y,N
92,116,Glycine soja,Fabaceae,herb,herb,Anual,NA,NA,m.self,NA,1-2.3 to 17-27,%,NA,Biotic,Bs,In,Abiotic,Ab-s,Au,China,Deciduous forest,Tropical,N,N,P3,non-defined mixed,non-defined mixed,PJ:foot road on nature reserve,5.62E-2,ind/m2,almost all ind,99,ISSR,15,Y,0.1076,-5.7599999999999998E-2,6.4500000000000002E-2,NA,NA,NA,NA,NA,NA,NA,Kinship coefficient,Hardy 2003,NA,uns,road,foot road,FL,P92-Sp1-FL,N,N,N,N,N,N,N,N,rural,N,N,N,N,N,N,2006,Jin,Jin et al. 2006,"Jin, Y., He, T., Lu, B.R., 2006. Genetic spatial clustering: Significant implications for conservation of wild soybean (Glycine soja: Fabaceae). Genetica 128, 41–49. https://doi.org/10.1007/s10709-005-4823-8",Y,Y,Y,Y,N
93,117,Parkia biglobosa,Fabaceae,tree/shrub,tree,Perennial,Deciduous,Monoecious,m.out,SC,1,tm,2E-3,Biotic,Bmx,"Ba,In",Biotic,Mix-l,"Bi,Pr,Ro",Burkina Faso,Savanna,Tropical,Y,N,P2,adult,adult,Cassou,8.3000000000000007,adult/ha,exhaustive (adults & seedlings) in plot & 4 transects 5km (Adults),616,microsatellites,10,Y,1.2E-2,NA,3.0000000000000001E-3,NA,NA,NA,-2E-3,0.79,0.79,15.5,Kinship coefficient,Loiselle et al 1995,NA,<30 y,agfor,parkland (w/o pesticides or cotton),D,P93-Sp1-D,N,N,N,N,N,N,N,N,N,N,N,Y,N,N,N,2020,Lompo,Lompo et al. 2020,"Lompo, D., Vinceti, B., Konrad, H., Duminil, J., Geburek, T., 2020. Fine-scale spatial genetic structure, mating, and gene dispersal patterns in Parkia biglobosa populations with different levels of habitat fragmentation. Appl. Plant Sci. 107, 1041–1053. https://doi.org/10.1002/ajb2.1504",Y,N,Y,Y,https://doi.org/10.5061/dryad.4xgxd2565
93,117,Parkia biglobosa,Fabaceae,tree/shrub,tree,Perennial,Deciduous,Monoecious,m.out,SC,0.996,tm,7.0000000000000001E-3,Biotic,Bmx,"Ba,In",Biotic,Mix-l,"Bi,Pr,Ro",Burkina Faso,Savanna,Tropical,Y,N,P3,adult,adult,Walley,4.7,adult/ha,exhaustive (adults & seedlings) in plot & 4 transects 5km (Adults),593,microsatellites,10,Y,0.02,NA,2E-3,NA,NA,NA,0.01,0.8,0.8,16.59,Kinship coefficient,Loiselle et al 1995,NA,<60 y,agfor+pest,parkland (cultivo de algodón-maiz con pesticidas),D,P93-Sp1-D,N,N,N,N,N,N,N,N,N,N,N,Y,N,pesticide,N,2020,Lompo,Lompo et al. 2020,"Lompo, D., Vinceti, B., Konrad, H., Duminil, J., Geburek, T., 2020. Fine-scale spatial genetic structure, mating, and gene dispersal patterns in Parkia biglobosa populations with different levels of habitat fragmentation. Appl. Plant Sci. 107, 1041–1053. https://doi.org/10.1002/ajb2.1504",Y,N,Y,Y,https://doi.org/10.5061/dryad.4xgxd2566
94,118,Shorea xanthophylla,Dipterocarpaceae,tree/shrub,tree,Perennial,Evergreen,Monoecious,m.out,SC,NA,NA,NA,Biotic,Bs,In,Abiotic,Ab-s,Gr,Malaysia,Moist tropical forest,Tropical,N,N,P1,adult,adult,Sepilok forest reserve,5.48,adult/ha,quadrants in transects,170,microsatellites,6,Y,4.5999999999999999E-2,-6.0000000000000001E-3,7.0000000000000001E-3,NA,NA,NA,6.9000000000000006E-2,0.61599999999999999,0.66200000000000003,8.0670000000000002,Kinship coefficient,Loiselle et al 1995,NA,uns,agr, forest patch surrounded by agriculture matrix,FM,P94-Sp1-FM,N,N,N,Y,N,N,N,N,N,N,N,N,N,N,N,2011,Kettle,Kettle et al. 2011,"Kettle, C.J., Hollingsworth, P.M., Burslem, D.F.R.P., Maycock, C.R., Khoo, E., Ghazoul, J., 2011. Determinants of fine-scale spatial genetic structure in three co-occurring rain forest canopy trees in Borneo. Perspect. Plant Ecol. Evol. Syst. 13, 47–56. https://doi.org/10.1016/j.ppees.2010.11.002",Y,Y,Y,Y,N
94,119,Parashorea tomentella,Dipterocarpaceae,tree/shrub,tree,Perennial,Evergreen,Monoecious,m.out,SC,NA,NA,NA,Biotic,Bs,In,Abiotic,Ab-s,Gr,Malaysia,Moist tropical forest,Tropical,N,N,P1,adult,adult,Sepilok forest reserve,1.63,adult/ha,quadrants in transects,222,microsatellites,6,Y,8.3000000000000004E-2,-1.0999999999999999E-2,1.2E-2,NA,NA,7.8E-2,5.8999999999999997E-2,0.57199999999999995,0.60799999999999998,10.676,Kinship coefficient,Loiselle et al 1995,NA,uns,agr, forest patch surrounded by agriculture matrix,FM,P94-Sp2-FM,N,N,N,Y,N,N,N,N,N,N,N,N,N,N,N,2011,Kettle,Kettle et al. 2011,"Kettle, C.J., Hollingsworth, P.M., Burslem, D.F.R.P., Maycock, C.R., Khoo, E., Ghazoul, J., 2011. Determinants of fine-scale spatial genetic structure in three co-occurring rain forest canopy trees in Borneo. Perspect. Plant Ecol. Evol. Syst. 13, 47–56. https://doi.org/10.1016/j.ppees.2010.11.002",Y,Y,Y,Y,N
96,123,Persoonia mollis ssp nectens,Proteaceae,tree/shrub,shrub,Perennial,Evergreen,Hermaphrodite,m.out,SI,NA,NA,NA,Biotic,Bs,In,Abiotic,Ab-s,Gr,Australia,Sclerophyllous forests,Temperate,N,N,P1,non-adult,seedling,2005 seedlings,NA,NA,intensive on transect,175,microsatellites,6,Y,0.192,-4.3999999999999997E-2,5.5E-2,NA,NA,NA,0.247,0.48199999999999998,0.61899999999999999,4.3600000000000003,Kinship coefficient,Loisellle et al 1996,>10 y,<10 y,fire,two wildfires,D,P96-Sp1-D,N,N,N,N,N,N,N,N,N,Y,N,N,N,N,N,2009,Ayre,Ayre et al. 2009,"Ayre, D., Ottewell, K., Krauss, S., Whelan, RJ. 2009. Genetic structure of seedling cohorts following repeated wildfires in the fire-sensitive shrub Persoonia mollis ssp nectens. Journal of Ecology 97(4): 752-760. https://doi.org/10.1111/j.1365-2745.2009.01516.x",Y,Y,Y,Y,N
