cf01_seed_id,canonical_search_key,input_doi,input_citation,resolution_status,resolution_method,openalex_id,resolved_doi,resolved_title,work_identity_key,work_identity_status,canonical_seed_id_for_work,seed_ids_sharing_resolved_work,n_seed_ids_sharing_resolved_work,outcome_opened
CF01S0001,CF01:P2_CF01_GPAIR_002,10.1186/1471-2156-15-31,"Yineger, H., Schmidt, D.J., Hughes, J.M. (2014). Genetic structuring of remnant forest patches in an endangered medicinal tree in North-western Ethiopia. BMC Genetics 15:31.",resolved,openalex_doi_exact,W2024956185,10.1186/1471-2156-15-31,Genetic structuring of remnant forest patches in an endangered medicinal tree in North-western Ethiopia,OPENALEX:W2024956185,resolved_unique_work,CF01S0001,CF01S0001,1,no
CF01S0002,PRIMARY:PS002,10.1186/1472-6785-13-10,Pollen flow and effects of population structure on selfing rates and female and male reproductive success in fragmented Magnolia stellata populations (2013),resolved,openalex_doi_exact,W2170962995,10.1186/1472-6785-13-10,Pollen flow and effects of population structure on selfing rates and female and male reproductive success in fragmented Magnolia stellata populations,OPENALEX:W2170962995,resolved_unique_work,CF01S0002,CF01S0002,1,no
CF01S0003,PRIMARY:PS004,10.1002/ajb2.16157,Gone with the wind: Negative genetic and progeny fitness consequences of habitat fragmentation in the wind pollinated dioecious tree Brosimum alicastrum (2023),resolved,openalex_doi_exact,W4327846094,10.1002/ajb2.16157,Gone with the wind: Negative genetic and progeny fitness consequences of habitat fragmentation in the wind pollinated dioecious tree Brosimum alicastrum,OPENALEX:W4327846094,resolved_unique_work,CF01S0003,CF01S0003,1,no
CF01S0004,PRIMARY:PS005,10.1007/s11284-007-0345-4,Pollination and reproductive success across volcanic damage on Miyake-jima (2008),resolved,openalex_doi_exact,W2059257368,10.1007/s11284-007-0345-4,Impact of volcanic activity on a plant‐pollinator module in an island ecosystem: the example of the association of Camellia japonica and Zosterops japonica,OPENALEX:W2059257368,resolved_unique_work,CF01S0004,CF01S0004,1,no
CF01S0005,PRIMARY:PS006,10.1371/journal.pone.0062696,Pollen flow and next-generation genetics across volcanic damage on Miyake-jima (2013),resolved,openalex_doi_exact,W2050171490,10.1371/journal.pone.0062696,Resilient Plant–Bird Interactions in a Volcanic Island Ecosystem: Pollination of Japanese Camellia Mediated by the Japanese White-Eye,OPENALEX:W2050171490,resolved_unique_work,CF01S0005,CF01S0005,1,no
CF01S0006,PRIMARY:PS007,10.1111/j.1469-8137.2006.01880.x,Density-dependent pollinator activity and reproductive response in fragmented urban populations (2006),resolved,openalex_doi_exact,W2169551703,10.1111/j.1469-8137.2006.01880.x,Pollination processes and the Allee effect in highly fragmented populations: consequences for the mating system in urban environments,OPENALEX:W2169551703,resolved_unique_work,CF01S0006,CF01S0006,1,no
CF01S0007,PRIMARY:PS008,10.1038/hdy.2013.3,Contemporary pollen and seed dispersal in fragmented urban patch networks (2013),resolved,openalex_doi_exact,W2090713369,10.1038/hdy.2013.3,Inferring contemporary dispersal processes in plant metapopulations: comparison of direct and indirect estimates of dispersal for the annual species Crepis sancta,OPENALEX:W2090713369,resolved_unique_work,CF01S0007,CF01S0007,1,no
CF01S0008,PRIMARY:PS010,10.1007/s10531-021-02256-x,Adult genetic structure and historical habitat connectivity (2021),resolved,openalex_doi_exact,W3185037414,10.1007/s10531-021-02256-x,Genetic and ecological consequences of recent habitat fragmentation in a narrow endemic plant species within an urban context,OPENALEX:W3185037414,resolved_unique_work,CF01S0008,CF01S0008,1,no
CF01S0009,PRIMARY:PS011,10.1002/ece3.73406,Contemporary offspring paternity and pollen flow across fragmented versus continuous habitat (2026),resolved,openalex_doi_exact,W7154064628,10.1002/ece3.73406,Exchanging Genes Within a City: Analysis of Pollen Flow Patterns in a Narrow Endemic Plant Species Threatened by Urbanisation,OPENALEX:W7154064628,resolved_unique_work,CF01S0009,CF01S0009,1,no
CF01S0010,PRIMARY:PS014,10.1111/1365-2745.14452,Habitat edges decrease plant reproductive output in fragmented landscapes (2025),resolved,openalex_doi_exact,W4404831733,10.1111/1365-2745.14452,Habitat edges decrease plant reproductive output in fragmented landscapes,OPENALEX:W4404831733,resolved_unique_work,CF01S0010,CF01S0010,1,no
CF01S0011,PRIMARY:PS015,10.1016/j.biocon.2020.108824,Habitat fragmentation restricts insect pollinators and pollen quality in a threatened Proteaceae species (2020),resolved,openalex_doi_exact,W3100118178,10.1016/j.biocon.2020.108824,Habitat fragmentation restricts insect pollinators and pollen quality in a threatened Proteaceae species,OPENALEX:W3100118178,resolved_unique_work,CF01S0011,CF01S0011,1,no
CF01S0012,PRIMARY:PS016,10.1016/j.biocon.2025.111044,"Small populations, big challenges: Genetic, demographic, and landscape context collectively shape population performance of a perennial herb (2025)",resolved,openalex_doi_exact,W4408094175,10.1016/j.biocon.2025.111044,"Small populations, big challenges: Genetic, demographic, and landscape context collectively shape population performance of a perennial herb",OPENALEX:W4408094175,resolved_unique_work,CF01S0012,CF01S0012,1,no
CF01S0013,SF04:SF04R02,,Cunha et al. (2011) Genetica 139: 1159-1168,unresolved,crossref_bibliographic_to_openalex_doi,,,,UNRESOLVED:CF01S0013,unresolved_seed_identity,CF01S0013,CF01S0013,1,no
CF01S0014,SF04:SF04R04,,Chung & Nason (2007) Biological Conservation 137: 125-137,resolved,crossref_bibliographic_to_openalex_doi,W2092212341,10.1016/j.biocon.2007.01.021,Spatial demographic and genetic consequences of harvesting within populations of the terrestrial orchid Cymbidium goeringii,OPENALEX:W2092212341,resolved_unique_work,CF01S0014,CF01S0014,1,no
CF01S0015,SF04:SF04R05,,Souto & Premoli (2003) Botanical Bulletin Academia Sinica Taipei 44: 329-336,unresolved,crossref_bibliographic_to_openalex_doi,,,,UNRESOLVED:CF01S0015,unresolved_seed_identity,CF01S0015,CF01S0015,1,no
CF01S0016,SF04:SF04R06,,Farwig et al. (2008) Conservation Genetics 9: 317-326,resolved,crossref_bibliographic_to_openalex_doi,W1995600119,10.1007/s10592-007-9343-x,"Human disturbance reduces genetic diversity of an endangered tropical tree, Prunus africana (Rosaceae)",OPENALEX:W1995600119,resolved_unique_work,CF01S0016,CF01S0016,1,no
CF01S0017,SF04:SF04R07,,Suni & Whiteley (2015) Conservation Genetics 16: 1431-1442,resolved,crossref_bibliographic_to_openalex_doi,W887491439,10.1007/s10592-015-0751-z,Genetic structure of a montane perennial plant: the influence of landscape and flowering phenology,OPENALEX:W887491439,resolved_unique_work,CF01S0017,CF01S0017,1,no
CF01S0018,SF04:SF04R08,,Korshikov et al. (2015) Cytology and Genetics 49: 102-108,resolved,crossref_bibliographic_to_openalex_doi,W2470420892,10.3103/s0095452715020048,Genetic diversity and mating system of Pinus brutia var. stankewiczii Sukacz. in small localities of Sudak (Crimea),OPENALEX:W2470420892,resolved_unique_work,CF01S0018,CF01S0018,1,no
CF01S0019,SF04:SF04R09,,Rymer et al. (2015) Heredity 115: 115-124,resolved,crossref_bibliographic_to_openalex_doi,W1970015625,10.1038/hdy.2013.73,Remnant Pachira quinata pasture trees have greater opportunities to self and suffer reduced reproductive success due to inbreeding depression,OPENALEX:W1970015625,resolved_unique_work,CF01S0019,CF01S0019,1,no
CF01S0020,SF04:SF04R10,,Jump & Peñuelas (2006) Proceedings of the National Academy of Sciences USA 103: 8096-8100,resolved,crossref_bibliographic_to_openalex_doi,W2098334721,10.1073/pnas.0510127103,Genetic effects of chronic habitat fragmentation in a wind-pollinated tree,OPENALEX:W2098334721,resolved_unique_work,CF01S0020,CF01S0020,1,no
CF01S0021,SF04:SF04R11,,White & Powell (1997) Molecular Ecology 6: 851-860,unresolved,crossref_bibliographic_to_openalex_doi,,,,UNRESOLVED:CF01S0021,unresolved_seed_identity,CF01S0021,CF01S0021,1,no
CF01S0022,SF04:SF04R12,,Novick et al. (2003) Molecular Ecology 12: 2885-2893,resolved,crossref_bibliographic_to_openalex_doi,W2100926279,10.1046/j.1365-294x.2003.01951.x,Genetic structure of Mesoamerican populations of Big‐leaf mahogany (Swietenia macrophylla) inferred from microsatellite analysis,OPENALEX:W2100926279,resolved_unique_work,CF01S0022,CF01S0022,1,no
CF01S0023,SF04:SF04R13,,Gómez-Fernández et al. (2016) Conservation Genetics 17: 631-641,unresolved,crossref_bibliographic_to_openalex_doi,,,,UNRESOLVED:CF01S0023,unresolved_seed_identity,CF01S0023,CF01S0023,1,no
CF01S0024,SF04:SF04R14,,Addisalem et al. (2016) Forest Ecology and Management 360: 253-260,resolved,crossref_bibliographic_to_openalex_doi,W1898750348,10.1016/j.foreco.2015.10.038,Genetic diversity and differentiation of the frankincense tree (Boswellia papyrifera (Del.) Hochst) across Ethiopia and implications for its conservation,OPENALEX:W1898750348,resolved_unique_work,CF01S0024,CF01S0024,1,no
CF01S0025,SF04:SF04R15,,Li et al. (2015) Pakistan Journal of Botany 47: 2171-2179,unresolved,crossref_bibliographic_to_openalex_doi,,,,UNRESOLVED:CF01S0025,unresolved_seed_identity,CF01S0025,CF01S0025,1,no
CF01S0026,SF04:SF04R16,,Baucom et al. (2005) Conservation Genetics 6: 39-50,resolved,crossref_bibliographic_to_openalex_doi,W2015498851,10.1007/s10592-004-7718-9,The effect of deforestation on the genetic diversity and structure in Acer saccharum (Marsh): Evidence for the loss and restructuring of genetic variation in a natural system,OPENALEX:W2015498851,resolved_unique_work,CF01S0026,CF01S0026,1,no
CF01S0027,SF04:SF04R17,,Peñaloza-Ramírez et al. (2016) Revista Mexicana de Biodiversidad 87: 990-1001,unresolved,crossref_bibliographic_to_openalex_doi,,,,UNRESOLVED:CF01S0027,unresolved_seed_identity,CF01S0027,CF01S0027,1,no
CF01S0028,SF04:SF04R19,,Sujii et al. (2017) Biological Conservation 211: 110-116,resolved,crossref_bibliographic_to_openalex_doi,W2614985600,10.1016/j.biocon.2017.05.006,Recovery of genetic diversity levels of a Neotropical tree in Atlantic Forest restoration plantations,OPENALEX:W2614985600,resolved_unique_work,CF01S0028,CF01S0028,1,no
CF01S0029,SF04:SF04R21,,Millán-Aguilar et al. (2016) Forests 7: art197,unresolved,crossref_bibliographic_to_openalex_doi,,,,UNRESOLVED:CF01S0029,unresolved_seed_identity,CF01S0029,CF01S0029,1,no
CF01S0030,SF04:SF04R22,,Otao et al. (2016) Applications in Plant Sciences 4: art1500110,unresolved,crossref_bibliographic_to_openalex_doi,,,,UNRESOLVED:CF01S0030,unresolved_seed_identity,CF01S0030,CF01S0030,1,no
CF01S0031,SF04:SF04R23,,Ahrens & James (2016) Conservation Genetics 17: 891-901,resolved,crossref_bibliographic_to_openalex_doi,W2473310046,10.1007/s10592-016-0830-9,"Conserving the small milkwort, Comesperma polygaloides, a vulnerable subshrub in a fragmented landscape",OPENALEX:W2473310046,resolved_unique_work,CF01S0031,CF01S0031,1,no
CF01S0032,SF04:SF04R24,,Lara-Romero et al. (2016) Heredity 116: 417-423,unresolved,crossref_bibliographic_to_openalex_doi,,,,UNRESOLVED:CF01S0032,unresolved_seed_identity,CF01S0032,CF01S0032,1,no
CF01S0033,SF04:SF04R25,,Aavik et al. (2017) Biological Conservation 210: 125-135,resolved,crossref_bibliographic_to_openalex_doi,W2609963414,10.1016/j.biocon.2017.04.016,Genetic consequences of landscape change for rare endemic plants – A case study of Rhinanthus osiliensis,OPENALEX:W2609963414,resolved_unique_work,CF01S0033,CF01S0033,1,no
CF01S0034,SF04:SF04R26,,Melo & Franceschinelli (2016) Journal of Tropical Ecology 32: 135-145,resolved,crossref_bibliographic_to_openalex_doi,W2303132100,10.1017/s0266467416000067,"Gene flow and fine-scale spatial genetic structure inCabralea canjerana(Meliaceae), a common tree species from the Brazilian Atlantic forest",OPENALEX:W2303132100,resolved_unique_work,CF01S0034,CF01S0034,1,no
CF01S0035,SF04:SF04R27,,Matesanz et al. (2017) Frontiers in Plant Science 8: art843,unresolved,crossref_bibliographic_to_openalex_doi,,,,UNRESOLVED:CF01S0035,unresolved_seed_identity,CF01S0035,CF01S0035,1,no
CF01S0036,SF04:SF04R28,,Suárez-Montes et al. (2016) PeerJ 4: e2764,unresolved,crossref_bibliographic_to_openalex_doi,,,,UNRESOLVED:CF01S0036,unresolved_seed_identity,CF01S0036,CF01S0036,1,no
CF01S0037,SF04:SF04R29,,Astuti et al. (2017) Nature Conservation 22: 169-190,resolved,crossref_bibliographic_to_openalex_doi,W2765209763,10.3897/natureconservation.22.19809,"Conservation biology of the last Italian population of Cistus laurifolius (Cistaceae): demographic structure, reproductive success and population genetics",OPENALEX:W2765209763,resolved_unique_work,CF01S0037,CF01S0037,1,no
CF01S0038,SF04:SF04R30,,Bupp et al. (2017) Conservation Genetics 18: 77-88,resolved,crossref_bibliographic_to_openalex_doi,W2510734141,10.1007/s10592-016-0883-9,Conservation implications of small population size and habitat fragmentation in an endangered lupine,OPENALEX:W2510734141,resolved_unique_work,CF01S0038,CF01S0038,1,no
CF01S0039,SF04:SF04R31,,Crichton et al. (2016) Conservation Genetics 17: 547-556,resolved,crossref_bibliographic_to_openalex_doi,W2286631273,10.1007/s10592-015-0803-4,Conservation genetics of the annual hemiparasitic plant Melampyrum sylvaticum (Orobanchaceae) in the UK and Scandinavia,OPENALEX:W2286631273,resolved_unique_work,CF01S0039,CF01S0039,1,no
CF01S0040,SF04:SF04R32,,Martínez-Natarén et al. (2017) Journal of Tropical Ecology 33: 285-294,unresolved,crossref_bibliographic_to_openalex_doi,,,,UNRESOLVED:CF01S0040,unresolved_seed_identity,CF01S0040,CF01S0040,1,no
CF01S0041,SF04:SF04R33,,Shiga et al. (2017) Journal of Plant Research 130: 83-93,resolved,crossref_bibliographic_to_openalex_doi,W2549094718,10.1007/s10265-016-0869-1,"Genetic diversity and population structure of Nuphar submersa (Nymphaeaceae), a critically endangered aquatic plant endemic to Japan, and implications for its conservation",OPENALEX:W2549094718,resolved_unique_work,CF01S0041,CF01S0041,1,no
CF01S0042,SF04:SF04R34,,Stevens et al. (2015) New Zealand Journal of Ecology 39: 190-197,unresolved,crossref_bibliographic_to_openalex_doi,,,,UNRESOLVED:CF01S0042,unresolved_seed_identity,CF01S0042,CF01S0042,1,no
CF01S0043,SF04:SF04R36,,White et al. (1999) Molecular Ecology 8: 1899-1909,resolved,crossref_bibliographic_to_openalex_doi,W2171431485,10.1046/j.1365-294x.1999.00790.x,Genetic variation within a fragmented population ofSwietenia humilisZucc.,OPENALEX:W2171431485,resolved_unique_work,CF01S0043,CF01S0043,1,no
CF01S0044,SF04:SF04R37,,Tunaitiene et al. (2017) Biochemical Systematics and Ecology 70: 294-303,resolved,crossref_bibliographic_to_openalex_doi,W2569572933,10.1016/j.bse.2016.12.015,Genetic and allelopathic differences between populations of daisy fleabane Erigeron annuus (L.) Pers. (Asteraceae) from disturbed and stable habitats,OPENALEX:W2569572933,resolved_unique_work,CF01S0044,CF01S0044,1,no
CF01S0045,SF04:SF04R38,,Heinicke et al. (2016) Flora 224: 42-49.,resolved,crossref_bibliographic_to_openalex_doi,W2428064621,10.1016/j.flora.2016.06.003,Fragmentation and environmental constraints influence genetic diversity and germination of Stipa pennata in natural steppes,OPENALEX:W2428064621,resolved_unique_work,CF01S0045,CF01S0045,1,no
CF01S0046,SF05:1,10.1093/aob/mcw246,"Beghé, D., Piotti, A., Satovic, Z., De La Rosa, R., Belaj, A., 2017. Pollen-mediated gene flow and fine-scale spatial genetic structure in Olea europaea subsp. europaea var. sylvestris. Ann. Bot. 119, 671–679. https://doi.org/10.1093/aob/mcw246",resolved,openalex_doi_exact,W2565566576,10.1093/aob/mcw246,Pollen-mediated gene flow and fine-scale spatial genetic structure inOlea europaeasubsp.europaeavar.sylvestris,OPENALEX:W2565566576,resolved_unique_work,CF01S0046,CF01S0046,1,no
CF01S0047,SF05:10,10.1016/j.foreco.2016.08.003,"Duminil, J., Mendene Abessolo, D.T., Ndiade Bourobou, D., Doucet, J.L., Loo, J., Hardy, O.J., 2016. High selfing rate, limited pollen dispersal and inbreeding depression in the emblematic African rain forest tree Baillonella toxisperma – Management implications. For. Ecol. Manage. 379, 20–29. https://doi.org/10.1016/j.foreco.2016.08.003",resolved,openalex_doi_exact,W2513966047,10.1016/j.foreco.2016.08.003,"High selfing rate, limited pollen dispersal and inbreeding depression in the emblematic African rain forest tree Baillonella toxisperma – Management implications",OPENALEX:W2513966047,resolved_unique_work,CF01S0047,CF01S0047,1,no
CF01S0048,SF05:11,10.1038/hdy.2015.101,"Duminil, J., Daïnou, K., Kaviriri, D.K., Gillet, P., Loo, J., Doucet, J.L., Hardy, O.J., 2016. Relationships between population density, fine-scale genetic structure, mating system and pollen dispersal in a timber tree from African rainforests. Heredity (Edinb). 116, 295–303. https://doi.org/10.1038/hdy.2015.101",resolved,openalex_doi_exact,W2217657620,10.1038/hdy.2015.101,"Relationships between population density, fine-scale genetic structure, mating system and pollen dispersal in a timber tree from African rainforests",OPENALEX:W2217657620,resolved_unique_work,CF01S0048,CF01S0048,1,no
CF01S0049,SF05:13,10.1017/s0266467415000292,"Ganzhorn, S.M., Thomas, W.W., Gaiotto, F.A., Lewis, J.D., 2015. Spatial genetic structure of Manilkara maxima (Sapotaceae), a tree species from the Brazilian Atlantic forest. J. Trop. Ecol. 31, 437–447. https://doi.org/10.1017/S0266467415000292",resolved,openalex_doi_exact,W2279569832,10.1017/s0266467415000292,"Spatial genetic structure ofManilkara maxima(Sapotaceae), a tree species from the Brazilian Atlantic forest",OPENALEX:W2279569832,resolved_unique_work,CF01S0049,CF01S0049,1,no
CF01S0050,SF05:15,10.1111/j.1365-294x.2005.02785.x,"Hardy, O.J., Maggia, L., Bandou, E., Breyne, P., Caron, H., Chevallier, M.H., Doligez, A., Dutech, C., Kremer, A., Latouche-Hallé, C., Troispoux, V., Veron, V., Degen, B., 2006. Fine-scale genetic structure and gene dispersal inferences in 10 Neotropical tree species. Mol. Ecol. 15, 559–571. https://doi.org/10.1111/j.1365-294X.2005.02785.x",resolved,openalex_doi_exact,W2135597298,10.1111/j.1365-294x.2005.02785.x,Fine‐scale genetic structure and gene dispersal inferences in 10 Neotropical tree species,OPENALEX:W2135597298,resolved_unique_work,CF01S0050,CF01S0050,1,no
CF01S0051,SF05:16,10.1371/journal.pone.0133581,"Heer, K., Kalko, E.K.V., Albrecht, L., García-Villacorta, R., Staeps, F.C., Herre, E.A., Dick, C.W., 2015. Spatial scales of genetic structure in free-standing and strangler figs (Ficus, Moraceae) inhabiting neotropical forests. PLoS One 10, 1–18. https://doi.org/10.1371/journal.pone.0133581",resolved,openalex_doi_exact,W1658079363,10.1371/journal.pone.0133581,"Spatial Scales of Genetic Structure in Free-Standing and Strangler Figs (Ficus, Moraceae) Inhabiting Neotropical Forests",OPENALEX:W1658079363,resolved_unique_work,CF01S0051,CF01S0051,1,no
CF01S0052,SF05:17,10.1038/hdy.2012.1,"Jump, A.S., Rico, L., Coll, M., Peñuelas, J., 2012. Wide variation in spatial genetic structure between natural populations of the European beech (Fagus sylvatica) and its implications for SGS comparability. Heredity (Edinb). 108, 633–639. https://doi.org/10.1038/hdy.2012.1",resolved,openalex_doi_exact,W2066268835,10.1038/hdy.2012.1,Wide variation in spatial genetic structure between natural populations of the European beech (Fagus sylvatica) and its implications for SGS comparability,OPENALEX:W2066268835,resolved_unique_work,CF01S0052,CF01S0052,1,no
CF01S0053,SF05:19,10.3732/ajb.0800266,"Kyndt, T., Assogbadjo, A.E., Hardy, O.J., Kaka’Ï, R.G., Sinsin, B., Van Damme, P., Gheysen, G., 2009. Spatial genetic structuring of baobab (Adansonia digitata, Malvaceae) in the traditional agroforestry systems of west africa. Am. J. Bot. 96, 950–957. https://doi.org/10.3732/ajb.0800266",resolved,openalex_doi_exact,W2002820348,10.3732/ajb.0800266,"Spatial genetic structuring of baobab (Adansonia digitata, Malvaceae) in the traditional agroforestry systems of West Africa",OPENALEX:W2002820348,resolved_unique_work,CF01S0053,CF01S0053,1,no
CF01S0054,SF05:2,10.1038/hdy.2014.40,"Berens, D.G., Braun, C., Gonzalez-Martinez, S.C., Griebeler, E.M., Nathan, R., Böhning-Gaese, K., 2014. Fine-scale spatial genetic dynamics over the life cycle of the tropical tree Prunus africana. Heredity (Edinb). 113, 401–407. https://doi.org/10.1038/hdy.2014.40",resolved,openalex_doi_exact,W2005975481,10.1038/hdy.2014.40,Fine-scale spatial genetic dynamics over the life cycle of the tropical tree Prunus africana,OPENALEX:W2005975481,resolved_unique_work,CF01S0054,CF01S0054,1,no
CF01S0055,SF05:20,10.1007/s11295-015-0885-7,"Lemos, R.P.M., D’Oliveira, C.B., Stefenon, V.M., 2015. Genetic structure and internal gene flow in populations of Schinus molle (Anacardiaceae) in the Brazilian Pampa. Tree Genet. Genomes 11. https://doi.org/10.1007/s11295-015-0885-7",resolved,openalex_doi_exact,W2204673490,10.1007/s11295-015-0885-7,Genetic structure and internal gene flow in populations of Schinus molle (Anacardiaceae) in the Brazilian Pampa,OPENALEX:W2204673490,resolved_unique_work,CF01S0055,CF01S0055,1,no
CF01S0056,SF05:21,10.1007/s00606-014-1173-y,"Lind-Riehl, J., Gailing, O., 2015. Fine-scale spatial genetic structure of two red oak species, Quercus rubra and Quercus ellipsoidalis. Plant Syst. Evol. 301, 1601–1612. https://doi.org/10.1007/s00606-014-1173-y",resolved,openalex_doi_exact,W2045239074,10.1007/s00606-014-1173-y,"Fine-scale spatial genetic structure of two red oak species, Quercus rubra and Quercus ellipsoidalis",OPENALEX:W2045239074,resolved_unique_work,CF01S0056,CF01S0056,1,no
CF01S0057,SF05:22,10.1007/s10682-010-9396-z,"Mizuki, I., Ishida, K., Tani, N., Tsumura, Y., 2010. Fine-scale spatial structure of genets and sexes in the dioecious plant Dioscorea japonica, which disperses by both bulbils and seeds. Evol. Ecol. 24, 1399–1415. https://doi.org/10.1007/s10682-010-9396-z.",resolved,openalex_doi_exact,W1970610753,10.1007/s10682-010-9396-z,"Fine-scale spatial structure of genets and sexes in the dioecious plant Dioscorea japonica, which disperses by both bulbils and seeds",OPENALEX:W1970610753,resolved_unique_work,CF01S0057,CF01S0057,1,no
CF01S0058,SF05:23,10.1007/s10265-009-0276-y,"Nakagawa, M., 2010. Fine-scale genetic structure within plots of Polygala reinii (Polygalaceae) having an ant-dispersal seed. J. Plant Res. 123, 355–362. https://doi.org/10.1007/s10265-009-0276-y",resolved,openalex_doi_exact,W1996648708,10.1007/s10265-009-0276-y,Fine-scale genetic structure within plots of Polygala reinii (Polygalaceae) having an ant-dispersal seed,OPENALEX:W1996648708,resolved_unique_work,CF01S0058,CF01S0058,1,no
CF01S0059,SF05:24,10.1111/j.1365-294x.2004.02373.x,"Oddou-Muratorio, S., Demesure-Musch, B., Pélissier, R., Gouyon, P.H., 2004. Impacts of gene flow and logging history on the local genetic structure of a scattered tree species, Sorbus torminalis L. Crantz. Mol. Ecol. 13, 3689–3702. https://doi.org/10.1111/j.1365-294X.2004.02373.x",resolved,openalex_doi_exact,W1542581194,10.1111/j.1365-294x.2004.02373.x,"Impacts of gene flow and logging history on the local genetic structure of a scattered tree species,Sorbus torminalisL. Crantz",OPENALEX:W1542581194,resolved_unique_work,CF01S0059,CF01S0059,1,no
CF01S0060,SF05:25,10.1016/j.foreco.2010.03.001,"Oddou-Muratorio, S., Bontemps, A., Klein, E.K., Chybicki, I., Vendramin, G.G., Suyama, Y., 2010. Comparison of direct and indirect genetic methods for estimating seed and pollen dispersal in Fagus sylvatica and Fagus crenata. For. Ecol. Manage. 259, 2151–2159. https://doi.org/10.1016/j.foreco.2010.03.001",resolved,openalex_doi_exact,W2088266681,10.1016/j.foreco.2010.03.001,Comparison of direct and indirect genetic methods for estimating seed and pollen dispersal in Fagus sylvatica and Fagus crenata,OPENALEX:W2088266681,resolved_unique_work,CF01S0060,CF01S0060,1,no
CF01S0061,SF05:27,10.1007/s10592-013-0451-5,"Sant’Anna, C.S., Sebbenn, A.M., Klabunde, G.H.F., Bittencourt, R., Nodari, R.O., Mantovani, A., dos Reis, M.S., 2013. Realized pollen and seed dispersal within a continuous population of the dioecious coniferous Brazilian pine [Araucaria angustifolia (Bertol.) Kuntze]. Conserv. Genet. 14, 601–613. https://doi.org/10.1007/s10592-013-0451-5",resolved,openalex_doi_exact,W2058651270,10.1007/s10592-013-0451-5,Realized pollen and seed dispersal within a continuous population of the dioecious coniferous Brazilian pine [Araucaria angustifolia (Bertol.) Kuntze],OPENALEX:W2058651270,resolved_unique_work,CF01S0061,CF01S0061,1,no
CF01S0062,SF05:28,10.1016/j.gecco.2014.07.002,"Schroeder, J.W., Tran, H.T., Dick, C.W., 2014. Fine scale spatial genetic structure in Pouteria reticulata (Engl.) Eyma (Sapotaceae), a dioecious, vertebrate dispersed tropical rain forest tree species. Glob. Ecol. Conserv. 1, 43–49. https://doi.org/10.1016/j.gecco.2014.07.002",resolved,openalex_doi_exact,W1969388242,10.1016/j.gecco.2014.07.002,"Fine scale spatial genetic structure in Pouteria reticulata (Engl.) Eyma (Sapotaceae), a dioecious, vertebrate dispersed tropical rain forest tree species",OPENALEX:W1969388242,resolved_unique_work,CF01S0062,CF01S0062,1,no
CF01S0063,SF05:29,10.1038/sj.hdy.6801007,"Soto, A., Lorenzo, Z., Gil, L., 2007. Differences in fine-scale genetic structure and dispersal in Quercus ilex L. and Q. suber L.: Consequences for regeneration of mediterranean open woods. Heredity (Edinb). 99, 601–607. https://doi.org/10.1038/sj.hdy.6801007",resolved,openalex_doi_exact,W2002483538,10.1038/sj.hdy.6801007,Differences in fine-scale genetic structure and dispersal in Quercus ilex L. and Q. suber L.: consequences for regeneration of mediterranean open woods,OPENALEX:W2002483538,resolved_unique_work,CF01S0063,CF01S0063,1,no
CF01S0064,SF05:30,10.3732/ajb.1300460,"Theim, T.J., Shirk, R.Y., Givnish, T.J., 2014. Spatial genetic structure in four understory Psychotria species (Rubiaceae) and implications for tropical forest diversity. Am. J. Bot. 101, 1189–1199. https://doi.org/10.3732/ajb.1300460",resolved,openalex_doi_exact,W2033322335,10.3732/ajb.1300460,Spatial genetic structure in four understory Psychotria species (Rubiaceae) and implications for tropical forest diversity,OPENALEX:W2033322335,resolved_duplicate_work,CF01S0064,CF01S0064;CF01S0065,2,no
CF01S0065,SF05:31,10.3732/ajb.1300460,"Theim, T.J., Shirk, R.Y., Givnish, T.J., 2014. Spatial genetic structure in four understory Psychotria species (Rubiaceae) and implications for tropical forest diversity. Am. J. Bot. 101, 1189–1199. https://doi.org/10.3732/ajb.1300460",resolved,openalex_doi_exact,W2033322335,10.3732/ajb.1300460,Spatial genetic structure in four understory Psychotria species (Rubiaceae) and implications for tropical forest diversity,OPENALEX:W2033322335,resolved_duplicate_work,CF01S0064,CF01S0064;CF01S0065,2,no
CF01S0066,SF05:32,10.1111/j.1365-294x.2011.05293.x,"Wang, R., Compton, S.G., Chen, X.Y., 2011. Fragmentation can increase spatial genetic structure without decreasing pollen-mediated gene flow in a wind-pollinated tree. Mol. Ecol. 20, 4421–4432. https://doi.org/10.1111/j.1365-294X.2011.05293.x",resolved,openalex_doi_exact,W2129818408,10.1111/j.1365-294x.2011.05293.x,Fragmentation can increase spatial genetic structure without decreasing pollen-mediated gene flow in a wind-pollinated tree,OPENALEX:W2129818408,resolved_unique_work,CF01S0066,CF01S0066,1,no
CF01S0067,SF05:4,10.1111/j.1365-294x.2009.04365.x,"Bizoux, J.P., Daïnou, K., Bourland, N., Hardy, O.J., Heuertz, M., Mahy, G., Doucet, J.L., 2009. Spatial genetic structure in Milicia excelsa (Moraceae) indicates extensive gene dispersal in a low-density wind-pollinated tropical tree. Mol. Ecol. 18, 4398–4408. https://doi.org/10.1111/j.1365-294X.2009.04365.x",resolved,openalex_doi_exact,W2108083662,10.1111/j.1365-294x.2009.04365.x,Spatial genetic structure in Milicia excelsa (Moraceae) indicates extensive gene dispersal in a low‐density wind‐pollinated tropical tree,OPENALEX:W2108083662,resolved_unique_work,CF01S0067,CF01S0067,1,no
CF01S0068,SF05:42,,"Van Rossum, F., Triest, L., 2003. Spatial Genetic Structure and Reproductive Success in Fragmented and Continuous Populations of Primula vulgaris. Folia Geobot. 38, 239–254.",unresolved,crossref_bibliographic_to_openalex_doi,,,,UNRESOLVED:CF01S0068,unresolved_seed_identity,CF01S0068,CF01S0068,1,no
CF01S0069,SF05:44,10.1055/s-2006-924632,"Van Rossum, F., Triest, L., 2007. Fine-scale spatial genetic structure of the distylous Primula veris in fragmented habitats. Plant Biol. 9, 374–382. https://doi.org/10.1055/s-2006-924632",resolved,openalex_doi_exact,W2003598012,10.1055/s-2006-924632,Fine‐Scale Spatial Genetic Structure of the Distylous Primula veris in Fragmented Habitats,OPENALEX:W2003598012,resolved_unique_work,CF01S0069,CF01S0069,1,no
CF01S0070,SF05:46,10.1111/j.1365-294x.2007.03685.x,"Born, C., Hardy, O.J., Chevallier, M.H., Ossari, S., Attéké, C., Wickings, E.J., Hossaert-Mckey, M., 2008. Small-scale spatial genetic structure in the Central African rainforest tree species Aucoumea klaineana: A stepwise approach to infer the impact of limited gene dispersal, population history and habitat fragmentation. Mol. Ecol. 17, 2041–2050. https://doi.org/10.1111/j.1365-294X.2007.03685.x",resolved,openalex_doi_exact,W1867991976,10.1111/j.1365-294x.2007.03685.x,"Small‐scale spatial genetic structure in the Central African rainforest tree species Aucoumea klaineana: a stepwise approach to infer the impact of limited gene dispersal, population history and habitat fragmentation",OPENALEX:W1867991976,resolved_unique_work,CF01S0070,CF01S0070,1,no
CF01S0071,SF05:48,10.1515/sg-2016-0015,"Aizawa, M., Nakayama, C., Ohkubo, T., 2016. Comparison of fine-scale spatial genetic structure of two sympatric Rhododendron shrub species in forest habitat having different seed weights: A case study. Silvae Genet. 65, 39–45. https://doi.org/10.1515/sg-2016-0015",resolved,openalex_doi_exact,W2755309280,10.1515/sg-2016-0015,Comparison of fine-scale spatial genetic structure of two sympatricRhododendronshrub species in forest habitat having different seed weights: A case study,OPENALEX:W2755309280,resolved_unique_work,CF01S0071,CF01S0071,1,no
CF01S0072,SF05:49,10.1371/journal.pone.0049012,"Albaladejo, R.G., Guzmán, B., González-Martínez, S.C., Aparicio, A., 2012. Extensive pollen flow but few pollen donors and high reproductive variance in an extremely fragmented landscape. PLoS One 7, 1–9. https://doi.org/10.1371/journal.pone.0049012",resolved,openalex_doi_exact,W2030640779,10.1371/journal.pone.0049012,Extensive Pollen Flow but Few Pollen Donors and High Reproductive Variance in an Extremely Fragmented Landscape,OPENALEX:W2030640779,resolved_unique_work,CF01S0072,CF01S0072,1,no
CF01S0073,SF05:51,10.1016/j.bse.2017.02.005,"Araújo, M.R.G., Melo Júnior, A.F. de, Menezes, E.V., Brandão, M.M., Cota, L.G., Oliveira, D.A. de, Royo, V. de A., Vieira, F.A., 2017. Fine-scale spatial genetic structure and gene flow in Acrocomia aculeata (Arecaceae): Analysis in an overlapping generation. Biochem. Syst. Ecol. 71, 147–154. https://doi.org/10.1016/j.bse.2017.02.005",resolved,openalex_doi_exact,W2592351233,10.1016/j.bse.2017.02.005,Fine-scale spatial genetic structure and gene flow in Acrocomia aculeata (Arecaceae): Analysis in an overlapping generation,OPENALEX:W2592351233,resolved_unique_work,CF01S0073,CF01S0073,1,no
CF01S0074,SF05:52,10.1007/s10342-016-0948-9,"Bessega, C., Pometti, C.L., Ewens, M., Saidman, B.O., Vilardi, J.C., 2016. Fine-scale spatial genetic structure analysis in two Argentine populations of Prosopis alba (Mimosoideae) with different levels of ecological disturbance. Eur. J. For. Res. 135, 495–505. https://doi.org/10.1007/s10342-016-0948-9",resolved,openalex_doi_exact,W2460212676,10.1007/s10342-016-0948-9,Fine-scale spatial genetic structure analysis in two Argentine populations of Prosopis alba (Mimosoideae) with different levels of ecological disturbance,OPENALEX:W2460212676,resolved_unique_work,CF01S0074,CF01S0074,1,no
CF01S0075,SF05:54,10.1093/aob/mcw286,"Budde, K.B., González-Martínez, S.C., Navascués, M., Burgarella, C., Mosca, E., Lorenzo, Z., Zabal-Aguirre, M., Vendramin, G.G., Verdú, M., Pausas, J.G., Heuertz, M., 2017. Increased fire frequency promotes stronger spatial genetic structure and natural selection at regional and local scales in Pinus halepensis Mill. Ann. Bot. 119, 1061–1072. https://doi.org/10.1093/aob/mcw286",resolved,openalex_doi_exact,W2583385615,10.1093/aob/mcw286,Increased fire frequency promotes stronger spatial genetic structure and natural selection at regional and local scales in Pinus halepensis Mill,OPENALEX:W2583385615,resolved_unique_work,CF01S0075,CF01S0075,1,no
CF01S0076,SF05:56,10.1590/s1415-47572012005000066,"Buzatti, R.S. de O., Ribeiro, R.A., Filho, J.P. de L., Lovato, M.B., 2012. Fine-scale spatial genetic structure of Dalbergia nigra (Fabaceae), a threatened and endemic tree of the Brazilian Atlantic Forest. Genet. Mol. Biol. 35, 838–846. https://doi.org/10.1590/S1415-47572012005000066",resolved,openalex_doi_exact,W1982273044,10.1590/s1415-47572012005000066,"Fine-scale spatial genetic structure of Dalbergia nigra (Fabaceae), a threatened and endemic tree of the Brazilian Atlantic Forest",OPENALEX:W1982273044,resolved_unique_work,CF01S0076,CF01S0076,1,no
CF01S0077,SF05:57,10.1111/mec.15233,"Castilla, A.R., Garrote, P.J., ?ywiec, M., Calvo, G., Suárez-Esteban, A., Delibes, M., Godoy, J.A., Picó, F.X., Fedriani, J.M., 2019. Genetic rescue by distant trees mitigates qualitative pollen limitation imposed by fine-scale spatial genetic structure. Mol. Ecol. 28, 4363–4374. https://doi.org/10.1111/mec.15233",resolved,openalex_doi_exact,W2963918403,10.1111/mec.15233,Genetic rescue by distant trees mitigates qualitative pollen limitation imposed by fine‐scale spatial genetic structure,OPENALEX:W2963918403,resolved_unique_work,CF01S0077,CF01S0077,1,no
CF01S0078,SF05:64,10.1111/j.1365-294x.2006.02978.x,"Jacquemyn, H., Brys, R., Vandepitte, K., Honnay, O., Roldán-Ruiz, I., 2006. Fine-scale genetic structure of life history stages in the food-deceptive orchid Orchis purpurea. Mol. Ecol. 15, 2801–2808. https://doi.org/10.1111/j.1365-294X.2006.02978.x",resolved,openalex_doi_exact,W2123427898,10.1111/j.1365-294x.2006.02978.x,Fine‐scale genetic structure of life history stages in the food‐deceptive orchid Orchis purpurea,OPENALEX:W2123427898,resolved_unique_work,CF01S0078,CF01S0078,1,no
CF01S0079,SF05:65,10.1111/j.1365-2745.2008.01464.x,"Jacquemyn, H., Wiegand, T., Vandepitte, K., Brys, R., Roldán-Ruiz, I., Honnay, O., 2009. Multigenerational analysis of spatial structure in the terrestrial, food-deceptive orchid Orchis mascula. J. Ecol. 97, 206–216. https://doi.org/10.1111/j.1365-2745.2008.01464.x",resolved,openalex_doi_exact,W2032518907,10.1111/j.1365-2745.2008.01464.x,"Multigenerational analysis of spatial structure in the terrestrial, food‐deceptive orchid Orchis mascula",OPENALEX:W2032518907,resolved_unique_work,CF01S0079,CF01S0079,1,no
CF01S0080,SF05:66,10.1016/j.bse.2012.02.023,"Jin, Z., Li, J., Liu, L., 2012. Fine-scale spatial genetic structure within age classes of the two fragmented populations of Sinocalycanthus chinensis Cheng et S.Y. Chang, an endangered plant species endemic to China. Biochem. Syst. Ecol. 43, 117–124. https://doi.org/10.1016/j.bse.2012.02.023.",resolved,openalex_doi_exact,W1978942886,10.1016/j.bse.2012.02.023,"Fine-scale spatial genetic structure within age classes of the two fragmented populations of Sinocalycanthus chinensis Cheng et S.Y. Chang, an endangered plant species endemic to China",OPENALEX:W1978942886,resolved_unique_work,CF01S0080,CF01S0080,1,no
CF01S0081,SF05:67,10.1093/jhered/esm040,"Yamagishi, H., Tomimatsu, H., Ohara, M., 2007. Fine-scale spatial genetic structure within continuous and fragmented populations of Trillium camschatcense. J. Hered. 98, 367–372. https://doi.org/10.1093/jhered/esm040",resolved,openalex_doi_exact,W2168860335,10.1093/jhered/esm040,Fine-Scale Spatial Genetic Structure within Continuous and Fragmented Populations of Trillium camschatcense,OPENALEX:W2168860335,resolved_unique_work,CF01S0081,CF01S0081,1,no
CF01S0082,SF05:68,10.1111/j.1438-8677.2010.00361.x,"Yao, X., Zhang, J., Ye, Q., Huang, H., 2011. Fine-scale spatial genetic structure and gene flow in a small, fragmented population of Sinojackia rehderiana (Styracaceae), an endangered tree species endemic to China. Plant Biol. 13, 401–410. https://doi.org/10.1111/j.1438-8677.2010.00361.x",resolved,openalex_doi_exact,W1579082729,10.1111/j.1438-8677.2010.00361.x,"Fine‐scale spatial genetic structure and gene flow in a small, fragmented population of Sinojackia rehderiana (Styracaceae), an endangered tree species endemic to China",OPENALEX:W1579082729,resolved_unique_work,CF01S0082,CF01S0082,1,no
CF01S0083,SF05:69,10.1111/j.1365-294x.2007.03361.x,"Chung, M.Y., Nason, J.D., Chung, M.G., 2007. Effects of population succession on demographic and genetic processes: Predictions and tests in the daylily Hemerocallis thunbergii (Liliaceae). Mol. Ecol. 16, 2816–2829. https://doi.org/10.1111/j.1365-294X.2007.03361.x",resolved,openalex_doi_exact,W2063576729,10.1111/j.1365-294x.2007.03361.x,Effects of population succession on demographic and genetic processes: predictions and tests in the daylily Hemerocallis thunbergii (Liliaceae),OPENALEX:W2063576729,resolved_unique_work,CF01S0083,CF01S0083,1,no
CF01S0084,SF05:70,10.1139/b09-049,"Chybicki, I.J., Trojankiewicz, M., Oleksa, A., Dzialuk, A., Burczyk, J., 2009. Isolation-by-distance within naturally established populations of European beech (Fagus sylvatica). Botany 87, 791–798. https://doi.org/10.1139/B09-049.",resolved,openalex_doi_exact,W2139029847,10.1139/b09-049,Isolation-by-distance within naturally established populations of European beech (Fagus sylvatica),OPENALEX:W2139029847,resolved_unique_work,CF01S0084,CF01S0084,1,no
CF01S0085,SF05:71,10.1111/mec.12495,"Côrtes, M.C., Uriarte, M., Lemes, M.R., Gribel, R., John Kress, W., Smouse, P.E., Bruna, E.M., 2013. Low plant density enhances gene dispersal in the Amazonian understory herb Heliconia acuminata. Mol. Ecol. 22, 5716–5729. https://doi.org/10.1111/mec.12495",resolved,openalex_doi_exact,W2041783114,10.1111/mec.12495,Low plant density enhances gene dispersal in the Amazonian understory herb Heliconia acuminata,OPENALEX:W2041783114,resolved_unique_work,CF01S0085,CF01S0085,1,no
CF01S0086,SF05:73,10.14214/sf.9987,"Dering, M., Sękiewicz, K., Iszkuło, G., Chojnacka, A., Tomaszewski, D., Pers-Kamczyc, E., Karolewski, P., 2018. Spatial genetic structure and clonal structure of Prunus serotina during invasive spread. Silva Fenn. 52, 1–21. https://doi.org/10.14214/sf.9987",resolved,openalex_doi_exact,W2885316481,10.14214/sf.9987,Spatial genetic structure and clonality of Prunus serotina Ehrh. during invasive spread into Scots pine forests,OPENALEX:W2885316481,resolved_unique_work,CF01S0086,CF01S0086,1,no
CF01S0087,SF05:74,10.1016/j.sajb.2016.02.205,"Gigant, R.L., De Bruyn, A., M’sa, T., Viscardi, G., Gigord, L., Gauvin-Bialecki, A., Pailler, T., Humeau, L., Grisoni, M., Besse, P., 2016. Combining pollination ecology and fine-scale spatial genetic structure analysis to unravel the reproductive strategy of an insular threatened orchid. South African J. Bot. 105, 25–35. https://doi.org/10.1016/j.sajb.2016.02.205",resolved,openalex_doi_exact,W2312688383,10.1016/j.sajb.2016.02.205,Combining pollination ecology and fine-scale spatial genetic structure analysis to unravel the reproductive strategy of an insular threatened orchid,OPENALEX:W2312688383,resolved_unique_work,CF01S0087,CF01S0087,1,no
CF01S0088,SF05:76,10.1111/mec.12054,"Ismail, S.A., Ghazoul, J., Ravikanth, G., Uma Shaanker, R., Kushalappa, C.G., Kettle, C.J., 2012. Does long-distance pollen dispersal preclude inbreeding in tropical trees? Fragmentation genetics of Dysoxylum malabaricum in an agro-forest landscape. Mol. Ecol. 21, 5484–5496. https://doi.org/10.1111/mec.12054",resolved,openalex_doi_exact,W2123828299,10.1111/mec.12054,Does long‐distance pollen dispersal preclude inbreeding in tropical trees? Fragmentation genetics of D ysoxylum malabaricum in an agro‐forest landscape,OPENALEX:W2123828299,resolved_unique_work,CF01S0088,CF01S0088,1,no
CF01S0089,SF05:77,10.1186/1471-2148-12-48,"Pandey, M., Rajora, O.P., 2012. Higher fine-scale genetic structure in peripheral than in core populations of a long-lived and mixed-mating conifer - Eastern white cedar (Thuja occidentalis L.). BMC Evol. Biol. 12. https://doi.org/10.1186/1471-2148-12-48",resolved,openalex_doi_exact,W2075089190,10.1186/1471-2148-12-48,Higher fine-scale genetic structure in peripheral than core populations of a long-lived and mixed-mating conifer - eastern white cedar (Thuja occidentalis L.),OPENALEX:W2075089190,resolved_unique_work,CF01S0089,CF01S0089,1,no
CF01S0090,SF05:79,10.1371/journal.pone.0192107,"Pometti, C., Bessega, C., Cialdella, A., Ewens, M., Saidman, B., Vilardi, J., 2018. Spatial genetic structure within populations and management implications of the South American species Acacia aroma (Fabaceae). PLoS One 13, 1–14. https://doi.org/10.1371/journal.pone.0192107",resolved,openalex_doi_exact,W2787060013,10.1371/journal.pone.0192107,Spatial genetic structure within populations and management implications of the South American species Acacia aroma (Fabaceae),OPENALEX:W2787060013,resolved_unique_work,CF01S0090,CF01S0090,1,no
CF01S0091,SF05:8,10.1111/j.1744-7429.2007.00266.x,"Cloutier, D., Hardy, O.J., Caron, H., Ciampi, A.Y., Degen, B., Kanashiro, M., Schoen, D.J., 2007. Low Inbreeding and High Pollen Dispersal Distances in Populations of Two Amazonian Forest Tree Species. Biotropica 39, 406–415. https://doi.org/10.1111/j.1744-7429.2007.00266.x",resolved,openalex_doi_exact,W2053345863,10.1111/j.1744-7429.2007.00266.x,Low Inbreeding and High Pollen Dispersal Distances in Populations of Two Amazonian Forest Tree Species,OPENALEX:W2053345863,resolved_unique_work,CF01S0091,CF01S0091,1,no
CF01S0092,SF05:80,10.1038/sj.hdy.6800935,"Vaughan, S.P., Cottrell, J.E., Moodley, D.J., Connolly, T., Russell, K., 2007. Distribution and fine-scale spatial-genetic structure in British wild cherry (Prunus avium L.). Heredity (Edinb). 98, 274–283. https://doi.org/10.1038/sj.hdy.6800935",resolved,openalex_doi_exact,W2090363131,10.1038/sj.hdy.6800935,Distribution and fine-scale spatial-genetic structure in British wild cherry (Prunus avium L.),OPENALEX:W2090363131,resolved_unique_work,CF01S0092,CF01S0092,1,no
CF01S0093,SF05:82,10.1007/s10592-017-0982-2 | 10.1007/s10592-017-0982-3 | 10.1007/s10592-017-0982-4 | 10.1007/s10592-017-0982-5,"Morgan, E.J., Kaiser-Bunbury, C.N., Edwards, P.J., Fleischer-Dogley, F., Kettle, C.J., 2017. Keeping it in the family: strong fine-scale genetic structure and inbreeding in Lodoicea maldivica, the largest-seeded plant in the world. Conserv. Genet. 18, 1317–1329. https://doi.org/10.1007/s10592-017-0982-2 | Morgan, E.J., Kaiser-Bunbury, C.N., Edwards, P.J., Fleischer-Dogley, F., Kettle, C.J., 2017. Keeping it in the family: strong fine-scale genetic structure and inbreeding in Lodoicea maldivica, the largest-seeded plant in the world. Conserv. Genet. 18, 1317–1329. https://doi.org/10.1007/s10592-017-0982-3 | Morgan, E.J., Kaiser-Bunbury, C.N., Edwards, P.J., Fleischer-Dogley, F., Kettle, C.J., 2017. Keeping it in the family: strong fine-scale genetic structure and inbreeding in Lodoicea maldivica, the largest-seeded plant in the world. Conserv. Genet. 18, 1317–1329. https://doi.org/10.1007/s10592-017-0982-4 | Morgan, E.J., Kaiser-Bunbury, C.N., Edwards, P.J., Fleischer-Dogley, F., Kettle, C.J., 2017. Keeping it in the family: strong fine-scale genetic structure and inbreeding in Lodoicea maldivica, the largest-seeded plant in the world. Conserv. Genet. 18, 1317–1329. https://doi.org/10.1007/s10592-017-0982-5",resolved,openalex_doi_exact,W2617429367,10.1007/s10592-017-0982-2,"Keeping it in the family: strong fine-scale genetic structure and inbreeding in Lodoicea maldivica, the largest-seeded plant in the world",OPENALEX:W2617429367,resolved_unique_work,CF01S0093,CF01S0093,1,no
CF01S0094,SF05:83,10.1111/mec.14765,"Browne, L., Karubian, J., 2018. Habitat loss and fragmentation reduce effective gene flow by disrupting seed dispersal in a neotropical palm. Mol. Ecol. 27, 3055–3069. https://doi.org/10.1111/mec.14765",resolved,openalex_doi_exact,W2808685669,10.1111/mec.14765,Habitat loss and fragmentation reduce effective gene flow by disrupting seed dispersal in a neotropical palm,OPENALEX:W2808685669,resolved_unique_work,CF01S0094,CF01S0094,1,no
CF01S0095,SF05:84,10.1007/s10709-013-9709-6,"Mathiasen, P., Premoli, A.C., 2013. Fine-scale genetic structure of Nothofagus pumilio (lenga) at contrasting elevations of the altitudinal gradient. Genetica 141, 95–105. https://doi.org/10.1007/s10709-013-9709-6",resolved,openalex_doi_exact,W2000910417,10.1007/s10709-013-9709-6,Fine-scale genetic structure of Nothofagus pumilio (lenga) at contrasting elevations of the altitudinal gradient,OPENALEX:W2000910417,resolved_unique_work,CF01S0095,CF01S0095,1,no
CF01S0096,SF05:85,10.1111/mec.14241,"Monthe, F.K., Hardy, O.J., Doucet, J.L., Loo, J., Duminil, J., 2017. Extensive seed and pollen dispersal and assortative mating in the rain forest tree Entandrophragma cylindricum (Meliaceae) inferred from indirect and direct analyses. Mol. Ecol. 26, 5279–5291. https://doi.org/10.1111/mec.14241",resolved,openalex_doi_exact,W2736367803,10.1111/mec.14241,Extensive seed and pollen dispersal and assortative mating in the rain forest tree E ntandrophragma cylindricum (Meliaceae) inferred from indirect and direct analyses,OPENALEX:W2736367803,resolved_unique_work,CF01S0096,CF01S0096,1,no
CF01S0097,SF05:86,10.1016/j.ppees.2015.02.005,"Raabová, J., Van Rossum, F., Jacquemart, A.L., Raspé, O., 2015. Population size affects genetic diversity and fine-scale spatial genetic structure in the clonal distylous herb Menyanthes trifoliata. Perspect. Plant Ecol. Evol. Syst. 17, 193–200. https://doi.org/10.1016/j.ppees.2015.02.005",resolved,openalex_doi_exact,W1980800117,10.1016/j.ppees.2015.02.005,Population size affects genetic diversity and fine-scale spatial genetic structure in the clonal distylous herb Menyanthes trifoliata,OPENALEX:W1980800117,resolved_unique_work,CF01S0097,CF01S0097,1,no
CF01S0098,SF05:87,10.1086/689200,"Octavio-Aguilar, P., Iglesias-Andreu, L.G., de Cáceres-González, F.F.N., Galván-Hernández, D.M., 2017. Fine-scale genetic structure of Zamia furfuracea: Variation with life-cycle stages. Int. J. Plant Sci. 178, 57–66. https://doi.org/10.1086/689200",resolved,openalex_doi_exact,W2557203607,10.1086/689200,Fine-Scale Genetic Structure ofZamia furfuracea: Variation with Life-Cycle Stages,OPENALEX:W2557203607,resolved_unique_work,CF01S0098,CF01S0098,1,no
CF01S0099,SF05:88,10.3389/fevo.2019.00170,"Xu, N., Jiang, K., Biswas, S.R., Tong, X., Wang, R., Chen, X., 2019. Clone Configuration and Spatial Genetic Structure of Two Halophila ovalis Populations With Contrasting Internode Lengths. Front. Ecol. Evol. 7, 1–13. https://doi.org/10.3389/fevo.2019.00170",resolved,openalex_doi_exact,W2945406156,10.3389/fevo.2019.00170,Clone Configuration and Spatial Genetic Structure of Two Halophila ovalis Populations With Contrasting Internode Lengths,OPENALEX:W2945406156,resolved_unique_work,CF01S0099,CF01S0099,1,no
CF01S0100,SF05:9,10.1093/jhered/ess080,"Dodd, R.S., Mayer, W., Nettel, A., Afzal-Rafii, Z., 2013. Clonal growth and fine-scale genetic structure in tanoak (Notholithocarpus densiflorus: Fagaceae). J. Hered. 104, 105–114. https://doi.org/10.1093/jhered/ess080",resolved,openalex_doi_exact,W2169124444,10.1093/jhered/ess080,Clonal Growth and Fine-Scale Genetic Structure in Tanoak (Notholithocarpus densiflorus: Fagaceae),OPENALEX:W2169124444,resolved_unique_work,CF01S0100,CF01S0100,1,no
CF01S0101,SF05:90,10.5846/stxb201312223001,"Zuo, W., Song, W., Jin, Z., Li, J., 2015. Fine-scale spatial genetic structure of Glechoma longituba. Shengtai Xuebao/ Acta Ecol. Sin. 35, 5761–5768. https://doi.org/10.5846/stxb201312223001",resolved,openalex_doi_exact,W2322119129,10.5846/stxb201312223001,Fine-scale spatial genetic structure ofGlechoma longituba,OPENALEX:W2322119129,resolved_unique_work,CF01S0101,CF01S0101,1,no
CF01S0102,SF05:91,10.1111/j.1365-2745.2009.01484.x,"Vandepitte, K., Roldán-Ruiz, I., Leus, L., Jacquemyn, H., Honnay, O., 2009. Canopy closure shapes clonal diversity and fine-scale genetic structure in the dioecious understorey perennial Mercurialis perennis. J. Ecol. 97, 404–414. https://doi.org/10.1111/j.1365-2745.2009.01484.x",resolved,openalex_doi_exact,W2094592197,10.1111/j.1365-2745.2009.01484.x,Canopy closure shapes clonal diversity and fine‐scale genetic structure in the dioecious understorey perennial Mercurialis perennis,OPENALEX:W2094592197,resolved_unique_work,CF01S0102,CF01S0102,1,no
CF01S0103,SF05:92,10.1007/s10709-005-4823-8,"Jin, Y., He, T., Lu, B.R., 2006. Genetic spatial clustering: Significant implications for conservation of wild soybean (Glycine soja: Fabaceae). Genetica 128, 41–49. https://doi.org/10.1007/s10709-005-4823-8",resolved,openalex_doi_exact,W2056921791,10.1007/s10709-005-4823-8,Genetic spatial clustering: significant implications for conservation of wild soybean (Glycine soja: Fabaceae),OPENALEX:W2056921791,resolved_unique_work,CF01S0103,CF01S0103,1,no
CF01S0104,SF05:94,10.1016/j.ppees.2010.11.002,"Kettle, C.J., Hollingsworth, P.M., Burslem, D.F.R.P., Maycock, C.R., Khoo, E., Ghazoul, J., 2011. Determinants of fine-scale spatial genetic structure in three co-occurring rain forest canopy trees in Borneo. Perspect. Plant Ecol. Evol. Syst. 13, 47–56. https://doi.org/10.1016/j.ppees.2010.11.002",resolved,openalex_doi_exact,W2144780430,10.1016/j.ppees.2010.11.002,Determinants of fine-scale spatial genetic structure in three co-occurring rain forest canopy trees in Borneo,OPENALEX:W2144780430,resolved_unique_work,CF01S0104,CF01S0104,1,no
CF01S0105,SF05:96,10.1111/j.1365-2745.2009.01516.x,"Ayre, D., Ottewell, K., Krauss, S., Whelan, RJ. 2009. Genetic structure of seedling cohorts following repeated wildfires in the fire-sensitive shrub Persoonia mollis ssp nectens. Journal of Ecology 97(4): 752-760. https://doi.org/10.1111/j.1365-2745.2009.01516.x",resolved,openalex_doi_exact,W634668407,10.1111/j.1365-2745.2009.01516.x,Genetic structure of seedling cohorts following repeated wildfires in the fire-sensitive shrub Persoonia mollisssp.nectens,OPENALEX:W634668407,resolved_unique_work,CF01S0105,CF01S0105,1,no
CF01S0106,SF06:SF06P001,,Abrahamczyk et al. (2021) Plant Ecology 222:613- 623,resolved,crossref_bibliographic_to_openalex_doi,W3139192125,10.1007/s11258-021-01129-1,Frequency of flower visitors and achene production increase with rising population size in the self-incompatible herb Centaurea scabiosa (Asteraceae),OPENALEX:W3139192125,resolved_unique_work,CF01S0106,CF01S0106,1,no
CF01S0107,SF06:SF06P002,,Adriaens et al. (2009) Acta Oecologica 35:69- 82,resolved,crossref_bibliographic_to_openalex_doi,W2081897043,10.1016/j.actao.2008.08.003,Conservation of remnant populations of Colchicum autumnale – The relative importance of local habitat quality and habitat fragmentation,OPENALEX:W2081897043,resolved_unique_work,CF01S0107,CF01S0107,1,no
CF01S0108,SF06:SF06P003,,Aguilar & Galetto (2004) Oecologia 138:513- 520,unresolved,crossref_bibliographic_to_openalex_doi,,,,UNRESOLVED:CF01S0108,unresolved_seed_identity,CF01S0108,CF01S0108,1,no
CF01S0109,SF06:SF06P004,,"Aguilar (2005) PhD Thesis, National University of Córdoba Pp. 1- 169",unresolved,crossref_bibliographic_to_openalex_doi,,,,UNRESOLVED:CF01S0109,unresolved_seed_identity,CF01S0109,CF01S0109,1,no
CF01S0110,SF06:SF06P005,,Aguilar et al. (2012) Biological Conservation 152:81- 89,resolved,crossref_bibliographic_to_openalex_doi,W2029669711,10.1016/j.biocon.2012.03.021,What is left after sex in fragmented habitats? Assessing the quantity and quality of progeny in the endemic tree Prosopis caldenia (Fabaceae),OPENALEX:W2029669711,resolved_unique_work,CF01S0110,CF01S0110,1,no
CF01S0111,SF06:SF06P006,,Ahmed et al. (2009) PNAS 106:20342- 20347,resolved,crossref_bibliographic_to_openalex_doi,W2009418630,10.1073/pnas.0902213106,Wind-borne insects mediate directional pollen transfer between desert fig trees 160 kilometers apart,OPENALEX:W2009418630,resolved_unique_work,CF01S0111,CF01S0111,1,no
CF01S0112,SF06:SF06P007,10.2307/1939538,Aizen & Feinsinger (1994) Ecology 75:330- 351,resolved,openalex_doi_exact,W2099188420,10.2307/1939538,"Forest Fragmentation, Pollination, and Plant Reproduction in a Chaco Dry Forest, Argentina",OPENALEX:W2099188420,resolved_unique_work,CF01S0112,CF01S0112,1,no
CF01S0113,SF06:SF06P008,,Albrecht et al. (2007) Journal of Applied Ecology 44:813- 822,resolved,crossref_bibliographic_to_openalex_doi,W1492966740,10.1111/j.1365-2664.2007.01306.x,The Swiss agri‐environment scheme enhances pollinator diversity and plant reproductive success in nearby intensively managed farmland,OPENALEX:W1492966740,resolved_unique_work,CF01S0113,CF01S0113,1,no
CF01S0114,SF06:SF06P009,,Albrecht et al. (2009) PLoS One 4:e6751,unresolved,crossref_bibliographic_to_openalex_doi,,,,UNRESOLVED:CF01S0114,unresolved_seed_identity,CF01S0114,CF01S0114,1,no
CF01S0115,SF06:SF06P010,,Angoh et al. (2021) South African Journal of Botany 141:196- 199,resolved,crossref_bibliographic_to_openalex_doi,W3166737689,10.1016/j.sajb.2021.05.012,Getting around: Effects of fragmentation on a bird-pollinated Erica species,OPENALEX:W3166737689,resolved_unique_work,CF01S0115,CF01S0115,1,no
CF01S0116,SF06:SF06P011,,Ballesteros et al. (2013) Oryx 47:199- 202,resolved,crossref_bibliographic_to_openalex_doi,W2002230318,10.1017/s0030605312001688,Conservation status of the narrow endemic gypsophileOnonis tridentatasubsp.crassifoliain southern Spain: effects of habitat disturbance,OPENALEX:W2002230318,resolved_unique_work,CF01S0116,CF01S0116,1,no
CF01S0117,SF06:SF06P012,,Barreto et al. (2018) Botanical Journal of the Linnean Society 187:319- 326,resolved,crossref_bibliographic_to_openalex_doi,W2802185161,10.1093/botlinnean/boy017,Is there an influence of the edge on plant pollination in dry forests? The case of Justicia aequilabris (Acanthaceae),OPENALEX:W2802185161,resolved_unique_work,CF01S0117,CF01S0117,1,no
CF01S0118,SF06:SF06P014,,Berjano et al. (2013) Journal for Nature Conservation 21:334- 341,resolved,crossref_bibliographic_to_openalex_doi,W2094233539,10.1016/j.jnc.2013.05.001,Mate limitation in populations of the endangered Convolvulus lineatus L.: A case for genetic rescue?,OPENALEX:W2094233539,resolved_unique_work,CF01S0118,CF01S0118,1,no
CF01S0119,SF06:SF06P015,,Bigger (1999) Nat Areas Journal 19:239- 244,unresolved,crossref_bibliographic_to_openalex_doi,,,,UNRESOLVED:CF01S0119,unresolved_seed_identity,CF01S0119,CF01S0119,1,no
CF01S0120,SF06:SF06P016,,Bizoux et al. (2008) Plant Biology 10:684- 693,resolved,crossref_bibliographic_to_openalex_doi,W2008566919,10.1111/j.1438-8677.2008.00077.x,"Fitness and genetic variation of Viola calaminaria, an endemic metallophyte: implications of population structure and history",OPENALEX:W2008566919,resolved_unique_work,CF01S0120,CF01S0120,1,no
CF01S0121,SF06:SF06P017,,Bosch et al. (2002) Biol J Linn Soc 76:79- 90,resolved,crossref_bibliographic_to_openalex_doi,W4238161095,10.1046/j.1095-8312.2002.00050.x,Pollination ecology of the pre-Pyrenean endemic Petrocoptis montsicciana (Caryophyllaceae): effects of population size,OPENALEX:W4238161095,resolved_unique_work,CF01S0121,CF01S0121,1,no
CF01S0122,SF06:SF06P018,,Bossuyt (2007) Conservation Biology 21:832- 841,resolved,crossref_bibliographic_to_openalex_doi,W2133012416,10.1111/j.1523-1739.2006.00645.x,"Genetic Rescue in an Isolated Metapopulation of a Naturally Fragmented Plant Species, Parnassia palustris",OPENALEX:W2133012416,resolved_unique_work,CF01S0122,CF01S0122,1,no
CF01S0123,SF06:SF06P019,,Braun et al. (2012) Journal of Tropical Ecology 28:353- 359,resolved,crossref_bibliographic_to_openalex_doi,W2141397523,10.1017/s0266467412000314,Fragment size and local flower density influence seed set of the understorey tree Paypayrola blanchetiana (Violaceae) in Brazilian Atlantic rain forest,OPENALEX:W2141397523,resolved_unique_work,CF01S0123,CF01S0123,1,no
CF01S0124,SF06:SF06P020,,Breed et al. (2012) Ecology Letters 15:444- 452,resolved,crossref_bibliographic_to_openalex_doi,W2130132149,10.1111/j.1461-0248.2012.01752.x,Shifts in reproductive assurance strategies and inbreeding costs associated with habitat fragmentation in Central American mahogany,OPENALEX:W2130132149,resolved_unique_work,CF01S0124,CF01S0124,1,no
CF01S0125,SF06:SF06P021,10.1111/mec.12056,Breed et al. (2012) Molecular Ecology 21:5955- 5968,resolved,openalex_doi_exact,W1980364601,10.1111/mec.12056,Pollen diversity matters: revealing the neglected effect of pollen diversity on fitness in fragmented landscapes,OPENALEX:W1980364601,resolved_unique_work,CF01S0125,CF01S0125,1,no
CF01S0126,SF06:SF06P022,,Breed et al. (2013) Heredity 115:108- 114,unresolved,crossref_bibliographic_to_openalex_doi,,,,UNRESOLVED:CF01S0126,unresolved_seed_identity,CF01S0126,CF01S0126,1,no
CF01S0127,SF06:SF06P023,,Bruna & Kress (2002) Cons Biol 16:1256- 1266,unresolved,crossref_bibliographic_to_openalex_doi,,,,UNRESOLVED:CF01S0127,unresolved_seed_identity,CF01S0127,CF01S0127,1,no
CF01S0128,SF06:SF06P024,,Brys et al. (2003) Acta Oecologica 24:247- 253,unresolved,crossref_bibliographic_to_openalex_doi,,,,UNRESOLVED:CF01S0128,unresolved_seed_identity,CF01S0128,CF01S0128,1,no
CF01S0129,SF06:SF06P025,,Brys et al. (2004) Journal of Ecology 92: 5- 14,unresolved,crossref_bibliographic_to_openalex_doi,,,,UNRESOLVED:CF01S0129,unresolved_seed_identity,CF01S0129,CF01S0129,1,no
CF01S0130,SF06:SF06P026,,Brys et al. (2008) Botanical Journal of the Linnean Society 157:713- 721,resolved,crossref_bibliographic_to_openalex_doi,W2146406664,10.1111/j.1095-8339.2008.00830.x,"Pollination efficiency and reproductive patterns in relation to local plant density, population size, and floral display in the rewardingListera ovata(Orchidaceae)",OPENALEX:W2146406664,resolved_unique_work,CF01S0130,CF01S0130,1,no
CF01S0131,SF06:SF06P027,,Brys et al. (2008) Journal of Evolutionary Biology 21:1281- 1289,resolved,crossref_bibliographic_to_openalex_doi,W2079563784,10.1111/j.1420-9101.2008.01569.x,"Morph‐ratio variation, population size and female reproductive success in distylous Pulmonaria officinalis (Boraginaceae)",OPENALEX:W2079563784,resolved_unique_work,CF01S0131,CF01S0131,1,no
CF01S0132,SF06:SF06P028,,Brys et al. (2011) American Journal of Botany 98:1834- 1840,resolved,crossref_bibliographic_to_openalex_doi,W2166828003,10.3732/ajb.1100154,Importance of autonomous selfing is inversely related to population size and pollinator availability in a monocarpic plant,OPENALEX:W2166828003,resolved_unique_work,CF01S0132,CF01S0132,1,no
CF01S0133,SF06:SF06P029,,Brzosko et al. (2017) Acta Agrobotanica 70.1,unresolved,crossref_bibliographic_to_openalex_doi,,,,UNRESOLVED:CF01S0133,unresolved_seed_identity,CF01S0133,CF01S0133,1,no
CF01S0134,SF06:SF06P030,,Burgess et al. (2006) New Zealand Journal of Ecology 179- 190,unresolved,crossref_bibliographic_to_openalex_doi,,,,UNRESOLVED:CF01S0134,unresolved_seed_identity,CF01S0134,CF01S0134,1,no
CF01S0135,SF06:SF06P031,,Burgos et al. (2008) Forest Ecology and Management 255:1226- 1233,resolved,crossref_bibliographic_to_openalex_doi,W2109178808,10.1016/j.foreco.2007.10.032,"Seed production, pre-dispersal seed predation and germination of Nothofagus glauca (Nothofagaceae) in a temperate fragmented forest in Chile",OPENALEX:W2109178808,resolved_unique_work,CF01S0135,CF01S0135,1,no
CF01S0136,SF06:SF06P032,,Butcher et al. (2005) Conservation Genetics 6:213- 226,resolved,crossref_bibliographic_to_openalex_doi,W2056280824,10.1007/s10592-004-7830-x,Increased inbreeding and inter-species gene flow in remnant populations of the rare Eucalyptus benthamii,OPENALEX:W2056280824,resolved_unique_work,CF01S0136,CF01S0136,1,no
CF01S0137,SF06:SF06P033,,Butcher et al. (2011) Conservation Genetics 12:1603- 1618,resolved,crossref_bibliographic_to_openalex_doi,W2082769423,10.1007/s10592-011-0258-1,Limited pollen-mediated dispersal and partial self-incompatibility in the rare ironstone endemic Tetratheca paynterae subsp. paynterae increase the risks associated with habitat loss,OPENALEX:W2082769423,resolved_unique_work,CF01S0137,CF01S0137,1,no
CF01S0138,SF06:SF06P034,,Byers (2020) Plant Biology 22:137- 145,resolved,crossref_bibliographic_to_openalex_doi,W2980867797,10.1111/plb.13055,"Impact of prairie fragment size on proportion of females and reproductive success of Lobelia spicata Lam., a gynodioecious species",OPENALEX:W2980867797,resolved_unique_work,CF01S0138,CF01S0138,1,no
CF01S0139,SF06:SF06P035,,Byrne et al. (2007) Molecular Ecology 16:1303- 1314,resolved,crossref_bibliographic_to_openalex_doi,W2150349823,10.1111/j.1365-294x.2006.03204.x,"Extensive pollen dispersal in a bird‐pollinated shrub, Calothamnus quadrifidus, in a fragmented landscape",OPENALEX:W2150349823,resolved_unique_work,CF01S0139,CF01S0139,1,no
CF01S0140,SF06:SF06P036,,Byrne et al. (2008) Conservation Genetics 9:97- 105,resolved,crossref_bibliographic_to_openalex_doi,W2004301498,10.1007/s10592-007-9311-5,"Maintenance of high pollen dispersal in Eucalyptus wandoo, a dominant tree of the fragmented agricultural region in Western Australia",OPENALEX:W2004301498,resolved_unique_work,CF01S0140,CF01S0140,1,no
CF01S0141,SF06:SF06P037,,Capó et al. (2021) Plant Biology 23:121- 129,resolved,crossref_bibliographic_to_openalex_doi,W3084238332,10.1111/plb.13179,"Ecological factors affecting the fitness of the threatened orchid Anacamptis robusta (Orchidaceae): Habitat disturbance, interactions with a co‐flowering rewarding orchid and hybridization events",OPENALEX:W3084238332,resolved_unique_work,CF01S0141,CF01S0141,1,no
CF01S0142,SF06:SF06P038,,Cascante et al. (2002) Conservation Biology 16:137- 147,resolved,crossref_bibliographic_to_openalex_doi,W2019080805,10.1046/j.1523-1739.2002.00317.x,Effects of Dry Tropical Forest Fragmentation on the Reproductive Success and Genetic Structure of the Tree Samanea saman,OPENALEX:W2019080805,resolved_unique_work,CF01S0142,CF01S0142,1,no
CF01S0143,SF06:SF06P039,,Chanyenga et al. (2011) Journal of Tropical Ecology 27:515- 520,resolved,crossref_bibliographic_to_openalex_doi,W2042152993,10.1017/s0266467411000204,"Effect of population size, tree diameter and crown position on viable seed output per cone of the tropical coniferWiddringtonia whyteiin Malawi",OPENALEX:W2042152993,resolved_unique_work,CF01S0143,CF01S0143,1,no
CF01S0144,SF06:SF06P040,,Chen & Zuo (2019) Frontiers in Plant Science 10:327,resolved,crossref_bibliographic_to_openalex_doi,W2925278902,10.3389/fpls.2019.00327,Effect of Pollen Limitation and Pollinator Visitation on Pollination Success of Haloxylon ammodendron (C. A. Mey.) Bunge in Fragmented Habitats,OPENALEX:W2925278902,resolved_unique_work,CF01S0144,CF01S0144,1,no
CF01S0145,SF06:SF06P041,,Chen et al. (2019) Science of the Total Environment 654:1056- 1063,resolved,crossref_bibliographic_to_openalex_doi,W2901032675,10.1016/j.scitotenv.2018.11.148,Comparative pollen limitation and pollinator activity of Caragana korshinskii Kom in natural and fragmented habitats,OPENALEX:W2901032675,resolved_unique_work,CF01S0145,CF01S0145,1,no
CF01S0146,SF06:SF06P042,,Chiapero et al. (2021) Forest Ecology and Management 492:119215,resolved,crossref_bibliographic_to_openalex_doi,W3154779652,10.1016/j.foreco.2021.119215,"Reproductive resilience to habitat fragmentation of Lithraea molleoides (Anacardiaceae), a dominant dioecious tree from the Chaco Serrano",OPENALEX:W3154779652,resolved_unique_work,CF01S0146,CF01S0146,1,no
CF01S0147,SF06:SF06P043,,Coates et al. (2007) Australian Journal of Botany 55:239- 249,resolved,crossref_bibliographic_to_openalex_doi,W2158745757,10.1071/bt06142,Plant mating systems and assessing population persistence in fragmented landscapes,OPENALEX:W2158745757,resolved_unique_work,CF01S0147,CF01S0147,1,no
CF01S0148,SF06:SF06P044,,Collevati et al. (2001) Heredity 86:60- 67,unresolved,crossref_bibliographic_to_openalex_doi,,,,UNRESOLVED:CF01S0148,unresolved_seed_identity,CF01S0148,CF01S0148,1,no
CF01S0149,SF06:SF06P045,,Colling & Matthies (2004) Oikos 105:71- 78,resolved,crossref_bibliographic_to_openalex_doi,W2031793387,10.1111/j.0030-1299.2004.12783.x,"The effects of plant population size on the interactions between the endangered plant Scorzonera humilis , a specialised herbivore, and a phytopathogenic fungus",OPENALEX:W2031793387,resolved_unique_work,CF01S0149,CF01S0149,1,no
CF01S0150,SF06:SF06P046,,Coombs et al. (2009) Austral Ecology 34:688- 697,resolved,crossref_bibliographic_to_openalex_doi,W1993456805,10.1111/j.1442-9993.2009.01976.x,A test for Allee effects in the self‐incompatible wasp‐pollinated milkweedGomphocarpus physocarpus,OPENALEX:W1993456805,resolved_unique_work,CF01S0150,CF01S0150,1,no
CF01S0151,SF06:SF06P047,,Costin et al. (2001) Biol Conserv 98:273- 284,resolved,crossref_bibliographic_to_openalex_doi,W2092160709,10.1016/s0006-3207(00)00165-8,Reproductive success does not decline in fragmented populations of Leucochrysum albicans subsp. albicans var. tricolor (Asteraceae),OPENALEX:W2092160709,resolved_unique_work,CF01S0151,CF01S0151,1,no
CF01S0152,SF06:SF06P048,,Craft & Ashley (2010) American Journal of Botany 97:1999- 2006,resolved,crossref_bibliographic_to_openalex_doi,W2167544304,10.3732/ajb.0900390,"Pollen‐mediated gene flow in isolated and continuous stands of bur oak, Quercus macrocarpa (Fagaceae)",OPENALEX:W2167544304,resolved_unique_work,CF01S0152,CF01S0152,1,no
CF01S0153,SF06:SF06P049,10.1016/j.biocon.2021.109007,Cristobal-Pérez et al. (2021) Biological Conservation 256:109007,resolved,openalex_doi_exact,W3135145372,10.1016/j.biocon.2021.109007,"Habitat fragmentation negatively affects effective gene flow via pollen, and male and female fitness in the dioecious tree, Spondias purpurea (Anacardiaceae)",OPENALEX:W3135145372,resolved_unique_work,CF01S0153,CF01S0153,1,no
CF01S0154,SF06:SF06P050,,Cuevas et al. (2017) Botanical Sciences 95: 401- 408,resolved,crossref_bibliographic_to_openalex_doi,W2751395148,10.17129/botsci.904,"Population size, sex-ratio and sexual dimorphism in Fuchsia parviflora (Onagraceae) an endemic dioecious shrub",OPENALEX:W2751395148,resolved_unique_work,CF01S0154,CF01S0154,1,no
CF01S0155,SF06:SF06P051,,Cunningham (2000) Conserv Biol 14:758- 768,resolved,crossref_bibliographic_to_openalex_doi,W1979838061,10.1046/j.1523-1739.2000.98609.x,Effects of Habitat Fragmentation on the Reproductive Ecology of Four Plant Species in Mallee Woodland,OPENALEX:W1979838061,resolved_duplicate_work,CF01S0155,CF01S0155;CF01S0156,2,no
CF01S0156,SF06:SF06P052,,Cunningham (2000) Conservation Biology 14:758- 768,resolved,crossref_bibliographic_to_openalex_doi,W1979838061,10.1046/j.1523-1739.2000.98609.x,Effects of Habitat Fragmentation on the Reproductive Ecology of Four Plant Species in Mallee Woodland,OPENALEX:W1979838061,resolved_duplicate_work,CF01S0155,CF01S0155;CF01S0156,2,no
CF01S0157,SF06:SF06P053,,Cunningham (2000) Proc R Soc B: Biol Sci 267:1149- 1152,resolved,crossref_bibliographic_to_openalex_doi,W2052384675,10.1098/rspb.2000.1121,Depressed pollination in habitat fragments causes low fruit set,OPENALEX:W2052384675,resolved_unique_work,CF01S0157,CF01S0157,1,no
CF01S0158,SF06:SF06P054,,Cuéllar-Rodríguez et al. (2016) The Journal of the Torrey Botanical Society 144:58- 62,unresolved,crossref_bibliographic_to_openalex_doi,,,,UNRESOLVED:CF01S0158,unresolved_seed_identity,CF01S0158,CF01S0158,1,no
CF01S0159,SF06:SF06P055,,da Silva Elias et al. (2012) Journal of Tropical Ecology 28:317- 320,unresolved,crossref_bibliographic_to_openalex_doi,,,,UNRESOLVED:CF01S0159,unresolved_seed_identity,CF01S0159,CF01S0159,1,no
CF01S0160,SF06:SF06P056,,Dahlgaard & Warncke (1995) Nordic Journal of Botany 15:337- 341,resolved,crossref_bibliographic_to_openalex_doi,W2011310109,10.1111/j.1756-1051.1995.tb00159.x,Seed set and germination in crosses within and between two geographically isolated small populations of Saxifraga hirculus in Denmark,OPENALEX:W2011310109,resolved_unique_work,CF01S0160,CF01S0160,1,no
CF01S0161,SF06:SF06P057,,Dainese (2011) Plant Ecology 212:651- 661,resolved,crossref_bibliographic_to_openalex_doi,W1975782433,10.1007/s11258-011-9902-6,Impact of land use intensity and temperature on the reproductive performance of Dactylis glomerata populations in the southeastern Alps,OPENALEX:W1975782433,resolved_unique_work,CF01S0161,CF01S0161,1,no
CF01S0162,SF06:SF06P058,,Davies et al. (2015) Heredity 115:125- 129,resolved,crossref_bibliographic_to_openalex_doi,W2261424361,10.1038/hdy.2013.95,"Pollen flow in fragmented landscapes maintains genetic diversity following stand-replacing disturbance in a neotropical pioneer tree, Vochysia ferruginea Mart",OPENALEX:W2261424361,resolved_unique_work,CF01S0162,CF01S0162,1,no
CF01S0163,SF06:SF06P059,,Dayanandan et al. (1999) Molecular Ecology 8:2585- 1592,resolved,crossref_bibliographic_to_openalex_doi,W2143774808,10.1046/j.1365-294x.1999.00735.x,"Population structure delineated with microsatellite markers in fragmented populations of a tropical tree, Carapa guianensis (Meliaceae)",OPENALEX:W2143774808,resolved_unique_work,CF01S0163,CF01S0163,1,no
CF01S0164,SF06:SF06P060,,de Moraes & Sebbenn (2011) Biotropica 43:192- 199,unresolved,crossref_bibliographic_to_openalex_doi,,,,UNRESOLVED:CF01S0164,unresolved_seed_identity,CF01S0164,CF01S0164,1,no
CF01S0165,SF06:SF06P061,,de Moraes et al. (2007) Scientia Forestalis/Forest Sciences 74:75- 86,unresolved,crossref_bibliographic_to_openalex_doi,,,,UNRESOLVED:CF01S0165,unresolved_seed_identity,CF01S0165,CF01S0165,1,no
CF01S0166,SF06:SF06P062,10.1002/ece3.5653,Delnevo et al. (2019) Ecology and Evolution 9:11494- 11503,resolved,openalex_doi_exact,W2975801452,10.1002/ece3.5653,Floral display and habitat fragmentation: Effects on the reproductive success of the threatened mass‐flowering Conospermum undulatum (Proteaceae),OPENALEX:W2975801452,resolved_unique_work,CF01S0166,CF01S0166,1,no
CF01S0167,SF06:SF06P063,,Dick (2001) Proc R Soc Lond Series B: Biol Sci 268:2391- 2396,unresolved,crossref_bibliographic_to_openalex_doi,,,,UNRESOLVED:CF01S0167,unresolved_seed_identity,CF01S0167,CF01S0167,1,no
CF01S0168,SF06:SF06P064,,Donaldson et al. (2002) Conserv Biol 16:1267- 1276,resolved,crossref_bibliographic_to_openalex_doi,W2120981670,10.1046/j.1523-1739.2002.99515.x,Effects of Habitat Fragmentation on Pollinator Diversity and Plant Reproductive Success in Renosterveld Shrublands of South Africa,OPENALEX:W2120981670,resolved_duplicate_work,CF01S0168,CF01S0168;CF01S0169,2,no
CF01S0169,SF06:SF06P065,,Donaldson et al. (2002) Conservation Biology 16:1267- 1276,resolved,crossref_bibliographic_to_openalex_doi,W2120981670,10.1046/j.1523-1739.2002.99515.x,Effects of Habitat Fragmentation on Pollinator Diversity and Plant Reproductive Success in Renosterveld Shrublands of South Africa,OPENALEX:W2120981670,resolved_duplicate_work,CF01S0168,CF01S0168;CF01S0169,2,no
CF01S0170,SF06:SF06P066,,Dostálek et al. (2010) Conservation Genetics 11:773- 783,resolved,crossref_bibliographic_to_openalex_doi,W2075163134,10.1007/s10592-009-9879-z,"Genetic diversity and its effect on fitness in an endangered plant species, Dracocephalum austriacum L.",OPENALEX:W2075163134,resolved_unique_work,CF01S0170,CF01S0170,1,no
CF01S0171,SF06:SF06P067,,Duffy et al. (2013) Journal of Ecology 101:953- 962,resolved,crossref_bibliographic_to_openalex_doi,W2065256680,10.1111/1365-2745.12104,Does the likelihood of an A llee effect on plant fecundity depend on the type of pollinator?,OPENALEX:W2065256680,resolved_unique_work,CF01S0171,CF01S0171,1,no
CF01S0172,SF06:SF06P068,,Ehlers (1999) Nordic Journal of Botany 19:653- 663,resolved,crossref_bibliographic_to_openalex_doi,W2097057878,10.1111/j.1756-1051.1999.tb00675.x,Variation in fruit set within and among natural populations of the self‐incompatible herb Centaurea scabiosa (Asteraceae),OPENALEX:W2097057878,resolved_unique_work,CF01S0172,CF01S0172,1,no
CF01S0173,SF06:SF06P069,,Ehlers et al. (2002) Plant Systematics and Evolution 236:19- 32,resolved,crossref_bibliographic_to_openalex_doi,W1588463574,10.1007/s00606-002-0197-x,,OPENALEX:W1588463574,resolved_unique_work,CF01S0173,CF01S0173,1,no
CF01S0174,SF06:SF06P070,,Ewedje et al. (2017) Conservation Genetics 18:799- 811,resolved,crossref_bibliographic_to_openalex_doi,W2576139336,10.1007/s10592-017-0928-8,"Breeding system, gene dispersal and small-scale spatial genetic structure of a threatened food tree species, Pentadesma butyracea (Clusiaceae) in Benin",OPENALEX:W2576139336,resolved_unique_work,CF01S0174,CF01S0174,1,no
CF01S0175,SF06:SF06P071,,Favarin et al. (2022) Flora 296:152165,resolved,crossref_bibliographic_to_openalex_doi,W4301368737,10.1016/j.flora.2022.152165,Pollinator distribution in patches of suitable habitat depends more on patch isolation than on floral abundance,OPENALEX:W4301368737,resolved_unique_work,CF01S0175,CF01S0175,1,no
CF01S0176,SF06:SF06P072,,Feres et al. (2012) Conservation Genetics 13:393- 405,resolved,crossref_bibliographic_to_openalex_doi,W2033527194,10.1007/s10592-011-0292-z,"Mating system parameters at hierarchical levels of fruits, individuals and populations in the Brazilian insect-pollinated tropical tree, Tabebuia roseo-alba (Bignoniaceae)",OPENALEX:W2033527194,resolved_unique_work,CF01S0176,CF01S0176,1,no
CF01S0177,SF06:SF06P073,,Fernández et al. (2012) Oecologia 170:421- 431,resolved,crossref_bibliographic_to_openalex_doi,W1999093073,10.1007/s00442-012-2312-1,Pollen limitation in a narrow endemic plant: geographical variation and driving factors,OPENALEX:W1999093073,resolved_unique_work,CF01S0177,CF01S0177,1,no
CF01S0178,SF06:SF06P074,,Fernández et al. (2015) Basic and Applied Ecology 16:375- 385,resolved,crossref_bibliographic_to_openalex_doi,W2042120942,10.1016/j.baae.2015.02.006,"Variation in the reproductive success of a narrow endemic plant: Effects of geographical distribution, abiotic conditions and pollinator community composition",OPENALEX:W2042120942,resolved_unique_work,CF01S0178,CF01S0178,1,no
CF01S0179,SF06:SF06P075,,Fischer & Matthies (1998) American Journal of Botany 85:811- 819,resolved,crossref_bibliographic_to_openalex_doi,W2032331241,10.2307/2446416,RAPD variation in relation to population size and plant fitness in the rare Gentianella germanica (Gentianaceae),OPENALEX:W2032331241,resolved_unique_work,CF01S0179,CF01S0179,1,no
CF01S0180,SF06:SF06P076,,Fritz & Nilsson (1994) Oecologia 100:451- 462,resolved,crossref_bibliographic_to_openalex_doi,W2028829260,10.1007/bf00317867,How pollinator-mediated mating varies with population size in plants,OPENALEX:W2028829260,resolved_unique_work,CF01S0180,CF01S0180,1,no
CF01S0181,SF06:SF06P077,,Frye & Neel (2017) Evolutionary Applications 10:551- 562,resolved,crossref_bibliographic_to_openalex_doi,W2529270945,10.1111/eva.12437,Benefits of gene flow are mediated by individual variability in self‐compatibility in small isolated populations of an endemic plant species,OPENALEX:W2529270945,resolved_unique_work,CF01S0181,CF01S0181,1,no
CF01S0182,SF06:SF06P078,,Gao et al. (2010) Australian Journal of Botany 58:214- 223,resolved,crossref_bibliographic_to_openalex_doi,W2024258918,10.1071/bt09190,Size-class structure and variation in seed and seedling traits in relation to population size of an endangered species Craigia yunnanensis (Tiliaceae),OPENALEX:W2024258918,resolved_unique_work,CF01S0182,CF01S0182,1,no
CF01S0183,SF06:SF06P079,,García & Chacoff (2007) Conservation Biology 21:400- 411,resolved,crossref_bibliographic_to_openalex_doi,W2027282032,10.1111/j.1523-1739.2006.00593.x,"Scale‐Dependent Effects of Habitat Fragmentation on Hawthorn Pollination, Frugivory, and Seed Predation",OPENALEX:W2027282032,resolved_unique_work,CF01S0183,CF01S0183,1,no
CF01S0184,SF06:SF06P080,,García-Robledo (2010) Restoration Ecology 18:94- 102,unresolved,crossref_bibliographic_to_openalex_doi,,,,UNRESOLVED:CF01S0184,unresolved_seed_identity,CF01S0184,CF01S0184,1,no
CF01S0185,SF06:SF06P081,,Gauli et al. (2014) Australian Journal of Botany 61:622- 632,resolved,crossref_bibliographic_to_openalex_doi,W2094470932,10.1071/bt13259,Effect of forest fragmentation and altitude on the mating system of Eucalyptus pauciflora (Myrtaceae),OPENALEX:W2094470932,resolved_unique_work,CF01S0185,CF01S0185,1,no
CF01S0186,SF06:SF06P082,,Ghazoul et al. (1998) Journal of Ecology 86:462- 473,resolved,crossref_bibliographic_to_openalex_doi,W2034343374,10.1046/j.1365-2745.1998.00270.x,"Disturbance‐induced density‐dependent seed set in Shorea siamensis (Dipterocarpaceae), a tropical forest tree",OPENALEX:W2034343374,resolved_unique_work,CF01S0186,CF01S0186,1,no
CF01S0187,SF06:SF06P083,,Gigord et al. (1999) Biological Conservation 88:43- 51,resolved,crossref_bibliographic_to_openalex_doi,W1982142119,10.1016/s0006-3207(98)00092-5,"Effects of habitat fragmentation on Dombeya acutangula (Sterculiaceae), a native tree on La Réunion (Indian Ocean)",OPENALEX:W1982142119,resolved_unique_work,CF01S0187,CF01S0187,1,no
CF01S0188,SF06:SF06P084,,Gonzalez Varo et al. (2010) Journal of Applied Ecology 47:1242- 1252,unresolved,crossref_bibliographic_to_openalex_doi,,,,UNRESOLVED:CF01S0188,unresolved_seed_identity,CF01S0188,CF01S0188,1,no
CF01S0189,SF06:SF06P085,,González-Robles et al. (2021) Molecular Ecology 30:3408- 3421,unresolved,crossref_bibliographic_to_openalex_doi,,,,UNRESOLVED:CF01S0189,unresolved_seed_identity,CF01S0189,CF01S0189,1,no
CF01S0190,SF06:SF06P086,,González-Varo et al. (2009) Biological Conservation 142:1058- 1065,unresolved,crossref_bibliographic_to_openalex_doi,,,,UNRESOLVED:CF01S0190,unresolved_seed_identity,CF01S0190,CF01S0190,1,no
CF01S0191,SF06:SF06P087,,Grilli et al. (2013) Forest ecology and management 310:442- 449,resolved,crossref_bibliographic_to_openalex_doi,W2068637411,10.1016/j.foreco.2013.08.052,Linking mycorrhizal fungi and soil nutrients to vegetative and reproductive ruderal plant development in a fragmented forest at central Argentina,OPENALEX:W2068637411,resolved_unique_work,CF01S0191,CF01S0191,1,no
CF01S0192,SF06:SF06P088,,Groom (2001) Biol Conserv 100:55- 63,resolved,crossref_bibliographic_to_openalex_doi,W1996677684,10.1016/s0006-3207(00)00207-x,"Consequences of subpopulation isolation for pollination, herbivory, and population growth in Clarkia concinna concinna (Onagraceae)",OPENALEX:W1996677684,resolved_unique_work,CF01S0192,CF01S0192,1,no
CF01S0193,SF06:SF06P089,,Hadley et al. (2014) Ecology 95:2202- 2212,resolved,crossref_bibliographic_to_openalex_doi,W2101848387,10.1890/13-0929.1,Tropical forest fragmentation limits pollination of a keystone understory herb,OPENALEX:W2101848387,resolved_unique_work,CF01S0193,CF01S0193,1,no
CF01S0194,SF06:SF06P090,,Hansen & Olesen (1999) Nordic Journal of Botany 19:665- 671,resolved,crossref_bibliographic_to_openalex_doi,W1998523530,10.1111/j.1756-1051.1999.tb00676.x,Comparison of reproductive success in two orchids: the nectarless Dactylorhiza majalis s.s. and the nectar‐producing Gymnadenia conopsea s.l.,OPENALEX:W1998523530,resolved_unique_work,CF01S0194,CF01S0194,1,no
CF01S0195,SF06:SF06P091,,Hauber et al. (2022) South African Journal of Botany 146:48- 57,resolved,crossref_bibliographic_to_openalex_doi,W3209231722,10.1016/j.sajb.2021.09.027,Mixed effect of habitat fragmentation on pollinator visitation rates but not on seed production in renosterveld of South Africa,OPENALEX:W3209231722,resolved_unique_work,CF01S0195,CF01S0195,1,no
CF01S0196,SF06:SF06P092,,Hendrix & Kyhl (2000) Conservation Biology 14:304- 313,resolved,crossref_bibliographic_to_openalex_doi,W2084649217,10.1046/j.1523-1739.2000.98253.x,Population Size and Reproduction in Phlox pilosa,OPENALEX:W2084649217,resolved_unique_work,CF01S0196,CF01S0196,1,no
CF01S0197,SF06:SF06P093,,Hensen & Oberprieler (2005) Conservation Genetics 6:63- 73,resolved,crossref_bibliographic_to_openalex_doi,W1984210247,10.1007/s10592-004-7745-6,Effects of population size on genetic diversity and seed production in the rare Dictamnus albus(Rutaceae) in central Germany,OPENALEX:W1984210247,resolved_unique_work,CF01S0197,CF01S0197,1,no
CF01S0198,SF06:SF06P094,,Hensen et al. (2005) Flora 200:3- 14,resolved,crossref_bibliographic_to_openalex_doi,W2054530055,10.1016/j.flora.2004.05.001,"Genetic structure, population size, and seed production of Pulsatilla vulgaris Mill. (Ranunculaceae) in Central Germany",OPENALEX:W2054530055,resolved_unique_work,CF01S0198,CF01S0198,1,no
CF01S0199,SF06:SF06P095,,Herrerías-Diego et al. (2006) Conservation Biology 20:1111- 1120,unresolved,crossref_bibliographic_to_openalex_doi,,,,UNRESOLVED:CF01S0199,unresolved_seed_identity,CF01S0199,CF01S0199,1,no
CF01S0200,SF06:SF06P096,,Hirayama et al. (2007) Biological Conservation 136:315- 323,resolved,crossref_bibliographic_to_openalex_doi,W1965407699,10.1016/j.biocon.2006.12.004,"Reduced seed production, inbreeding, and pollen shortage in a small population of a threatened tree, Magnolia stellata",OPENALEX:W1965407699,resolved_unique_work,CF01S0200,CF01S0200,1,no
CF01S0201,SF06:SF06P097,,Hoebee & Young (2001) Heredity 86:489- 496,resolved,crossref_bibliographic_to_openalex_doi,W2022176923,10.1046/j.1365-2540.2001.00857.x,Low neighbourhood size and high interpopulation differentiation in the endangered shrub Grevillea iaspicula McGill (Proteaceae),OPENALEX:W2022176923,resolved_unique_work,CF01S0201,CF01S0201,1,no
CF01S0202,SF06:SF06P098,,Hornemann et al. (2012) Flora 207:736- 743,resolved,crossref_bibliographic_to_openalex_doi,W1992074045,10.1016/j.flora.2012.07.005,"Reproductive fitness, population size and genetic variation in Muscari tenuiflorum (Hyacinthaceae): The role of temporal variation",OPENALEX:W1992074045,resolved_unique_work,CF01S0202,CF01S0202,1,no
CF01S0203,SF06:SF06P099,,Ilves et al. (2013) Conservation Genetics 14:661- 669,resolved,crossref_bibliographic_to_openalex_doi,W2131193768,10.1007/s10592-013-0459-x,"Genetic variability, population size and reproduction potential in Ligularia sibirica (L.) populations in Estonia",OPENALEX:W2131193768,resolved_unique_work,CF01S0203,CF01S0203,1,no
CF01S0204,SF06:SF06P100,,Isagi et al. (2007) Sustainability and Diversity of Forest Ecosystems: An Interdisciplinary Approach 382- 389,unresolved,crossref_bibliographic_to_openalex_doi,,,,UNRESOLVED:CF01S0204,unresolved_seed_identity,CF01S0204,CF01S0204,1,no
CF01S0205,SF06:SF06P101,,Jacquemyn et al. (2001) Plant Biology 3:561- 568,resolved,crossref_bibliographic_to_openalex_doi,W2000622689,10.1055/s-2001-17728,"Within and Between Plant Variation in Seed Number, Seed Mass and Germinability of Primula elatior: Effect of Population Size",OPENALEX:W2000622689,resolved_unique_work,CF01S0205,CF01S0205,1,no
CF01S0206,SF06:SF06P102,,Jacquemyn et al. (2002) Oecologia 130:617- 625,resolved,crossref_bibliographic_to_openalex_doi,W2117096191,10.1007/s00442-001-0833-0,"Patch occupancy, population size and reproductive success of a forest herb (Primula elatior) in a fragmented landscape",OPENALEX:W2117096191,resolved_unique_work,CF01S0206,CF01S0206,1,no
CF01S0207,SF06:SF06P103,,Jacquemyn et al. (2006) Oecologia 147:434- 444,resolved,crossref_bibliographic_to_openalex_doi,W2132422058,10.1007/s00442-005-0287-x,"Sexual reproduction, clonal diversity and genetic differentiation in patchily distributed populations of the temperate forest herb Paris quadrifolia (Trilliaceae)",OPENALEX:W2132422058,resolved_unique_work,CF01S0207,CF01S0207,1,no
CF01S0208,SF06:SF06P104,,Jacquemyn et al. (2008) Basic and Applied Ecology 9:392- 400,resolved,crossref_bibliographic_to_openalex_doi,W1983624746,10.1016/j.baae.2007.05.002,"Effects of coppicing on demographic structure, fruit and seed set in Orchis mascula",OPENALEX:W1983624746,resolved_unique_work,CF01S0208,CF01S0208,1,no
CF01S0209,SF06:SF06P105,,Jacquemyn et al. (2009) Biology Letters 5:495- 498,resolved,crossref_bibliographic_to_openalex_doi,W2114145859,10.1098/rsbl.2009.0262,Large population sizes mitigate negative effects of variable weather conditions on fruit set in two spring woodland orchids,OPENALEX:W2114145859,resolved_unique_work,CF01S0209,CF01S0209,1,no
CF01S0210,SF06:SF06P106,,Jennersten (1988) Conservation Biology 2:359- 366,resolved,crossref_bibliographic_to_openalex_doi,W2106587437,10.1111/j.1523-1739.1988.tb00200.x,Pollination in Dianthus deltoides (Caryophyllaceae): Effects of Habitat Fragmentation on Visitation and Seed Set,OPENALEX:W2106587437,resolved_unique_work,CF01S0210,CF01S0210,1,no
CF01S0211,SF06:SF06P107,,Jha & Dick (2010) PNAS 107:13760- 13764,resolved,crossref_bibliographic_to_openalex_doi,W2112423972,10.1073/pnas.1002490107,Native bees mediate long-distance pollen dispersal in a shade coffee landscape mosaic,OPENALEX:W2112423972,resolved_unique_work,CF01S0211,CF01S0211,1,no
CF01S0212,SF06:SF06P108,,Johnson et al. (2004) Biol Conserv 120:31- 39,resolved,crossref_bibliographic_to_openalex_doi,W1994524023,10.1016/j.biocon.2004.01.028,Fruiting failure and limited recruitment in remnant populations of the hawkmoth-pollinated tree Oxyanthus pyriformis subsp. pyriformis (Rubiaceae),OPENALEX:W1994524023,resolved_unique_work,CF01S0212,CF01S0212,1,no
CF01S0213,SF06:SF06P109,,Johnson et al. (2004) Biotropica 36:148- 155,resolved,crossref_bibliographic_to_openalex_doi,W4249838348,10.1111/j.1744-7429.2004.tb00307.x,Factors Contributing to Variation in Seed Production among Remnant Populations of the Endangered Daisy Gerbera aurantiaca 1,OPENALEX:W4249838348,resolved_unique_work,CF01S0213,CF01S0213,1,no
CF01S0214,SF06:SF06P110,,Johnson et al. (2009) Biology Letters 5:282- 285,resolved,crossref_bibliographic_to_openalex_doi,W2104393717,10.1098/rsbl.2008.0702,Relationships between population size and pollen fates in a moth-pollinated orchid,OPENALEX:W2104393717,resolved_unique_work,CF01S0214,CF01S0214,1,no
CF01S0215,SF06:SF06P111,,Jolivet et al. (2012) European Journal of Forest Research 131:1055- 1069,resolved,crossref_bibliographic_to_openalex_doi,W2079180656,10.1007/s10342-011-0576-3,Mating patterns and pollen dispersal in four contrasting wild cherry populations (Prunus avium L.),OPENALEX:W2079180656,resolved_unique_work,CF01S0215,CF01S0215,1,no
CF01S0216,SF06:SF06P112,,Jones & Gliddon (1999) Plant Ecology 141:151- 161,resolved,crossref_bibliographic_to_openalex_doi,W10143922,10.1023/a:1009805401483,Reproductive biology and genetic structure in Lloydia serotina,OPENALEX:W10143922,resolved_unique_work,CF01S0216,CF01S0216,1,no
CF01S0217,SF06:SF06P113,,Jules & Rathcke (1999) Conserv Biol 13:784- 793,resolved,crossref_bibliographic_to_openalex_doi,W2163702632,10.1046/j.1523-1739.1999.97435.x,Mechanisms of Reduced Trillium Recruitment along Edges of Old‐Growth Forest Fragments,OPENALEX:W2163702632,resolved_unique_work,CF01S0217,CF01S0217,1,no
CF01S0218,SF06:SF06P114,,Kahmen & Jules (2005) Forest Ecology and Management 210:107- 116,resolved,crossref_bibliographic_to_openalex_doi,W2169198524,10.1016/j.foreco.2005.02.018,Assessing the recovery of a long-lived herb following logging: Trillium ovatum across a 424-year chronosequence,OPENALEX:W2169198524,resolved_unique_work,CF01S0218,CF01S0218,1,no
CF01S0219,SF06:SF06P115,,Kamm et al. (2011) Forest Ecology and Management 262:1047- 1053,resolved,crossref_bibliographic_to_openalex_doi,W1978064383,10.1016/j.foreco.2011.05.040,"Genetic consequences of low local tree densities – Implications for the management of naturally rare, insect pollinated species in temperate forests",OPENALEX:W1978064383,resolved_unique_work,CF01S0219,CF01S0219,1,no
CF01S0220,SF06:SF06P116,,Karrenberg & Jensen (2000) Folia Geobot 35:191- 202,resolved,crossref_bibliographic_to_openalex_doi,W2010009577,10.1007/bf02803097,Effects of pollination and pollen source on the seed set ofPedicularis palustris,OPENALEX:W2010009577,resolved_unique_work,CF01S0220,CF01S0220,1,no
CF01S0221,SF06:SF06P117,,"Kelly et al. (2000) In: Genetics, Demography and Viability of Fragmented Populations.",unresolved,crossref_bibliographic_to_openalex_doi,,,,UNRESOLVED:CF01S0221,unresolved_seed_identity,CF01S0221,CF01S0221,1,no
CF01S0222,SF06:SF06P118,,Kirchner et al. (2005) Oikos 111:130- 142,resolved,crossref_bibliographic_to_openalex_doi,W2094673475,10.1111/j.0030-1299.2005.14022.x,Effects of local density on insect visitation and fertilization success in the narrow‐endemic Centaurea corymbosa (Asteraceae),OPENALEX:W2094673475,resolved_unique_work,CF01S0222,CF01S0222,1,no
CF01S0223,SF06:SF06P119,,Klank et al. (2010) Journal of Ecology 98:1389- 1397,resolved,crossref_bibliographic_to_openalex_doi,W2111981915,10.1111/j.1365-2745.2010.01720.x,Effects of population size on plant reproduction and pollinator abundance in a specialized pollination system,OPENALEX:W2111981915,resolved_unique_work,CF01S0223,CF01S0223,1,no
CF01S0224,SF06:SF06P120,,Kleizen et al. (2009) South African Journal of Botany 75:739- 743,resolved,crossref_bibliographic_to_openalex_doi,W2005081877,10.1016/j.sajb.2009.07.013,"Variation in seed set amongst populations of a rodent pollinated geophyte, Colchicum coloratum",OPENALEX:W2005081877,resolved_unique_work,CF01S0224,CF01S0224,1,no
CF01S0225,SF06:SF06P121,,Kleunen et al. (2007) Oikos 116:1400- 1412,unresolved,crossref_bibliographic_to_openalex_doi,,,,UNRESOLVED:CF01S0225,unresolved_seed_identity,CF01S0225,CF01S0225,1,no
CF01S0226,SF06:SF06P122,,Knapp et al. (2001) Oecologia 128:48- 55,resolved,crossref_bibliographic_to_openalex_doi,W2138082164,10.1007/s004420000623,Pollen-limited reproduction in blue oak: implications for wind pollination in fragmented populations,OPENALEX:W2138082164,resolved_unique_work,CF01S0226,CF01S0226,1,no
CF01S0227,SF06:SF06P123,,Kolb & Lindhorst (2006) Plant Ecology 185:209- 220,resolved,crossref_bibliographic_to_openalex_doi,W2092910545,10.1007/s11258-005-9096-x,Forest fragmentation and plant reproductive success: a case study in four perennial herbs,OPENALEX:W2092910545,resolved_unique_work,CF01S0227,CF01S0227,1,no
CF01S0228,SF06:SF06P124,,Kolb (2005) J Ecol 93: 1226- 1237,resolved,crossref_bibliographic_to_openalex_doi,W1550622743,10.1111/j.1365-2745.2005.01049.x,Reduced reproductive success and offspring survival in fragmented populations of the forest herbPhyteuma spicatum,OPENALEX:W1550622743,resolved_unique_work,CF01S0228,CF01S0228,1,no
CF01S0229,SF06:SF06P125,,Kolb (2008) Biological Conservation 141:2540- 2549,resolved,crossref_bibliographic_to_openalex_doi,W2083585035,10.1016/j.biocon.2008.07.015,Habitat fragmentation reduces plant fitness by disturbing pollination and modifying response to herbivory,OPENALEX:W2083585035,resolved_unique_work,CF01S0229,CF01S0229,1,no
CF01S0230,SF06:SF06P126,,Kolb et al. (2010) Ecology 91:3210- 3217,resolved,crossref_bibliographic_to_openalex_doi,W2124558710,10.1890/09-2207.1,Population size affects vital rates but not population growth rate of a perennial plant,OPENALEX:W2124558710,resolved_unique_work,CF01S0230,CF01S0230,1,no
CF01S0231,SF06:SF06P127,,Krauss et al. (2007) Australian Journal of Botany 55:390- 399,resolved,crossref_bibliographic_to_openalex_doi,W2073359631,10.1071/bt06141,Population-size effects on seeds and seedlings from fragmented eucalypt populations: implications for seed sourcing for ecological restoration,OPENALEX:W2073359631,resolved_unique_work,CF01S0231,CF01S0231,1,no
CF01S0232,SF06:SF06P128,,Kunin (1997) Journal of Ecology 225- 234,unresolved,crossref_bibliographic_to_openalex_doi,,,,UNRESOLVED:CF01S0232,unresolved_seed_identity,CF01S0232,CF01S0232,1,no
CF01S0233,SF06:SF06P129,,Kéry et al. (2000) Journal of Ecology 88:17- 30,resolved,crossref_bibliographic_to_openalex_doi,W2059689186,10.1046/j.1365-2745.2000.00422.x,Reduced fecundity and offspring performance in small populations of the declining grassland plants Primula veris and Gentiana lutea,OPENALEX:W2059689186,resolved_unique_work,CF01S0233,CF01S0233,1,no
CF01S0234,SF06:SF06P130,,Lander et al. (2010) Biological Conservation 143:2583- 2590,resolved,crossref_bibliographic_to_openalex_doi,W2155363705,10.1016/j.biocon.2010.06.028,"Fragmented but not isolated: Contribution of single trees, small patches and long-distance pollen flow to genetic connectivity for Gomortega keule, an endangered Chilean tree",OPENALEX:W2155363705,resolved_unique_work,CF01S0234,CF01S0234,1,no
CF01S0235,SF06:SF06P131,,Lauterbach et al. (2012) Plant Systematics and Evolution 298:155- 164,resolved,crossref_bibliographic_to_openalex_doi,W2050342766,10.1007/s00606-011-0533-0,Population genetics and fitness in fragmented populations of the dioecious and endangered Silene otites (Caryophyllaceae),OPENALEX:W2050342766,resolved_unique_work,CF01S0235,CF01S0235,1,no
CF01S0236,SF06:SF06P132,,Lee (2000) Heredity 85:338- 345,resolved,crossref_bibliographic_to_openalex_doi,W2015032569,10.1046/j.1365-2540.2000.00761.x,Mating system parameters of Dryobalanops aromatica Gaertn. f. (Dipterocarpaceae) in three different forest types and a seed orchard,OPENALEX:W2015032569,resolved_unique_work,CF01S0236,CF01S0236,1,no
CF01S0237,SF06:SF06P133,,Leimu & Syrjänen (2002) Oikos 98:229- 238,resolved,crossref_bibliographic_to_openalex_doi,W2024117362,10.1034/j.1600-0706.2002.980205.x,"Effects of population size, seed predation and plant size on male and female reproductive success in Vincetoxicum hirundinaria (Asclepiadaceae)",OPENALEX:W2024117362,resolved_unique_work,CF01S0237,CF01S0237,1,no
CF01S0238,SF06:SF06P134,,Lennartsson (2002) Ecology 83:3060- 3072,unresolved,crossref_bibliographic_to_openalex_doi,,,,UNRESOLVED:CF01S0238,unresolved_seed_identity,CF01S0238,CF01S0238,1,no
CF01S0239,SF06:SF06P135,,Leong et al. (2014) PLoS One 9: e86357,unresolved,crossref_bibliographic_to_openalex_doi,,,,UNRESOLVED:CF01S0239,unresolved_seed_identity,CF01S0239,CF01S0239,1,no
CF01S0240,SF06:SF06P136,,Lienert & Fischer (2003) J Ecol 91:587- 599,resolved,crossref_bibliographic_to_openalex_doi,W2006005664,10.1046/j.1365-2745.2003.00793.x,Habitat fragmentation affects the common wetland specialist Primula farinosa in north‐east Switzerland,OPENALEX:W2006005664,resolved_unique_work,CF01S0240,CF01S0240,1,no
CF01S0241,SF06:SF06P137,10.3389/fevo.2018.00039,Llorens et al. (2018) Frontiers in Ecology and Evolution 6: 39,resolved,openalex_doi_exact,W2798049189,10.3389/fevo.2018.00039,Altered Soil Properties Inhibit Fruit Set but Increase Progeny Performance for a Foundation Tree in a Highly Fragmented Landscape,OPENALEX:W2798049189,resolved_unique_work,CF01S0241,CF01S0241,1,no
CF01S0242,SF06:SF06P139,,Lopes & Buzato (2007) Oecologia 154:305- 314,resolved,crossref_bibliographic_to_openalex_doi,W2066220694,10.1007/s00442-007-0830-z,"Variation in pollinator assemblages in a fragmented landscape and its effects on reproductive stages of a self-incompatible treelet, Psychotria suterella (Rubiaceae)",OPENALEX:W2066220694,resolved_unique_work,CF01S0242,CF01S0242,1,no
CF01S0243,SF06:SF06P140,,Lundell et al. (2015) Folia Geobotanica 50:13- 23,resolved,crossref_bibliographic_to_openalex_doi,W1786355109,10.1007/s12224-015-9212-1,Population size and reproduction in the declining endangered forest plant Chimaphila umbellata in Sweden,OPENALEX:W1786355109,resolved_unique_work,CF01S0243,CF01S0243,1,no
CF01S0244,SF06:SF06P141,,Lázaro et al. (2020) Ecological Applications 30:e02099,unresolved,crossref_bibliographic_to_openalex_doi,,,,UNRESOLVED:CF01S0244,unresolved_seed_identity,CF01S0244,CF01S0244,1,no
CF01S0245,SF06:SF06P142,,Magrach et al. (2012) Austral Ecology 37:600- 609,resolved,crossref_bibliographic_to_openalex_doi,W1499119639,10.1111/j.1442-9993.2011.02320.x,Differential effects of anthropogenic edges and gaps on the reproduction of a forest‐dwelling plant: The role of plant reproductive effort and nectar robbing by bumblebees,OPENALEX:W1499119639,resolved_unique_work,CF01S0245,CF01S0245,1,no
CF01S0246,SF06:SF06P143,,Magrach et al. (2013) Journal of Ecology 101:713- 721,resolved,crossref_bibliographic_to_openalex_doi,W2168289048,10.1111/1365-2745.12083,Forest edges show contrasting effects on an austral mistletoe due to differences in pollination and seed dispersal,OPENALEX:W2168289048,resolved_unique_work,CF01S0246,CF01S0246,1,no
CF01S0247,SF06:SF06P144,,Manoel et al. (2012) Scientia Forestalis/Forest Sciences 40:145- 155,unresolved,crossref_bibliographic_to_openalex_doi,,,,UNRESOLVED:CF01S0247,unresolved_seed_identity,CF01S0247,CF01S0247,1,no
CF01S0248,SF06:SF06P145,,Matesanz et al. (2015) Plant Biology 17:1047- 1056,resolved,crossref_bibliographic_to_openalex_doi,W2051373738,10.1111/plb.12329,Fragment size does not matter when you are well connected: effects of fragmentation on fitness of coexisting gypsophiles,OPENALEX:W2051373738,resolved_unique_work,CF01S0248,CF01S0248,1,no
CF01S0249,SF06:SF06P146,,Mathiasen et al. (2007) Conservation Biology 21:232- 240,resolved,crossref_bibliographic_to_openalex_doi,W2096109312,10.1111/j.1523-1739.2006.00565.x,"Genetic Structure and Early Effects of Inbreeding in Fragmented Temperate Forests of a Self‐Incompatible Tree, Embothrium Coccineum",OPENALEX:W2096109312,resolved_unique_work,CF01S0249,CF01S0249,1,no
CF01S0250,SF06:SF06P147,,Matos et al. (2015) Flora 211:1- 10,unresolved,crossref_bibliographic_to_openalex_doi,,,,UNRESOLVED:CF01S0250,unresolved_seed_identity,CF01S0250,CF01S0250,1,no
CF01S0251,SF06:SF06P148,,Matsumura & Washitani (2000) Ecological Research 15:307- 322,resolved,crossref_bibliographic_to_openalex_doi,W2141614308,10.1046/j.1440-1703.2000.00350.x,Effects of population size and pollinator limitation on seed‐set of Primula sieboldii populations in a fragmented landscape,OPENALEX:W2141614308,resolved_unique_work,CF01S0251,CF01S0251,1,no
CF01S0252,SF06:SF06P149,,Medan & Devoto (2017) Plant Systematics and Evolution 303:841- 851,resolved,crossref_bibliographic_to_openalex_doi,W2605669744,10.1007/s00606-017-1417-8,"Ambophily, not entomophily: the reproduction of the perennial Discaria chacaye (Rhamnaceae: Colletieae) along a rainfall gradient in Patagonia, Argentina",OPENALEX:W2605669744,resolved_unique_work,CF01S0252,CF01S0252,1,no
CF01S0253,SF06:SF06P150,,Meekers & Honnay (2011) Plant Ecology 212:1791- 1801,resolved,crossref_bibliographic_to_openalex_doi,W2049236383,10.1007/s11258-011-9949-4,Effects of habitat fragmentation on the reproductive success of the nectar-producing orchid Gymnadenia conopsea and the nectarless Orchis mascula,OPENALEX:W2049236383,resolved_unique_work,CF01S0253,CF01S0253,1,no
CF01S0254,SF06:SF06P151,,Michaels et al. (2019) The American Midland Naturalist 182:160- 180,resolved,crossref_bibliographic_to_openalex_doi,W2977937080,10.1674/0003-0031-182.2.160,"Relationships Among Population Size, Environmental Factors, and Reproduction in Lupinus perennis (Fabaceae)",OPENALEX:W2977937080,resolved_unique_work,CF01S0254,CF01S0254,1,no
CF01S0255,SF06:SF06P152,,Milberg & Bertilsson (1997) Flora 192:361- 367,resolved,crossref_bibliographic_to_openalex_doi,W2588362708,10.1016/s0367-2530(17)30806-x,What determines seed set in Dracocephalum ryuschiana L. an endangered grassland plant?,OPENALEX:W2588362708,resolved_unique_work,CF01S0255,CF01S0255,1,no
CF01S0256,SF06:SF06P153,,Millar et al. (2000) Australian Journal of Botany 48:475- 479,resolved,crossref_bibliographic_to_openalex_doi,W2069296008,10.1071/bt98088,"Mating system studies in jarrah, Eucalyptus marginata (Myrtaceae)",OPENALEX:W2069296008,resolved_unique_work,CF01S0256,CF01S0256,1,no
CF01S0257,SF06:SF06P154,,Mimura et al. (2009) 18:4180- 4192,resolved,crossref_bibliographic_to_openalex_doi,W1909916158,10.1111/j.1365-294x.2009.04350.x,Comparison of contemporary mating patterns in continuous and fragmented Eucalyptus globulus native forests,OPENALEX:W1909916158,resolved_unique_work,CF01S0257,CF01S0257,1,no
CF01S0258,SF06:SF06P155,,Montgomery et al. (2003) New Zealand Journal of Botany 41:277- 286,resolved,crossref_bibliographic_to_openalex_doi,W2042197638,10.1080/0028825x.2003.9512846,"Pollinator behaviour, not increased resources, boosts seed set on forest edges in a New Zealand Loranthaceous mistletoe",OPENALEX:W2042197638,resolved_unique_work,CF01S0258,CF01S0258,1,no
CF01S0259,SF06:SF06P156,,Moody-Weis & Heywood (2001) Am J Bot 88:1615- 1622,unresolved,crossref_bibliographic_to_openalex_doi,,,,UNRESOLVED:CF01S0259,unresolved_seed_identity,CF01S0259,CF01S0259,1,no
CF01S0260,SF06:SF06P157,,Morgan (1999) Conserv Biol 13:266- 273,resolved,crossref_bibliographic_to_openalex_doi,W1967025238,10.1046/j.1523-1739.1999.013002266.x,"Effects of Population Size on Seed Production and Germinability in an Endangered, Fragmented Grassland Plant",OPENALEX:W1967025238,resolved_unique_work,CF01S0260,CF01S0260,1,no
CF01S0261,SF06:SF06P158,,Morgan et al. (2013) International Journal of Plant Sciences 174:1209- 1218,resolved,crossref_bibliographic_to_openalex_doi,W1969320032,10.1086/673242,"Severe Habitat Fragmentation Leads to Declines in Genetic Variation, Mate Availability, and Reproductive Success in Small Populations of a Once-Common Australian Grassland Daisy",OPENALEX:W1969320032,resolved_unique_work,CF01S0261,CF01S0261,1,no
CF01S0262,SF06:SF06P159,,Mustajarvi et al. (2001) J Ecol 89:80- 87,unresolved,crossref_bibliographic_to_openalex_doi,,,,UNRESOLVED:CF01S0262,unresolved_seed_identity,CF01S0262,CF01S0262,1,no
CF01S0263,SF06:SF06P160,,Nagamitsu et al. (2016) Ecological Research 31:239- 250,resolved,crossref_bibliographic_to_openalex_doi,W2238507191,10.1007/s11284-015-1331-x,Effects of converting natural forests to coniferous plantations on fruit and seed production and mating patterns in wild cherry trees,OPENALEX:W2238507191,resolved_unique_work,CF01S0263,CF01S0263,1,no
CF01S0264,SF06:SF06P161,,Nielsen & Ims (2000) Ecoscience 7:157- 165,resolved,crossref_bibliographic_to_openalex_doi,W214136706,10.1080/11956860.2000.11682584,Bumble bee pollination of the sticky catchfly in a fragmented agricultural landscape,OPENALEX:W214136706,resolved_unique_work,CF01S0264,CF01S0264,1,no
CF01S0265,SF06:SF06P162,,O'Connell et al. (2006) Heredity 97:418- 426,unresolved,crossref_bibliographic_to_openalex_doi,,,,UNRESOLVED:CF01S0265,unresolved_seed_identity,CF01S0265,CF01S0265,1,no
CF01S0266,SF06:SF06P163,,Olotu et al. (2012) African Journal of Ecology 50:109- 116,resolved,crossref_bibliographic_to_openalex_doi,W1515281609,10.1111/j.1365-2028.2011.01302.x,"Effects of forest fragmentation on pollination of Mesogyne insignis (Moraceae) in Amani Nature Reserve forests, Tanzania",OPENALEX:W1515281609,resolved_unique_work,CF01S0266,CF01S0266,1,no
CF01S0267,SF06:SF06P164,,Omondi et al. (2018) New Forests 49:53- 65,resolved,crossref_bibliographic_to_openalex_doi,W2739654678,10.1007/s11056-017-9604-6,Mating patterns of the gum arabic tree (Acacia senegal synonym Senegalia senegal) in two different habitats,OPENALEX:W2739654678,resolved_unique_work,CF01S0267,CF01S0267,1,no
CF01S0268,SF06:SF06P165,,Oostermeijer et al. (1998) Conservation Biology 12:1042- 1053,resolved,crossref_bibliographic_to_openalex_doi,W2054448740,10.1046/j.1523-1739.1998.97090.x,Relationships between Population and Habitat Characteristics and Reproduction of the Rare Gentiana pneumonanthe L.,OPENALEX:W2054448740,resolved_unique_work,CF01S0268,CF01S0268,1,no
CF01S0269,SF06:SF06P166,,Ortego et al. (2014) Journal of Plant Ecology 7:384- 395,resolved,crossref_bibliographic_to_openalex_doi,W2153680364,10.1093/jpe/rtt049,Extensive pollen immigration and no evidence of disrupted mating patterns or reproduction in a highly fragmented holm oak stand,OPENALEX:W2153680364,resolved_unique_work,CF01S0269,CF01S0269,1,no
CF01S0270,SF06:SF06P167,,Oyama et al. (2017) Forest Ecology and Management 390:27- 35,resolved,crossref_bibliographic_to_openalex_doi,W2581007531,10.1016/j.foreco.2017.01.018,Gene flow interruption in a recently human-modified landscape: The value of isolated trees for the maintenance of genetic diversity in a Mexican endemic red oak,OPENALEX:W2581007531,resolved_unique_work,CF01S0270,CF01S0270,1,no
CF01S0271,SF06:SF06P168,,Parra-Tabla et al. (2011) Biotropica 43:640- 647,unresolved,crossref_bibliographic_to_openalex_doi,,,,UNRESOLVED:CF01S0271,unresolved_seed_identity,CF01S0271,CF01S0271,1,no
CF01S0272,SF06:SF06P169,,Parraguirre-Lezama et al. (2004) Agrociencia 38:107- 119,unresolved,crossref_bibliographic_to_openalex_doi,,,,UNRESOLVED:CF01S0272,unresolved_seed_identity,CF01S0272,CF01S0272,1,no
CF01S0273,SF06:SF06P170,,ParraTabla et al. (2000) Biol Conserv 94:335- 340,unresolved,crossref_bibliographic_to_openalex_doi,,,,UNRESOLVED:CF01S0273,unresolved_seed_identity,CF01S0273,CF01S0273,1,no
CF01S0274,SF06:SF06P171,,Paschke et al. (2002) Am J Bot 89:1250- 1259,resolved,crossref_bibliographic_to_openalex_doi,W2034185921,10.3732/ajb.89.8.1250,Effects of population size and pollen diversity on reproductive success and offspring size in the narrow endemic Cochlearia bavarica (Brassicaceae),OPENALEX:W2034185921,resolved_unique_work,CF01S0274,CF01S0274,1,no
CF01S0275,SF06:SF06P172,,Pauw (2007) Ecology 88:1759- 1769,resolved,crossref_bibliographic_to_openalex_doi,W2002469834,10.1890/06-1383.1,COLLAPSE OF A POLLINATION WEB IN SMALL CONSERVATION AREAS,OPENALEX:W2002469834,resolved_unique_work,CF01S0275,CF01S0275,1,no
CF01S0276,SF06:SF06P173,,Pearion (2015) The Journal of the Torrey Botanical Society 142:38- 50,resolved,crossref_bibliographic_to_openalex_doi,W2124480212,10.3159/torrey-d-14-00016.1,The reproductive ecology ofMononeuria patula(Michx.) Dillenb. and Kadereit (Caryophyllaceae)1,OPENALEX:W2124480212,resolved_unique_work,CF01S0276,CF01S0276,1,no
CF01S0277,SF06:SF06P174,,Pellegrino & Bellusci (2014) Botanical Journal of the Linnean Society 176:408- 420,resolved,crossref_bibliographic_to_openalex_doi,W1526630455,10.1111/boj.12204,Effects of human disturbance on reproductive success and population viability ofSerapias cordigera(Orchidaceae),OPENALEX:W1526630455,resolved_unique_work,CF01S0277,CF01S0277,1,no
CF01S0278,SF06:SF06P176,,Pereyra et al. (2015) Arthropod-Plant Interactions 9:175- 186,resolved,crossref_bibliographic_to_openalex_doi,W2084136327,10.1007/s11829-015-9361-4,Does edge effect and patch size affect the interaction between ants and Croton lachnostachyus in fragmented landscapes of Chaco forest?,OPENALEX:W2084136327,resolved_unique_work,CF01S0278,CF01S0278,1,no
CF01S0279,SF06:SF06P177,,Pierce et al. (2018) Biodiversity and Conservation 27:891- 905,resolved,crossref_bibliographic_to_openalex_doi,W2769029362,10.1007/s10531-017-1470-1,Identifying population thresholds for flowering plant reproductive success: the marsh gentian (Gentiana pneumonanthe) as a flagship species of humid meadows and heathland,OPENALEX:W2769029362,resolved_unique_work,CF01S0279,CF01S0279,1,no
CF01S0280,SF06:SF06P178,,Pires et al. (2014) Austral Ecology 39: 328- 336,resolved,crossref_bibliographic_to_openalex_doi,W1886131525,10.1111/aec.12082,"Plant size, flowering synchrony and edge effects: What, how and where they affect the reproductive success of a Neotropical tree species",OPENALEX:W1886131525,resolved_unique_work,CF01S0280,CF01S0280,1,no
CF01S0281,SF06:SF06P179,,Pol et al. (2019) Tropical Ecology 60:462- 471,resolved,crossref_bibliographic_to_openalex_doi,W2990336274,10.1007/s42965-019-00049-6,Effects of forest fragmentation on Ficus adhatodifolia Schott ex Spreng phenology and on its interactions with wasps,OPENALEX:W2990336274,resolved_unique_work,CF01S0281,CF01S0281,1,no
CF01S0282,SF06:SF06P180,,Quesada et al. (2003) Oecologia 135:400- 406,resolved,crossref_bibliographic_to_openalex_doi,W2113217791,10.1007/s00442-003-1234-3,Effects of habitat disruption on the activity of nectarivorous bats (Chiroptera: Phyllostomidae) in a dry tropical forest: implications for the reproductive success of the neotropical tree Ceiba grandiflora,OPENALEX:W2113217791,resolved_unique_work,CF01S0282,CF01S0282,1,no
CF01S0283,SF06:SF06P181,,Quesada et al. (2004) Biotropica 36:131- 138,resolved,crossref_bibliographic_to_openalex_doi,W2147325905,10.1111/j.1744-7429.2004.tb00305.x,Effects of Forest Fragmentation on Pollinator Activity and Consequences for Plant Reproductive Success and Mating Patterns in Bat‐pollinated Bombacaceous Trees1,OPENALEX:W2147325905,resolved_unique_work,CF01S0283,CF01S0283,1,no
CF01S0284,SF06:SF06P182,,Quesada et al. (2013) American Journal of Botany 100:1095- 1101,resolved,crossref_bibliographic_to_openalex_doi,W2156741059,10.3732/ajb.1200542,"Long‐term effects of habitat fragmentation on mating patterns and gene flow of a tropical dry forest tree, Ceiba aesculifolia (Malvaceae: Bombacoideae)",OPENALEX:W2156741059,resolved_unique_work,CF01S0284,CF01S0284,1,no
CF01S0285,SF06:SF06P183,,Rabasa et al. (2009) Plant Ecology 200:241- 254,resolved,crossref_bibliographic_to_openalex_doi,W1997570828,10.1007/s11258-008-9448-4,Temporal variation in the effects of habitat fragmentation on reproduction of the Mediterranean shrub Colutea hispanica,OPENALEX:W1997570828,resolved_unique_work,CF01S0285,CF01S0285,1,no
CF01S0286,SF06:SF06P184,,Ramos & Santos (2006) Biotropica 38:383- 389,resolved,crossref_bibliographic_to_openalex_doi,W2155439862,10.1111/j.1744-7429.2006.00152.x,Floral Visitors and Pollination of Psychotria tenuinervis (Rubiaceae): Distance from the Anthropogenic and Natural Edges of an Atlantic Forest Fragment1,OPENALEX:W2155439862,resolved_unique_work,CF01S0286,CF01S0286,1,no
CF01S0287,SF06:SF06P185,,Ramos et al. (2008) Biochemical Genetics 46:88- 100,resolved,crossref_bibliographic_to_openalex_doi,W2109893137,10.1007/s10528-007-9132-8,Mating Systems of Psychotria tenuinervis (Rubiaceae): Distance from Anthropogenic and Natural Edges of Atlantic Forest Fragment,OPENALEX:W2109893137,resolved_unique_work,CF01S0287,CF01S0287,1,no
CF01S0288,SF06:SF06P186,,Rey et al. (2018) Plant Biology 20:1083- 1092,resolved,crossref_bibliographic_to_openalex_doi,W2809479515,10.1111/plb.12870,Regeneration of a keystone semiarid shrub over its range in Spain: habitat degradation overrides the positive effects of plant–animal mutualisms,OPENALEX:W2809479515,resolved_unique_work,CF01S0288,CF01S0288,1,no
CF01S0289,SF06:SF06P187,,Ribeiro & Lovato (2004) Genetics and Molecular Biology 27: 418- 424,resolved,crossref_bibliographic_to_openalex_doi,W2107191908,10.1590/s1415-47572004000300018,"Mating system in a neotropical tree species, Senna multijuga (Fabaceae)",OPENALEX:W2107191908,resolved_unique_work,CF01S0289,CF01S0289,1,no
CF01S0290,SF06:SF06P188,,Robledo-Arnuncio et al. (2004) Molecular Ecology 13:2567- 2577,unresolved,crossref_bibliographic_to_openalex_doi,,,,UNRESOLVED:CF01S0290,unresolved_seed_identity,CF01S0290,CF01S0290,1,no
CF01S0291,SF06:SF06P189,,Rocha & Aguilar (2001) Am J Bot 88:1607- 1614,resolved,crossref_bibliographic_to_openalex_doi,W2090802506,10.2307/3558405,Reproductive biology of the dry forest tree Enterolobium cyclocarpum (guanacaste) in Costa Rica: a comparison between trees left in pastures and trees in continuous forest,OPENALEX:W2090802506,resolved_unique_work,CF01S0291,CF01S0291,1,no
CF01S0292,SF06:SF06P190,,Rosas et al. (2011) Biological Conservation 144:3082- 3088,resolved,crossref_bibliographic_to_openalex_doi,W2073495424,10.1016/j.biocon.2011.10.003,Effects of habitat fragmentation on pollen flow and genetic diversity of the endangered tropical tree Swietenia humilis (Meliaceae),OPENALEX:W2073495424,resolved_unique_work,CF01S0292,CF01S0292,1,no
CF01S0293,SF06:SF06P191,,Rossetto et al. (2004) Biol Conserv 117:33- 39,resolved,crossref_bibliographic_to_openalex_doi,W1990559765,10.1016/s0006-3207(03)00260-x,The impact of clonality on an endangered tree (Elaeocarpus williamsianus) in a fragmented rainforest,OPENALEX:W1990559765,resolved_unique_work,CF01S0293,CF01S0293,1,no
CF01S0294,SF06:SF06P192,,Sampson & Byrne (2008) Molecular Ecology 17:2769- 2781,resolved,crossref_bibliographic_to_openalex_doi,W2149497265,10.1111/j.1365-294x.2008.03779.x,Outcrossing between an agroforestry plantation and remnant native populations of Eucalyptus loxophleba,OPENALEX:W2149497265,resolved_unique_work,CF01S0294,CF01S0294,1,no
CF01S0295,SF06:SF06P193,,Sampson et al. (2014) Heredity 112:172- 181,resolved,crossref_bibliographic_to_openalex_doi,W2082001707,10.1038/hdy.2013.89,"Contemporary pollen-mediated gene immigration reflects the historical isolation of a rare, animal-pollinated shrub in a fragmented landscape",OPENALEX:W2082001707,resolved_unique_work,CF01S0295,CF01S0295,1,no
CF01S0296,SF06:SF06P194,,Sampson et al. (2016) Ecology and Evolution 6:5867- 5880,resolved,crossref_bibliographic_to_openalex_doi,W2494797206,10.1002/ece3.2322,Limiting inbreeding in disjunct and isolated populations of a woody shrub,OPENALEX:W2494797206,resolved_unique_work,CF01S0296,CF01S0296,1,no
CF01S0297,SF06:SF06P195,,Scaccabarozzi et al. (2020) Botanical Journal of the Linnean Society 194:253- 269,resolved,crossref_bibliographic_to_openalex_doi,W3047481134,10.1093/botlinnean/boaa039,Ecological factors driving pollination success in an orchid that mimics a range of Fabaceae,OPENALEX:W3047481134,resolved_unique_work,CF01S0297,CF01S0297,1,no
CF01S0298,SF06:SF06P196,,Schmidt & Jensen (2000) Am J Bot 87:678- 689,resolved,crossref_bibliographic_to_openalex_doi,W2105468327,10.2307/2656854,Genetic structure and AFLP variation of remnant populations in the rare plant Pedicularis palustris (Scrophulariaceae) and its relation to population size and reproductive components,OPENALEX:W2105468327,resolved_unique_work,CF01S0298,CF01S0298,1,no
CF01S0299,SF06:SF06P197,,Schmucki & De Blois (2009) Oecologia 160:721- 733,resolved,crossref_bibliographic_to_openalex_doi,W2070263847,10.1007/s00442-009-1347-4,Pollination and reproduction of a self-incompatible forest herb in hedgerow corridors and forest patches,OPENALEX:W2070263847,resolved_unique_work,CF01S0299,CF01S0299,1,no
CF01S0300,SF06:SF06P198,,Seoane et al. (2005) Scientia Forestalis 69:13- 24,unresolved,crossref_bibliographic_to_openalex_doi,,,,UNRESOLVED:CF01S0300,unresolved_seed_identity,CF01S0300,CF01S0300,1,no
CF01S0301,SF06:SF06P199,,Severns (2003) Biol Conserv 110:221- 229,resolved,crossref_bibliographic_to_openalex_doi,W2002140468,10.1016/s0006-3207(02)00191-x,"Inbreeding and small population size reduce seed set in a threatened and fragmented plant species, Lupinus sulphureus ssp. kincaidii (Fabaceae)",OPENALEX:W2002140468,resolved_unique_work,CF01S0301,CF01S0301,1,no
CF01S0302,SF06:SF06P200,,Shao et al. (2008) Journal of Integrative Plant Biology 50:1151- 1160,resolved,crossref_bibliographic_to_openalex_doi,W2153005955,10.1111/j.1744-7909.2008.00655.x,Effects of Population Size on Reproductive Success of the Endangered and Endemic Species Primula merrilliana,OPENALEX:W2153005955,resolved_unique_work,CF01S0302,CF01S0302,1,no
CF01S0303,SF06:SF06P201,,Silva et al. (2014) Revista de Biología Tropical 62:369- 380,unresolved,crossref_bibliographic_to_openalex_doi,,,,UNRESOLVED:CF01S0303,unresolved_seed_identity,CF01S0303,CF01S0303,1,no
CF01S0304,SF06:SF06P202,,Smith-Ramirez & Armesto (2003) Aus Ecol 28:53- 60,unresolved,crossref_bibliographic_to_openalex_doi,,,,UNRESOLVED:CF01S0304,unresolved_seed_identity,CF01S0304,CF01S0304,1,no
CF01S0305,SF06:SF06P203,,Smith-Ramírez et al. (2007) Biodiversity Loss & Conservation 102- 119,unresolved,crossref_bibliographic_to_openalex_doi,,,,UNRESOLVED:CF01S0305,unresolved_seed_identity,CF01S0305,CF01S0305,1,no
CF01S0306,SF06:SF06P204,,Somanathan & Borges (2000) Biol Conserv 94:243- 256,resolved,crossref_bibliographic_to_openalex_doi,W2166491481,10.1016/s0006-3207(99)00170-6,"Influence of exploitation on population structure, spatial distribution and reproductive success of dioecious species in a fragmented cloud forest in India",OPENALEX:W2166491481,resolved_unique_work,CF01S0306,CF01S0306,1,no
CF01S0307,SF06:SF06P205,,Sonne & Hauser (2014) Annales Botanici Fennici 51:375- 386,resolved,crossref_bibliographic_to_openalex_doi,W2158945500,10.5735/085.051.0603,"Population Fluctuations, Losses to Grazing, and Reproductive Success ofDactylorhiza sambucinaon Bornholm, Denmark",OPENALEX:W2158945500,resolved_unique_work,CF01S0307,CF01S0307,1,no
CF01S0308,SF06:SF06P206,,Spigler (2018) Annals of Botany 121:513- 524,resolved,crossref_bibliographic_to_openalex_doi,W2782984351,10.1093/aob/mcx184,Small and surrounded: population size and land use intensity interact to determine reliance on autonomous selfing in a monocarpic plant,OPENALEX:W2782984351,resolved_unique_work,CF01S0308,CF01S0308,1,no
CF01S0309,SF06:SF06P207,,Steffan-Dewenter & Tscharntke (1996) VII International Symposium on Pollination 437 (pp. 231- 234),unresolved,crossref_bibliographic_to_openalex_doi,,,,UNRESOLVED:CF01S0309,unresolved_seed_identity,CF01S0309,CF01S0309,1,no
CF01S0310,SF06:SF06P208,,Steffan-Dewenter & Tscharntke (1999) Oecologia 121:432- 440,unresolved,crossref_bibliographic_to_openalex_doi,,,,UNRESOLVED:CF01S0310,unresolved_seed_identity,CF01S0310,CF01S0310,1,no
CF01S0311,SF06:SF06P209,,Steffan-Dewenter et al. (2001) Proc Royal Soc London S B: Biol Sci 268:1685- 1690,unresolved,crossref_bibliographic_to_openalex_doi,,,,UNRESOLVED:CF01S0311,unresolved_seed_identity,CF01S0311,CF01S0311,1,no
CF01S0312,SF06:SF06P210,10.1093/aobpla/ply038,Sáyago et al. (2018) AoB Plants 10: ply038,resolved,openalex_doi_exact,W2809358719,10.1093/aobpla/ply038,Consequences of Habitat Fragmentation on the Reproductive Success of two Tillandsia species with Contrasting Life History Strategies,OPENALEX:W2809358719,resolved_unique_work,CF01S0312,CF01S0312,1,no
CF01S0313,SF06:SF06P211,,Sõber et al. (2009) Basic and Applied Ecology 10:737- 744,resolved,crossref_bibliographic_to_openalex_doi,W2018973234,10.1016/j.baae.2009.06.003,Contrasting effects of plant population size on florivory and pollination,OPENALEX:W2018973234,resolved_unique_work,CF01S0313,CF01S0313,1,no
CF01S0314,SF06:SF06P212,,Tamaki et al. (2009) Molecular Ecology 18: 2365- 2374,resolved,crossref_bibliographic_to_openalex_doi,W1964306664,10.1111/j.1365-294x.2009.04195.x,Interpopulation variation in mating system and late‐stage inbreeding depression in Magnolia stellata,OPENALEX:W1964306664,resolved_unique_work,CF01S0314,CF01S0314,1,no
CF01S0315,SF06:SF06P213,,Tambarussi et al. (2016) International Forestry Review 18:502- 510,resolved,crossref_bibliographic_to_openalex_doi,W2560643079,10.1505/146554816820127550,Several small: how inbreeding affects conservation of Cariniana legalis Mart. Kuntze (Lecythidaceae) the Brazilian Atlantic Forest's largest tree,OPENALEX:W2560643079,resolved_unique_work,CF01S0315,CF01S0315,1,no
CF01S0316,SF06:SF06P214,,Tewksbury et al. (2002) PNAS 99:12923- 12926,resolved,crossref_bibliographic_to_openalex_doi,W2037814319,10.1073/pnas.202242699,"Corridors affect plants, animals, and their interactions in fragmented landscapes",OPENALEX:W2037814319,resolved_unique_work,CF01S0316,CF01S0316,1,no
CF01S0317,SF06:SF06P215,,Tomimatsu & Ohara (2002) Conserv Biol 16:1277- 1285,resolved,crossref_bibliographic_to_openalex_doi,W2126000433,10.1046/j.1523-1739.2002.00412.x,Effects of Forest Fragmentation on Seed Production of the Understory Herb Trillium camschatcense,OPENALEX:W2126000433,resolved_unique_work,CF01S0317,CF01S0317,1,no
CF01S0318,SF06:SF06P216,,Tsaliki & Diekmann (2010) Plant Biology 12:622- 629,unresolved,crossref_bibliographic_to_openalex_doi,,,,UNRESOLVED:CF01S0318,unresolved_seed_identity,CF01S0318,CF01S0318,1,no
CF01S0319,SF06:SF06P217,,Tscheulin & Petanidou (2011) Apidologie 42:67- 77,resolved,crossref_bibliographic_to_openalex_doi,W2112400931,10.1051/apido/2010035,Does spatial population structure affect seed set in pollen-limited Thymus capitatus?,OPENALEX:W2112400931,resolved_unique_work,CF01S0319,CF01S0319,1,no
CF01S0320,SF06:SF06P218,,Valdivia et al. (2005) Biodiversity & Conservation 15:1845- 1856,unresolved,crossref_bibliographic_to_openalex_doi,,,,UNRESOLVED:CF01S0320,unresolved_seed_identity,CF01S0320,CF01S0320,1,no
CF01S0321,SF06:SF06P219,,Valdés & García (2011) Journal of Applied Ecology 48:1422- 1431,resolved,crossref_bibliographic_to_openalex_doi,W1484255965,10.1111/j.1365-2664.2011.02047.x,Direct and indirect effects of landscape change on the reproduction of a temperate perennial herb,OPENALEX:W1484255965,resolved_unique_work,CF01S0321,CF01S0321,1,no
CF01S0322,SF06:SF06P220,,Vallius et al. (2007) Nordic Journal of Botany 25:183- 189,resolved,crossref_bibliographic_to_openalex_doi,W1978609652,10.1111/j.0107-055x.2007.00051.x,Reproductive success of Dactylorhiza incarnata ssp. incarnata (Orchidaceae): the effects of population size and plant visibility,OPENALEX:W1978609652,resolved_unique_work,CF01S0322,CF01S0322,1,no
CF01S0323,SF06:SF06P221,,van Kleulen & Johnson (2005) American Journal of Botany 92:1124- 1130,unresolved,crossref_bibliographic_to_openalex_doi,,,,UNRESOLVED:CF01S0323,unresolved_seed_identity,CF01S0323,CF01S0323,1,no
CF01S0324,SF06:SF06P222,,Van Rossum (2002) Conserv Biol 16:1286- 1295,unresolved,crossref_bibliographic_to_openalex_doi,,,,UNRESOLVED:CF01S0324,unresolved_seed_identity,CF01S0324,CF01S0324,1,no
CF01S0325,SF06:SF06P223,,Van Rossum (2009) Belgian Journal of Botany 98- 110,unresolved,crossref_bibliographic_to_openalex_doi,,,,UNRESOLVED:CF01S0325,unresolved_seed_identity,CF01S0325,CF01S0325,1,no
CF01S0326,SF06:SF06P224,,"Van Rossum (2010) Perspective in Plant Ecology, Evolution and Systematics 12:21- 29",unresolved,crossref_bibliographic_to_openalex_doi,,,,UNRESOLVED:CF01S0326,unresolved_seed_identity,CF01S0326,CF01S0326,1,no
CF01S0327,SF06:SF06P225,,Van Rossum et al. (2006) Acta Oecologica 30:426- 433,unresolved,crossref_bibliographic_to_openalex_doi,,,,UNRESOLVED:CF01S0327,unresolved_seed_identity,CF01S0327,CF01S0327,1,no
CF01S0328,SF06:SF06P226,,Vivarelli et al. (2011) Botanical Journal of the Linnean Society 165:267- 277,resolved,crossref_bibliographic_to_openalex_doi,W2160202255,10.1111/j.1095-8339.2010.01105.x,"Small-size bees reduce male fitness of the flowers of Ononis masquillierii (Fabaceae), a rare endemic plant in the northern Apennines",OPENALEX:W2160202255,resolved_unique_work,CF01S0328,CF01S0328,1,no
CF01S0329,SF06:SF06P227,,Vranckx et al. (2014) Forest Ecology and Management 312:19- 27,resolved,crossref_bibliographic_to_openalex_doi,W2058955642,10.1016/j.foreco.2013.10.027,Transmission of genetic variation from the adult generation to naturally established seedling cohorts in small forest stands of pedunculate oak (Quercus robur L.),OPENALEX:W2058955642,resolved_unique_work,CF01S0329,CF01S0329,1,no
CF01S0330,SF06:SF06P228,,Vranckx et al. (2014) Forest Ecology and Management 328:254- 261,resolved,crossref_bibliographic_to_openalex_doi,W2141175257,10.1016/j.foreco.2014.05.044,Tree density and population size affect pollen flow and mating patterns in small fragmented forest stands of pedunculate oak ( Quercus robur L.),OPENALEX:W2141175257,resolved_unique_work,CF01S0330,CF01S0330,1,no
CF01S0331,SF06:SF06P229,,Wagenius & Lyon (2010) Ecology 91:733- 742,resolved,crossref_bibliographic_to_openalex_doi,W2034822410,10.1890/08-1375.1,Reproduction of Echinacea angustifolia in fragmented prairie is pollen‐limited but not pollinator‐limited,OPENALEX:W2034822410,resolved_unique_work,CF01S0331,CF01S0331,1,no
CF01S0332,SF06:SF06P230,,Wagenius (2006) Ecology 87:931- 941,resolved,crossref_bibliographic_to_openalex_doi,W2023132481,10.1890/0012-9658(2006)87[931:sdorfi]2.0.co;2,SCALE DEPENDENCE OF REPRODUCTIVE FAILURE IN FRAGMENTED Echinacea POPULATIONS,OPENALEX:W2023132481,resolved_unique_work,CF01S0332,CF01S0332,1,no
CF01S0333,SF06:SF06P231,,Waites & Agren (2004) Journal of Ecology 92:512- 526,resolved,crossref_bibliographic_to_openalex_doi,W1986673290,10.1111/j.0022-0477.2004.00893.x,"Pollinator visitation, stigmatic pollen loads and among‐population variation in seed set in Lythrum salicaria",OPENALEX:W1986673290,resolved_duplicate_work,CF01S0333,CF01S0333;CF01S0334,2,no
CF01S0334,SF06:SF06P232,,Waites & Ågren (2004) Journal of ecology 92:512- 526,resolved,crossref_bibliographic_to_openalex_doi,W1986673290,10.1111/j.0022-0477.2004.00893.x,"Pollinator visitation, stigmatic pollen loads and among‐population variation in seed set in Lythrum salicaria",OPENALEX:W1986673290,resolved_duplicate_work,CF01S0333,CF01S0333;CF01S0334,2,no
CF01S0335,SF06:SF06P233,,Wang et al. (2010) Forest Ecology and Management 260:2180- 2188,resolved,crossref_bibliographic_to_openalex_doi,W1986583025,10.1016/j.foreco.2010.09.016,Contemporary pollen flow and mating patterns of a subtropical canopy tree Eurycorymbus cavaleriei in a fragmented agricultural landscape,OPENALEX:W1986583025,resolved_unique_work,CF01S0335,CF01S0335,1,no
CF01S0336,SF06:SF06P234,,Wang et al. (2012) PloS One 7:e48731,unresolved,crossref_bibliographic_to_openalex_doi,,,,UNRESOLVED:CF01S0336,unresolved_seed_identity,CF01S0336,CF01S0336,1,no
CF01S0337,SF06:SF06P235,,Warburton et al. (2000) Conserv Biol 96:45- 54,resolved,crossref_bibliographic_to_openalex_doi,W2049989165,10.1016/s0006-3207(00)00049-5,Clonality and sexual reproductive failure in remnant populations of Santalum lanceolatum (Santalaceae),OPENALEX:W2049989165,resolved_unique_work,CF01S0337,CF01S0337,1,no
CF01S0338,SF06:SF06P236,,Ward et al. (2013) Oecologia 171:883- 891,resolved,crossref_bibliographic_to_openalex_doi,W2082780934,10.1007/s00442-012-2463-0,When bigger is not better: intraspecific competition for pollination increases with population size in invasive milkweeds,OPENALEX:W2082780934,resolved_unique_work,CF01S0338,CF01S0338,1,no
CF01S0339,SF06:SF06P237,,Watanabe et al. (2003) Pl Sp Biol 18:107- 121,resolved,crossref_bibliographic_to_openalex_doi,W2135959423,10.1111/j.1442-1984.2003.00091.x,Effects of population spatial structure on the quantity and quality of seeds set by Primula sieboldii (Primulaceae),OPENALEX:W2135959423,resolved_unique_work,CF01S0339,CF01S0339,1,no
CF01S0340,SF06:SF06P238,,Weber & Kolb (2011) Evolutionary Ecology 25:417- 428,resolved,crossref_bibliographic_to_openalex_doi,W2022435166,10.1007/s10682-010-9430-1,Evolutionary consequences of habitat fragmentation: population size and density affect selection on inflorescence size in a perennial herb,OPENALEX:W2022435166,resolved_unique_work,CF01S0340,CF01S0340,1,no
CF01S0341,SF06:SF06P239,,Winter et al. (2008) Biological conservation 141:1095- 1104,resolved,crossref_bibliographic_to_openalex_doi,W2159530123,10.1016/j.biocon.2008.02.002,Determinants of reproductive success: A comparative study of five endangered river corridor plants in fragmented habitats,OPENALEX:W2159530123,resolved_unique_work,CF01S0341,CF01S0341,1,no
CF01S0342,SF06:SF06P240,,Wolf et al. (2000) Conservation Biology 14:454- 463,resolved,crossref_bibliographic_to_openalex_doi,W2022969397,10.1046/j.1523-1739.2000.98499.x,Influence of Habitat Patchiness on Genetic Diversity and Spatial Structure of a Serpentine Endemic Plant,OPENALEX:W2022969397,resolved_unique_work,CF01S0342,CF01S0342,1,no
CF01S0343,SF06:SF06P241,,Woods et al. (2022) Landscape Ecology 37:1059- 1073,resolved,crossref_bibliographic_to_openalex_doi,W4210372776,10.1007/s10980-022-01407-x,"Independent, but not synergistic, effects of climate and landscape structure drive pollination and subsequent reproduction in a tropical plant, Heliconia tortuosa",OPENALEX:W4210372776,resolved_unique_work,CF01S0343,CF01S0343,1,no
CF01S0344,SF06:SF06P242,,Yates & Ladd (2004) Austral Ecology 29:189- 200,resolved,crossref_bibliographic_to_openalex_doi,W1490532291,10.1111/j.1442-9993.2004.01336.x,"Breeding system, pollination and demography in the rare granite endemic shrub Verticordia staminosa ssp. staminosa in south‐west Western Australia",OPENALEX:W1490532291,resolved_unique_work,CF01S0344,CF01S0344,1,no
CF01S0345,SF06:SF06P243,,Yates & Ladd (2005) Conserv Biol 19:239- 249,resolved,crossref_bibliographic_to_openalex_doi,W2110550564,10.1111/j.1523-1739.2005.00286.x,Relative Importance of Reproductive Biology and Establishment Ecology for Persistence of a Rare Shrub in a Fragmented Landscape,OPENALEX:W2110550564,resolved_unique_work,CF01S0345,CF01S0345,1,no
CF01S0346,SF06:SF06P244,,Yates et al. (2007) Biodiversity and Conservation 16:1379- 1395,resolved,crossref_bibliographic_to_openalex_doi,W2076235360,10.1007/s10531-006-6736-y,"Composition of the pollinator community, pollination and the mating system for a shrub in fragments of species rich kwongan in south-west Western Australia",OPENALEX:W2076235360,resolved_unique_work,CF01S0346,CF01S0346,1,no
CF01S0347,SF06:SF06P245,,Yates et al. (2007) Biological Conservation 136:306- 314.,resolved,crossref_bibliographic_to_openalex_doi,W2130310643,10.1016/j.biocon.2006.12.003,"Seed production, germinability and seedling growth for a bird-pollinated shrub in fragments of kwongan in south-west Australia",OPENALEX:W2130310643,resolved_unique_work,CF01S0347,CF01S0347,1,no
CF01S0348,SF06:SF06P246,,Yezzi et al. (2020) Plant Ecology 221:1275- 1291,resolved,crossref_bibliographic_to_openalex_doi,W3088826048,10.1007/s11258-020-01081-6,Fragmentation and grassland plants: individual and transgenerational effects,OPENALEX:W3088826048,resolved_unique_work,CF01S0348,CF01S0348,1,no
CF01S0349,SF06:SF06P247,,Young & Brown (1999) Genetics Research 73:111- 117,resolved,crossref_bibliographic_to_openalex_doi,W2064911416,10.1017/s0016672398003668,Paternal bottlenecks in fragmented populations of the grassland daisy Rutidosis leptorrhynchoides,OPENALEX:W2064911416,resolved_unique_work,CF01S0349,CF01S0349,1,no
CF01S0350,SF06:SF06P248,,Young & Pickup (2010) Journal of Applied Ecology 47:541- 548,resolved,crossref_bibliographic_to_openalex_doi,W2145999351,10.1111/j.1365-2664.2010.01798.x,"Low S-allele numbers limit mate availability, reduce seed set and skew fitness in small populations of a self-incompatible plant",OPENALEX:W2145999351,resolved_unique_work,CF01S0350,CF01S0350,1,no
CF01S0351,SF06:SF06P249,,Yuan et al. (2021) Tropical Ecology 62:27- 33,resolved,crossref_bibliographic_to_openalex_doi,W3103941664,10.1007/s42965-020-00119-0,"Effects of habitat fragmentation on the demography of the critically endangered tree Pterospermum kingtungense (Sterculiaceae) in Yunnan, China",OPENALEX:W3103941664,resolved_unique_work,CF01S0351,CF01S0351,1,no
CF01S0352,SF06:SF06P250,,Zhang & Lou (2015) Journal of Plant Ecology 8:154- 158,resolved,crossref_bibliographic_to_openalex_doi,W1967409147,10.1093/jpe/rtv013,Pollen limitation in invasive populations of Solanum rostratum and its relationship to population size,OPENALEX:W1967409147,resolved_unique_work,CF01S0352,CF01S0352,1,no
CF01S0353,SF06:SF06P252,,Zhao et al. (2014) Botanical Studies 56:1- 9,resolved,crossref_bibliographic_to_openalex_doi,W2150796394,10.1186/s40529-015-0095-5,"Scale-dependent effects of habitat fragmentation on reproduction in the annual Circaeaster agristis, a narrow endemic and threatened species",OPENALEX:W2150796394,resolved_unique_work,CF01S0353,CF01S0353,1,no
CF01S0354,SF06:SF06P253,,Zhou et al. (2016) Scientific Reports 6:21435,unresolved,crossref_bibliographic_to_openalex_doi,,,,UNRESOLVED:CF01S0354,unresolved_seed_identity,CF01S0354,CF01S0354,1,no
CF01S0355,SF06:SF06P254,,Ågren (1996) Ecology 77:1779- 1790,resolved,crossref_bibliographic_to_openalex_doi,W2052186066,10.2307/2265783,"Population Size, Pollinator Limitation, and Seed Set in the Self‐ Incompatible Herb Lythrum Salicaria",OPENALEX:W2052186066,resolved_unique_work,CF01S0355,CF01S0355,1,no
CF01S0356,SF06:SF06P255,,Ågren et al. (2008) Journal of Ecology 96:334- 345,resolved,crossref_bibliographic_to_openalex_doi,W2169969543,10.1111/j.1365-2745.2007.01334.x,Spatio‐temporal variation in fruit production and seed predation in a perennial herb influenced by habitat quality and population size,OPENALEX:W2169969543,resolved_unique_work,CF01S0356,CF01S0356,1,no
CF01S0357,duplicate:bartlewicz|2015,,Bartlewicz et al. (2015) Biological Journal of the Linnean Society 116: 603-613,resolved,crossref_bibliographic_to_openalex_doi,W2170136917,10.1111/bij.12602,Population genetic diversity of the clonal self-incompatible herbaceous plantLinaria vulgarisalong an urbanization gradient,OPENALEX:W2170136917,resolved_unique_work,CF01S0357,CF01S0357,1,no
CF01S0358,duplicate:browne|2015,10.1038/hdy.2015.35,Browne et al. (2015) Heredity 115: 389-395,resolved,openalex_doi_exact,W2047537074,10.1038/hdy.2015.35,Short-term genetic consequences of habitat loss and fragmentation for the neotropical palm Oenocarpus bataua,OPENALEX:W2047537074,resolved_unique_work,CF01S0358,CF01S0358,1,no
CF01S0359,duplicate:collevatti|2014,10.1007/s00606-014-0997-9,Collevatti et al. (2014) Plant Systematics and Evolution 300: 1719-172,resolved,openalex_doi_exact,W2053291543,10.1007/s00606-014-0997-9,Contrasting spatial genetic structure in Annona crassiflora populations from fragmented and pristine savannas,OPENALEX:W2053291543,resolved_unique_work,CF01S0359,CF01S0359,1,no
CF01S0360,duplicate:giombini|2017,10.1038/hdy.2016.130,Giombini et al. (2017) Heredity 118: 568-577,resolved,openalex_doi_exact,W2580447405,10.1038/hdy.2016.130,Early genetic consequences of defaunation in a large-seeded vertebrate-dispersed palm (Syagrus romanzoffiana),OPENALEX:W2580447405,resolved_unique_work,CF01S0360,CF01S0360,1,no
CF01S0361,duplicate:lompo|2020,10.1002/ajb2.1504,"Lompo, D., Vinceti, B., Konrad, H., Duminil, J., Geburek, T., 2020. Fine-scale spatial genetic structure, mating, and gene dispersal patterns in Parkia biglobosa populations with different levels of habitat fragmentation. Appl. Plant Sci. 107, 1041–1053. https://doi.org/10.1002/ajb2.1504",resolved,openalex_doi_exact,W3041695086,10.1002/ajb2.1504,"Fine‐scale spatial genetic structure, mating, and gene dispersal patterns in Parkia biglobosa populations with different levels of habitat fragmentation",OPENALEX:W3041695086,resolved_unique_work,CF01S0361,CF01S0361,1,no
CF01S0362,duplicate:pellegrino|2015,10.1186/s12870-015-0600-8,Pellegrino et al. (2015) BMC Plant Biology 15: art222,resolved,openalex_doi_exact,W2118060448,10.1186/s12870-015-0600-8,"Effects of population structure on pollen flow, clonality rates and reproductive success in fragmented Serapias lingua populations",OPENALEX:W2118060448,resolved_unique_work,CF01S0362,CF01S0362,1,no
CF01S0363,duplicate:zhao|2009,10.3732/ajb.0800173,"Zhao, R., Xia, H., Lu, B.R., 2009. Fine-scale genetic structure enhances biparental inbreeding by promoting mating events between more related individuals in wild soybean (Glycine soja; Fabaceae) populations. Am. J. Bot. 96, 1138–1147. https://doi.org/10.3732/ajb.0800173",resolved,openalex_doi_exact,W2105630610,10.3732/ajb.0800173,Fine‐scale genetic structure enhances biparental inbreeding by promoting mating events between more related individuals in wild soybean (Glycine soja; Fabaceae) populations,OPENALEX:W2105630610,resolved_unique_work,CF01S0363,CF01S0363,1,no
